{
    "smpdb": "SMP0000076",
    "name": "Thiamine Metabolism",
    "class": "Metabolic",
    "description": "Thiamine, (Vitamin B1), is a compound found in many different foods such as beans, seafood, meats and yogurt. It is usually maintained by the consumption of whole grains. It is an essential part of energy metabolism. This means that thiamine helps convert carbohydrates into energy. Eating carbohydrates increases the need for this vitamin, as your body can only store about 30mg at a time due to the vitamins short half-life. Thiamine was first synthesized in 1936, which was very helpful in researching its properties in relation to beriberi, a vitamin b1 deficiency. This deficiency has been observed mainly in countries where rice is the staple food. Thiamine metabolism begins in the extracellular space, being transported by a thiamine transporter into the cell. Once in the intracellular space, thiamine is converted into thiamine pyrophosphate through the enzyme thiamin pyrophosphate kinase 1. Thiamine pyrophosphate is then converted into thiamine triphosphate, again using the enzyme thiamin pyrophosphatekinase 1. After this,  thiamine triphosphate uses thiamine-triphosphatase to revert to thiamine pyrophosphate, which undergoes a reaction using cancer-related nuceloside-triphosphatase to become thiamine monophosphate. This phosphorylated form is a metabolically active form of thiamine, as are the two other compounds, derivatives of thiamine, mentioned previously. The enzymes used in this pathway both stem from the upper small intestine. Thiamine is passed mainly through urine. It is a water-soluble vitamin, which means it dissolves in water and is carried to different parts of the body but is not stored in the body. \n (less)",
    "chem_link": [
        "HMDB0001090",
        "HMDB0001188",
        "HMDB0006839",
        "HMDB0001375",
        "HMDB0006838",
        "HMDB0001286",
        "HMDB0006840",
        "HMDB0001023",
        "HMDB0001217",
        "HMDB0006927",
        "HMDB0006841",
        "HMDB0006842",
        "HMDB0000032",
        "HMDB0003896",
        "HMDB0002027",
        "HMDB0001484",
        "HMDB0001206",
        "HMDB0001341",
        "HMDB0000538",
        "HMDB0001967",
        "HMDB0000067",
        "HMDB0061374",
        "HMDB0001423",
        "HMDB0002719",
        "HMDB0001120",
        "HMDB0001248",
        "HMDB0000961",
        "HMDB0061373",
        "HMDB0000142",
        "HMDB0001285",
        "HMDB0003178",
        "HMDB0015531",
        "HMDB0001347",
        "HMDB0001251",
        "HMDB0001170",
        "HMDB0000547",
        "HMDB0000227",
        "HMDB0001343",
        "HMDB0000217",
        "HMDB0000221",
        "HMDB0001377",
        "HMDB0001429",
        "HMDB0000250",
        "HMDB0000256",
        "HMDB0000876",
        "HMDB0002111",
        "HMDB0006271"
    ],
    "prot_link": [
        "Q15125",
        "P04035",
        "P56937",
        "Q9BWD1",
        "O76062",
        "Q15392",
        "P53602",
        "P14324",
        "O95749",
        "Q01581",
        "Q13907",
        "Q16850",
        "P48449",
        "O75845",
        "P38571",
        "Q15800",
        "Q03426",
        "Q15126",
        "Q14534",
        "P37268",
        "P35610",
        "Q15738"
    ]
}