{
    "smpdb": "SMP0000114",
    "name": "Nabumetone Action Pathway",
    "class": "Drug Action",
    "description": "Etodolac is a non-steroidal anti-inflammatory drug (NSAID) that can be used to treat rheumatoid arthritis and osteoarthritis. Most NSAIDs are non-selective prostaglandin G/H synthase (a.k.a. cyclooxygenase or COX) inhibitors that act on both prostaglandin G/H synthase 1 and 2 (COX-1 and -2). Prostaglandin G/H synthase catalyzes the conversion of arachidonic acid to a number of prostaglandins involved in fever, pain, swelling, inflammation, and platelet aggregation. NSAIDs antagonize COX by binding to the upper portion of the active site, preventing its substrate, arachidonic acid, from entering the active site. The analgesic, antipyretic and anti-inflammatory effects of NSAIDs occur as a result of decreased prostaglandin synthesis. Etodolac was previously thought to be a non-selective COX inhibitor; however, it is now know that it is five to fifty times more selective for COX-2 than COX-1. The first part of this figure depicts the anti-inflammatory, analgesic and antipyretic pathway of etodolac.  The latter portion of this figure depicts etodolac\u2019s potential involvement in platelet aggregation. Prostaglandin synthesis varies across different tissue types. Platelets, anuclear cells derived from fragmentation from megakaryocytes, contain COX-1, but not COX-2. COX-1 activity in platelets is required for thromboxane A2 (TxA2)-mediated platelet aggregation. Platelet activation and coagulation do not normally occur in intact blood vessels. After blood vessel injury, platelets adhere to the subendothelial collagen at the site of injury. Activation of collagen receptors initiates phospholipase C (PLC)-mediated signaling cascades resulting in the release of intracellular calcium from the dense tubula system. The increase in intracellular calcium activates kinases required for morphological change, transition to procoagulant surface, secretion of granular contents, activation of glycoproteins, and the activation of phospholipase A2 (PLA2). Activation of PLA2 results in the liberation of arachidonic acid, a precursor to prostaglandin synthesis, from membrane phospholipids. The accumulation of TxA2, ADP and thrombin mediates further platelet recruitment and signal amplification. TxA2 and ADP stimulate their respective G-protein coupled receptors, thomboxane A2 receptor and P2Y purinoreceptor 12, and inhibit the production of cAMP via adenylate cyclase inhibition. This counteracts the adenylate cyclase stimulatory effects of the platelet aggregation inhibitor, PGI2, produced by neighbouring endothelial cells. Platelet adhesion, cytoskeletal remodeling, granular secretion and signal amplification are independent processes that lead to the activation of the fibrinogen receptor. Fibrinogen receptor activation exposes fibrinogen binding sites and allows platelet cross-linking and aggregation to occur.  Neighbouring endothelial cells found in blood vessels express both COX-1 and COX-2. COX-2 in endothelial cells mediates the synthesis of PGI2, an effective platelet aggregation inhibitor and vasodilator, while COX-1 mediates vasoconstriction and stimulates platelet aggregation. PGI2 produced by endothelial cells encounters platelets in the blood stream and binds to the G-protein coupled prostacyclin receptor. This causes G-protein mediated activation of adenylate cyclase, which catalyzes the conversion of adenosine triphosphate (ATP) to cyclic AMP (cAMP). Four cAMP molecules then bind to the regulatory subunits of the inactive cAMP-dependent protein kinase holoenzyme causing dissociation of the regulatory subunits and leaving two active catalytic subunit monomers. The active subunits of cAMP-dependent protein kinase catalyze the phosphorylation of a number of proteins. Phosphorylation of inositol 1,4,5-trisphosphate receptor type 1 on the endoplasmic reticulum (ER) inhibits the release of calcium from the ER. This in turn inhibits the calcium-dependent events, including PLA2 activation, involved in platelet activation and aggregation. Inhibition of PLA2 decreases intracellular TxA2 and inhibits the platelet aggregation pathway. cAMP-dependent kinase also phosphorylates the actin-associated protein, vasodilator-stimulated phosphoprotein. Phosphorylation inhibits protein activity, which includes cytoskeleton reorganization and platelet activation. Etodolac preferentially inhibits COX-2 with little activity against COX-1. COX-2 inhibition in endothelial cells decreases the production of PGI2 and the ability of these cells to inhibit platelet aggregation and stimulate vasodilation. These effects are thought to be responsible for the adverse cardiovascular effects observed with other selective COX-2 inhibitors, such as rofecoxib, which has since been withdrawn from the market. (less)",
    "chem_link": [
        "HMDB0006915",
        "HMDB0001336",
        "HMDB0006242",
        "HMDB0001866",
        "HMDB0003791",
        "HMDB0000318",
        "HMDB0004061",
        "HMDB0000022",
        "HMDB0001268",
        "HMDB0000707",
        "HMDB0002281",
        "HMDB0004058",
        "HMDB0001253",
        "HMDB0000060",
        "HMDB0000051",
        "HMDB0000044",
        "HMDB0000464",
        "HMDB0001967",
        "HMDB0000657",
        "HMDB0001264",
        "HMDB0000073",
        "HMDB0001229",
        "HMDB0000068",
        "HMDB0001248",
        "HMDB0000692",
        "HMDB0012943",
        "HMDB0000134",
        "HMDB0001398",
        "HMDB0000130",
        "HMDB0000118",
        "HMDB0005175",
        "HMDB0059597",
        "HMDB0003125",
        "HMDB0006779",
        "HMDB0015531",
        "HMDB0000191",
        "HMDB0000181",
        "HMDB0001430",
        "HMDB0000148",
        "HMDB0000158",
        "HMDB0004067",
        "HMDB0000547",
        "HMDB0002052",
        "HMDB0004068",
        "HMDB0004063",
        "HMDB0000164",
        "HMDB0000902",
        "HMDB0001487",
        "HMDB0000217",
        "HMDB0000221",
        "HMDB0000216",
        "HMDB0000819",
        "HMDB0000223",
        "HMDB0000208",
        "HMDB0001377",
        "HMDB0000020",
        "HMDB0001491",
        "HMDB0000957",
        "HMDB0013636",
        "HMDB0000939",
        "HMDB0001185",
        "HMDB0000027",
        "HMDB0011639",
        "HMDB0000306",
        "HMDB0000291",
        "HMDB0001490",
        "HMDB0002111",
        "HMDB0015532"
    ],
    "prot_link": [
        "P46952",
        "P32754",
        "P07327",
        "P30838",
        "P19801",
        "P21397",
        "P20711",
        "P17174",
        "P21964",
        "P09172",
        "P16930",
        "Q93099",
        "P40126",
        "P14174",
        "O43708",
        "P11086",
        "P14679",
        "P17735"
    ]
}