{
    "smpdb": "SMP0000229",
    "name": "Rabeprazole Action Pathway",
    "class": "Drug Action",
    "description": "Betazole, also known as ametazole and Histalog, is a histamine H2 agonist that causes an increase in gastric acid secretion. Betazole is commonly used to evaluate acid production. Betazole binds to the H2 receptor to enhance the G protein signaling cascade to increase gastric secretion into the lumen. Gastric acid digests protein and absorbs calcium, iron and vitamin B12. Gastric acidity may also interfere with medication bioavailability. Measuring gastric acid secretion is useful to manage diseases involving acid production such as gastroesophageal reflux disease.  (less)",
    "chem_link": [
        "HMDB0001090",
        "HMDB0001188",
        "HMDB0006839",
        "HMDB0001375",
        "HMDB0006838",
        "HMDB0001286",
        "HMDB0006840",
        "HMDB0001023",
        "HMDB0001217",
        "HMDB0006927",
        "HMDB0006841",
        "HMDB0006842",
        "HMDB0000032",
        "HMDB0003896",
        "HMDB0002027",
        "HMDB0001484",
        "HMDB0001206",
        "HMDB0001341",
        "HMDB0000538",
        "HMDB0001967",
        "HMDB0000067",
        "HMDB0061374",
        "HMDB0001423",
        "HMDB0002719",
        "HMDB0001120",
        "HMDB0001248",
        "HMDB0000961",
        "HMDB0061373",
        "HMDB0000142",
        "HMDB0001285",
        "HMDB0003178",
        "HMDB0015531",
        "HMDB0001347",
        "HMDB0001251",
        "HMDB0001170",
        "HMDB0000547",
        "HMDB0000227",
        "HMDB0001343",
        "HMDB0000217",
        "HMDB0000221",
        "HMDB0001377",
        "HMDB0001429",
        "HMDB0000250",
        "HMDB0000256",
        "HMDB0000876",
        "HMDB0002111",
        "HMDB0014543",
        "HMDB0006271"
    ],
    "prot_link": [
        "Q15125",
        "P04035",
        "P56937",
        "Q9BWD1",
        "O76062",
        "Q15392",
        "P53602",
        "P14324",
        "O95749",
        "Q01581",
        "Q13907",
        "Q16850",
        "P48449",
        "O75845",
        "P38571",
        "Q15800",
        "Q03426",
        "Q15126",
        "Q14534",
        "P37268",
        "P35610",
        "Q15738"
    ]
}