{
    "smpdb": "SMP0000352",
    "name": "Primary Hyperoxaluria Type I",
    "class": "Disease",
    "description": "In Wolman's disease excessive amounts of cholesterol ester in the liver are present mainly in the macrophages of the reticuloendo- thelial system. The livler in Wiolman's disease contains triglyceride at 10 to 20 times the normal concentratlon, most of whilch is present in hepatocytes. The first case of Wolman's disease was published in 1956 by M. Wolman, M.D., reporting a case of a 2 month old girl who had been admitted to the Hadassah University Hospital. Lysosomal   acid   lipase/acid   cholesteryl   ester   hydrolase (LAL/ACEH) plays an important role in cellular processing of plasma lipoproteins and thus contributes to both the homeostatic control of plasma lipoprotein levels and the prevention of cellular lipid overload. Wolman's Disease results from severely reduced levels of the enzyme lysosomal   acid   lipase/acid   cholesteryl   ester   hydrolase. (less)",
    "chem_link": [
        "HMDB0000972",
        "HMDB0001044",
        "HMDB0001308",
        "HMDB0006273",
        "HMDB0001235",
        "HMDB0003192",
        "HMDB0001128",
        "HMDB0000034",
        "HMDB0000050",
        "HMDB0001341",
        "HMDB0001178",
        "HMDB0000045",
        "HMDB0000538",
        "HMDB0000536",
        "HMDB0001517",
        "HMDB0000051",
        "HMDB0000464",
        "HMDB0000058",
        "HMDB0001967",
        "HMDB0001548",
        "HMDB0001508",
        "HMDB0000101",
        "HMDB0000905",
        "HMDB0001532",
        "HMDB0000085",
        "HMDB0000071",
        "HMDB0001351",
        "HMDB0000960",
        "HMDB0001440",
        "HMDB0001340",
        "HMDB0061376",
        "HMDB0001248",
        "HMDB0012943",
        "HMDB0000134",
        "HMDB0000123",
        "HMDB0002022",
        "HMDB0000132",
        "HMDB0000133",
        "HMDB0011629",
        "HMDB0001201",
        "HMDB0001397",
        "HMDB0001273",
        "HMDB0003178",
        "HMDB0003125",
        "HMDB0000157",
        "HMDB0003335",
        "HMDB0000195",
        "HMDB0000189",
        "HMDB0000175",
        "HMDB0000191",
        "HMDB0000148",
        "HMDB0000641",
        "HMDB0000547",
        "HMDB0000902",
        "HMDB0001487",
        "HMDB0000217",
        "HMDB0000221",
        "HMDB0001377",
        "HMDB0001429",
        "HMDB0001439",
        "HMDB0000280",
        "HMDB0000999",
        "HMDB0002142",
        "HMDB0000586",
        "HMDB0000250",
        "HMDB0001489",
        "HMDB0000797",
        "HMDB0001846",
        "HMDB0000289",
        "HMDB0002111",
        "HMDB0000292",
        "HMDB0000299",
        "HMDB0001554",
        "HMDB0001303"
    ],
    "prot_link": [
        "P07741",
        "P00813",
        "Q96PN6",
        "P00568",
        "P30566",
        "P30520",
        "Q9UKK9",
        "Q06203",
        "P23109",
        "Q8NBU5",
        "P31939",
        "P50583",
        "Q9Y233",
        "Q08499",
        "P49902",
        "Q16854",
        "O75356",
        "Q5MY95",
        "P36959",
        "P49915",
        "Q9Y2T3",
        "P33402",
        "Q02153",
        "Q16774",
        "P00492",
        "Q9BY32",
        "P20839",
        "P22234",
        "O75414",
        "O15067",
        "P00491",
        "P23921",
        "P31350",
        "P21108",
        "P10599",
        "P22102",
        "P47989"
    ]
}