{
    "smpdb": "SMP0000281",
    "name": "Anistreplase Action Pathway",
    "class": "Drug Action",
    "description": "Hydroxyglutaric aciduria is a rare genetic disorder. Both isoforms are believed to have autosomal recessive inheritance. The compound 2-hydroxyglutarate is the product of gain-of-function mutations producing mutIDH1 and mutIDH2 in the cytosolic and mitochondrial isoforms of isocitrate dehydrogenase (IDH). This compound is derived from the TCA cycle. The compound 2-hydroxyglutarate shares enough structural similarity to 2-oxogluratate (2OG) to inhibit a range of 2OG-dependent dioxygenases, including histone lysine demethylases (KDMs) and the ten-eleven translocation (TET) family of 5-methylcytosine (5mC) hydroxylases. This results in modulations of HIF-mediated hypoxia responses and alterations in gene expression through global epigenetic remodelling that may contribute to malignant transformation. L-2-hydroxyglutarate dehydrogenase (L2HGDH) converts L-2-hydroxyglutarate to \u03b1-ketoglutaric acid. L-2-Hydroxyglutarate is an oncometabolite and is produced by gain-of-function IDH mutations. When IDH is mutated, L-2-Hydroxyglutaric acid production is increased. L-2-hydroxyglutarate is a competitive inhibitor of 2OG-dependent dioxygenases resulting in genetic changes and malignancies.  (less)",
    "chem_link": [
        "Q16880",
        "Q06136",
        "Q8TDN7",
        "Q9NUN7",
        "P06280",
        "P15289",
        "Q9UBX8",
        "P16278",
        "Q16739",
        "Q8TCT0",
        "Q6UWV6",
        "P54803",
        "Q99999",
        "P04062",
        "O14494",
        "Q86VZ5",
        "O15269",
        "O15270",
        "Q9UQ49",
        "Q6QHC5",
        "Q9NRA0",
        "O95470",
        "Q8IWX5"
    ],
    "prot_link": [
        "HMDB0060571",
        "HMDB0005014",
        "HMDB0061132",
        "HMDB0003178",
        "HMDB0059597",
        "HMDB0013995",
        "HMDB0000217",
        "HMDB0000221",
        "HMDB0001377",
        "HMDB0000295",
        "HMDB0000935",
        "HMDB0002111",
        "HMDB0015532"
    ]
}