{
    "smpdb": "SMP0000100",
    "name": "Hydrochlorothiazide Action Pathway",
    "class": "Drug Action",
    "description": "Fexofenadine is a second-generation piperidine H1-antihistamine. It has also been labeled as a third-generation antihistamine because it is developed from a second-generation antihistamine (terfenadine). H1-antihistamines interfere with the agonist action of histamine at the H1 receptor and are administered to attenuate inflammatory process in order to treat conditions such as allergic rhinitis, allergic conjunctivitis, and urticaria. Reducing the activity of the NF-\u03baB immune response transcription factor through the phospholipase C and the phosphatidylinositol (PIP2) signalling pathways also decreases antigen presentation and the expression of pro-inflammatory cytokines, cell adhesion molecules, and chemotactic factors. Furthermore, lowering calcium ion concentration leads to increased mast cell stability which reduces further histamine release. First-generation antihistamines readily cross the blood-brain barrier and cause sedation and other adverse central nervous system (CNS) effects (e.g. nervousness and insomnia). Second-generation antihistamines are more selective for H1-receptors of the peripheral nervous system (PNS) and do not cross the blood-brain barrier. Consequently, these newer drugs elicit fewer adverse drug reactions. (less)",
    "chem_link": [
        "Q9NQ66",
        "P50148",
        "P62873",
        "P59768",
        "P35367",
        "Q14643",
        "P19838",
        "P05771"
    ],
    "prot_link": [
        "HMDB0000464",
        "HMDB0001201",
        "HMDB0001273",
        "HMDB0000870",
        "HMDB0001498",
        "HMDB0240236",
        "HMDB0002111"
    ]
}