{
    "smpdb": "SMP0000130",
    "name": "Steroidogenesis",
    "class": "Metabolic",
    "description": "Steroidogenesis is a process that through the transformations of other steroids, produces a desired steroid. Some of these desired steroids include cortisol, corticoids, testosterone, estrogens, aldosterone and progesterone. To begin the synthesis of steroid hormones, cholesterol synthesizes a hormone called pregnenolone. This is done by cholesterol from the cytosol or lysosome being brought to the mitochondria and becoming fixed in the inner mitochondrial membrane. Once there, the cholesterol becomes pregnenolone through three reactions. The enzyme responsible for catalyzing all three reactions is CYP11A, a side chain cleavage enzyme. After being created, the pregnenolone enters the cytosol, where the cholesterol originated. Once in the cytosol, pregenolone synthesizes progesterone, using two reactions. These two reactions are both catalyzed by an enzyme called 3-beta-hydroxysteroid dehydrogenase/isomerase. The enzyme CYP21A2 then hydroxylates progesterone, which converts it to deoxycorticosterone. Deoxycorticosterone then undergoes three reactions catalyzed by CYP11B2 to become aldosterone. 17alpha-hydroxyprogesterone is created from pregnenolone by using 3-beta-hydroxysteroid dehydrogenase/isomerase. CYP21A2 then hydroxylates 17alpha-hydroxyprogesterone which results in the production of 11-deoxycortisol. CYP11B1 quickly converts 11-deoxycortisol to cortisol. Cortisol is an active steroid hormone, and its conversion to the inactive cortisone has been known to occur in various tissues, with increased conversion occurring in the liver. Pregnenolone is an important hormone as it is responsible for the beginning of the synthesis of many hormones not pictured in this pathway such as testosterone and estrogen. Cortisol receptors are found in almost every bodily cell, so this hormone affects a wide range of body functions. Some of these functions include metabolism regulation, inflammation reduction, regulating blood sugar levels and blood pressure, and helps with the formation of memories. \n\n (less)",
    "chem_link": [
        "HMDB0000037",
        "HMDB0061196",
        "HMDB0001035",
        "HMDB0001967",
        "HMDB0000595",
        "HMDB0059597",
        "HMDB0000586",
        "HMDB0000588",
        "HMDB0000294",
        "HMDB0001980",
        "HMDB0002111",
        "HMDB0001303"
    ],
    "prot_link": [
        "P37088",
        "P51168",
        "P51172",
        "P51170",
        "P41181",
        "Q92482",
        "B7ZKV8",
        "P02730",
        "P00915",
        "P00797",
        "P05023",
        "P50993",
        "P13637",
        "Q13733",
        "P05026",
        "P14415",
        "P54709",
        "P54710",
        "Q15849",
        "P15313"
    ]
}