{
    "smpdb": "SMP0000094",
    "name": "Sulindac Action Pathway",
    "class": "Drug Action",
    "description": "Glibenclamide is a sulfonylurea drug used in the treatment of type 2 diabetes. Glibenclamide acts on pancreatic beta-cells to stimulate insulin secretion. Under physiological conditions, insulin secretion from beta-cells is mediated by elevated glucose concentration in the blood. Glucose enters the cell via GLUT2 (SLC2A2) transporters. Once inside the cell, glucose is metabolized to produce ATP. High concentration of ATP will inhibit ATP-dependent potassium channels (ABCC8), which depolarizes the cell. Depolarization causes opening of voltage-gated calcium channels, allowing calcium to enter cell. High intracellular calcium subsequently stimulate vesicle exocytosis and insulin secretion. Glibenclamide stimulates insulin secretion by directly inhibiting ATP-dependent potassium channels.\n (less)",
    "chem_link": [
        "HMDB0013642",
        "HMDB0006823",
        "HMDB0006821",
        "HMDB0002065",
        "HMDB0002275",
        "HMDB0000038",
        "HMDB0000980",
        "HMDB0001195",
        "HMDB0006822",
        "HMDB0000142",
        "HMDB0001273",
        "HMDB0000902",
        "HMDB0001487",
        "HMDB0000217",
        "HMDB0000221",
        "HMDB0000845",
        "HMDB0012282",
        "HMDB0000238",
        "HMDB0000027",
        "HMDB0002111",
        "HMDB0015532"
    ],
    "prot_link": [
        "Q03393",
        "P15121",
        "P16152",
        "P00374",
        "P09417",
        "P30793",
        "P30047",
        "P35270",
        "nknown"
    ]
}