{
    "smpdb": "SMP0000496",
    "name": "Galactosemia III",
    "class": "Disease",
    "description": "Zoledronate (also named zoledronic acid, Zometa or Reclast) is a type of medication that used to treat numbers of bone diseases because of its affinity for hydroxyapatite. Zoledronate targets farnesyl pyrophosphate (FPP) synthase by inhibiting the function of this enzyme in the mevalonate pathway, which prevent the biosynthesis of Geranyl-PP and farnesyl pyrophosphate. Geranyl-PP and farnesyl pyrophosphate are important for geranylgeranylation and farnesylation of GTPase signalling proteins. Lack of Geranyl-PP and farnesyl pyrophosphate will result in decreased rate of bond resorption and turnover as well as block the osteoclast activity, which lead to an increasing mass gain in bone (i.e. net gain in bone mass).  (less)",
    "chem_link": [
        "HMDB0061344",
        "HMDB0001149",
        "HMDB0000051",
        "HMDB0000054",
        "HMDB0003325",
        "HMDB0001008",
        "HMDB0001967",
        "HMDB0001361",
        "HMDB0000643",
        "HMDB0000570",
        "HMDB0002158",
        "HMDB0001261",
        "HMDB0001248",
        "HMDB0000961",
        "HMDB0000692",
        "HMDB0012943",
        "HMDB0000123",
        "HMDB0003178",
        "HMDB0006901",
        "HMDB0001162",
        "HMDB0001362",
        "HMDB0003125",
        "HMDB0001137",
        "HMDB0000902",
        "HMDB0001487",
        "HMDB0001377",
        "HMDB0000245",
        "HMDB0000241",
        "HMDB0001097",
        "HMDB0001491",
        "HMDB0001022",
        "HMDB0000295",
        "HMDB0000935",
        "HMDB0004158",
        "HMDB0000936",
        "HMDB0000916",
        "HMDB0002211",
        "HMDB0001086",
        "HMDB0002111",
        "HMDB0015532"
    ],
    "prot_link": [
        "P13196",
        "P08236",
        "P53004",
        "P36551",
        "Q7KZN9",
        "P13716",
        "Q9UPI3",
        "Q8N4E7",
        "P22830",
        "P09601",
        "P08397",
        "Q12887",
        "P50336",
        "O75310",
        "P06132",
        "P10746"
    ]
}