{
    "smpdb": "SMP0000367",
    "name": "Carvedilol Action Pathway",
    "class": "Drug Action",
    "description": "The Krebs cycle, also known as the citric acid cycle (CAC) or tricarboxylic acid cycle (TCA cycle) occurs in the mitochondria, and it involves the oxidation of acetyl-CoA from glycolysis to form molecules of ATP, as well as NADH, which will later be used to form more ATP. Intermediates from the Krebs cycle can be used as inflammatory signals in the body, specifically in immune cells such as macrophages. Succinic acid, or its anion succinate, can leave the mitochondria and can directly inhibit the prolyl 4-hydroxylase subunit alpha-3 protein, which then allows for additional activation of the hypoxia-inducible factor 1-alpha (HF-1\u03b1). The higher levels of HF-1\u03b1 enhance the expression of genes, including those for interleukin-1 beta (IL-1\u03b2). Succinic acid is also necessary for the succinylation of proteins, leading to changes in their structure and function.\nAnother intermediate of the Krebs cycle, NAD, activates the NAD-dependent protein deacetylase sirtuin-3, which is involved in the deacetylase of proteins in the cell, regulating ATP levels and promoting mtDNA transcription when needed. Activated sirtuin-3 inhibits NACHT, LRR and PYD domains-containing protein 3, which works to activate the inflammasome, and thus the increase in NAD+ leads to anti-inflammatory actions in the body.\nCitric acid is another intermediate of the Krebs cycle, and it activates the production of reactive oxygen species, nitric oxide, which is the precursor for reactive nitrogen species, and prostaglandins. Prostaglandins can act as vasodilators, and as such are involved in the inflammation response.\nFinally, glutamine is important for immune cells to carry out their functions, and when LPS binds to the Toll-like receptor 4 (TLR4) on the cell surface, activating this response, extra L-glutamine can be transported into the cell to fill this need. The L-glutamine can then be converted to oxoglutaric acid, which is important in the Krebs cycle, leading to the effects from its intermediates on the rest of the inflammatory response.\n (less)",
    "chem_link": [
        "Q13424",
        "Q09428",
        "O60706",
        "Q14654",
        "Q15842",
        "B7ZKV8",
        "P08588",
        "Q13884",
        "Q13425",
        "P17612",
        "P10644",
        "P26678",
        "Q12959",
        "P48549",
        "P48544",
        "P63252",
        "P48050",
        "Q9NS61",
        "P08172",
        "O00180",
        "P22460",
        "Q9UK17",
        "P15382",
        "Q9Y6J6",
        "Q12809",
        "P51787",
        "Q9Y3Q4",
        "Q5I7T1",
        "Q92736",
        "P16615",
        "Q14524",
        "P32418",
        "P05023",
        "P50993",
        "P13637",
        "Q13733",
        "P05026",
        "P14415",
        "P54709",
        "P54710",
        "P09493",
        "P07951",
        "Q9NY47",
        "Q13936",
        "Q02641",
        "O43497",
        "O95180"
    ],
    "prot_link": [
        "HMDB0000538",
        "HMDB0000058",
        "HMDB0001201",
        "HMDB0001273",
        "HMDB0000547",
        "HMDB0001429",
        "HMDB0000250",
        "HMDB0000259"
    ]
}