{
    "smpdb": "SMP0000515",
    "name": "Homocystinuria, Cystathionine beta-Synthase Deficiency",
    "class": "Disease",
    "description": "The rare genetic disorder, Xanthinuria (also referred to as xanthine oxidase deficiency) results from a deficiency of the enzyme xanthine oxidase. This enzyme deficiency causes the accumulation of: xanthine in the plasma, uric acid in serum or hypoxanthine, uric acid and xanthine in the urine. The disorder has symptoms including arthralgia, hematuria, mental retardation, stomatisis, and urolithiasis. (less)",
    "chem_link": [
        "P07741",
        "P00813",
        "Q96PN6",
        "P00568",
        "P30566",
        "P30520",
        "Q9UKK9",
        "Q06203",
        "P23109",
        "Q8NBU5",
        "P31939",
        "P50583",
        "Q9Y233",
        "Q08499",
        "P49902",
        "Q16854",
        "O75356",
        "Q5MY95",
        "P36959",
        "P49915",
        "Q9Y2T3",
        "P33402",
        "Q02153",
        "Q16774",
        "P00492",
        "Q9BY32",
        "P20839",
        "P22234",
        "O75414",
        "O15067",
        "P00491",
        "P23921",
        "P31350",
        "P21108",
        "P10599",
        "P22102",
        "P47989"
    ],
    "prot_link": [
        "HMDB0000990",
        "HMDB0000042",
        "HMDB0001484",
        "HMDB0006880",
        "HMDB0001206",
        "HMDB0001494",
        "HMDB0001341",
        "HMDB0000045",
        "HMDB0000538",
        "HMDB0000030",
        "HMDB0001967",
        "HMDB0001423",
        "HMDB0006458",
        "HMDB0001311",
        "HMDB0000985",
        "HMDB0001248",
        "HMDB0000125",
        "HMDB0001201",
        "HMDB0001273",
        "HMDB0001362",
        "HMDB0000595",
        "HMDB0059597",
        "HMDB0000190",
        "HMDB0000156",
        "HMDB0003052",
        "HMDB0000962",
        "HMDB0000547",
        "HMDB0001175",
        "HMDB0001333",
        "HMDB0000902",
        "HMDB0001487",
        "HMDB0000217",
        "HMDB0000221",
        "HMDB0000223",
        "HMDB0001429",
        "HMDB0000263",
        "HMDB0002142",
        "HMDB0000586",
        "HMDB0001881",
        "HMDB0000250",
        "HMDB0001167",
        "HMDB0000243",
        "HMDB0006878",
        "HMDB0001066",
        "HMDB0001372",
        "HMDB0002111",
        "HMDB0001303"
    ]
}