{
    "smpdb": "SMP0000181",
    "name": "Ethylmalonic Encephalopathy",
    "class": "Disease",
    "description": "Imipramine is a tricyclic antidepressant that exerts its therapeutic effects by inhibiting norepinephrine and serotonin reuptake in the brain. It does so by competing for the same binding site as norepinephrine on the sodium-dependent noradraneline transporter (SLC6A2) and by competing with serotonin for binding to the sodium-dependent serotonin transporter (SLC6A4). This increases the concentrations of both norepinephrine and serotonin in their respective synapses and reverses the state of low concentrations of both neurotransmitters found in depression. Higher concentrations of norepinephrine and serotonin have also been shown to have long-term neuromodulatory effects. Binding of these neurotransmitters to their respective receptors activate adenylate cyclase, which produces cAMP. cAMP activates protein kinase A which activates cAMP-responsive binding protein 1 (CREB-1). CREB-1 enters the nucleus and affects transcription of brain-derived neurotrophic factor (BDNF). BDNF subsequently stimulates neurogenesis, which may contribute to the long-term reversal of depression.  Imipramine is metabolized in the liver mostly through N-demethylation by CYP2C19 into desipramine. Desipramine is an active metabolite and also has similar actions to imipramine on norepinephrine and serotonin reuptake. (less)",
    "chem_link": [
        "HMDB0006875",
        "HMDB0002234",
        "HMDB0001301",
        "HMDB0002070",
        "HMDB0002273",
        "HMDB0000725",
        "HMDB0001341",
        "HMDB0000045",
        "HMDB0000538",
        "HMDB0000051",
        "HMDB0000052",
        "HMDB0001096",
        "HMDB0001967",
        "HMDB0000904",
        "HMDB0000064",
        "HMDB0003411",
        "HMDB0001248",
        "HMDB0001520",
        "HMDB0000134",
        "HMDB0000123",
        "HMDB0000128",
        "HMDB0003178",
        "HMDB0059597",
        "HMDB0003125",
        "HMDB0006556",
        "HMDB0000517",
        "HMDB0000191",
        "HMDB0000148",
        "HMDB0002104",
        "HMDB0000162",
        "HMDB0001333",
        "HMDB0004224",
        "HMDB0000902",
        "HMDB0001487",
        "HMDB0000217",
        "HMDB0000221",
        "HMDB0003378",
        "HMDB0000214",
        "HMDB0000223",
        "HMDB0000208",
        "HMDB0001377",
        "HMDB0001429",
        "HMDB0001511",
        "HMDB0002142",
        "HMDB0001491",
        "HMDB0000250",
        "HMDB0001369",
        "HMDB0000939",
        "HMDB0001185",
        "HMDB0000254",
        "HMDB0000027",
        "HMDB0000294",
        "HMDB0002111"
    ],
    "prot_link": [
        "P05089",
        "P04424",
        "P00966",
        "P17174",
        "P07814",
        "P31327",
        "P12277",
        "P14920",
        "P30038",
        "P00367",
        "P50440",
        "Q14353",
        "Q9Y619",
        "P29475",
        "P04181",
        "P00480",
        "Q5T160",
        "O43272",
        "Q7Z4N8",
        "Q96C36"
    ]
}