{
    "smpdb": "SMP0000040",
    "name": "Glycolysis",
    "class": "Metabolic",
    "description": "Glycolysis is a metabolic pathway with sequence of ten reactions involving ten intermediate compounds that converts glucose to pyruvate. Glycolysis release free energy for forming high energy compound such as ATP and NADH. Glycolysis is consisted of two phases, which one of them is chemical priming phase and second phase is energy-yielding phase. As the starting compound of chemical priming phase, D-glucose can be obtained from galactose metabolism or imported by monosaccharide-sensing protein 1 from outside of cell. D-Glucose is catalyzed by probable hexokinase-like 2 protein to form glucose 6-phosphate which is powered by ATP.  Glucose 6-phosphate transformed to fructose 6-phosphate by glucose-6-phosphate isomerase, which the later compound will be converted to fructose 1,6-bisphosphate, which is the last reaction of chemical priming phase  by 6-phosphofructokinase with cofactor magnesium, and it is also powered by ATP. Before entering the second phase, aldolase catalyzing the hydrolysis of F1,6BP into dihydroxyacetone phosphate and glyceraldehyde 3-phosphate. Dihydroxyacetone phosphate and glyceraldehyde 3-phosphate can convert to each other bidirectionally by facilitation of triosephosphate isomerase. The second phase of glycolysis is yielding-energy phase that produce ATP and NADH. At the first step, D-glyceraldehyde 3-phosphate is catalyzed to glyceric acid 1,3-biphosphate by glyceraldehyde-3-phosphate dehydrogenase with NAD, which also generate NADH. ATP is generated through the reaction that convert glyceric acid 1,3-biphosphate to 3-phosphoglyceric acid. Phosphoglycerate mutase 2 catalyze 3-phosphoglyceric acid to 2-Phospho-D-glyceric acid,  and alpha-enolase with cofactor magnesium catalyzes 2-Phospho-D-glyceric acid to phosphoenolpyruvic acid. Eventually, plastidial pyruvate kinase 4 converts phosphoenolpyruvic acid to pyruvate with cofactor magnesium and potassium and ADP. Pyruvate will undergo pyruvate metabolism, tyrosine metabolism and pantothenate and CoA biosynthesis.  (less)",
    "chem_link": [
        "P14060",
        "P18405",
        "P51857",
        "P11511",
        "P14061",
        "P49888",
        "P05093",
        "P08842",
        "O00204",
        "P37058",
        "O75310",
        "O75795"
    ],
    "prot_link": [
        "HMDB0061344",
        "HMDB0001149",
        "HMDB0000051",
        "HMDB0000054",
        "HMDB0003325",
        "HMDB0001008",
        "HMDB0001967",
        "HMDB0001361",
        "HMDB0000643",
        "HMDB0000570",
        "HMDB0002158",
        "HMDB0001261",
        "HMDB0001248",
        "HMDB0000961",
        "HMDB0000692",
        "HMDB0012943",
        "HMDB0000123",
        "HMDB0003178",
        "HMDB0006901",
        "HMDB0001162",
        "HMDB0001362",
        "HMDB0003125",
        "HMDB0001137",
        "HMDB0000902",
        "HMDB0001487",
        "HMDB0001377",
        "HMDB0000245",
        "HMDB0000241",
        "HMDB0001097",
        "HMDB0001491",
        "HMDB0001022",
        "HMDB0000295",
        "HMDB0000935",
        "HMDB0004158",
        "HMDB0000936",
        "HMDB0000916",
        "HMDB0002211",
        "HMDB0001086",
        "HMDB0002111",
        "HMDB0015532"
    ]
}