{
    "smpdb": "SMP0000389",
    "name": "Smith-Lemli-Opitz Syndrome (SLOS)",
    "class": "Disease",
    "description": "Adenylosuccinate Lyase Deficiency. (Adenylosuccinase Deficiency ; Adenylosuccinate monophosphate lyase deficiency) is a rare autosomal recessive disease caused by a mutation in the ADSL gene which codes for adenylosuccinate lyase. A deficiency in this enzyme results in accumulation of succinyladenosine in plasma, spinal fluid, and urine. Symptoms, which present at birth, include hyptonia, seizures, mental retardation, and encephalopathy. Treatment includes allopurinol. (less)",
    "chem_link": [
        "P14060",
        "P26439",
        "P51857",
        "P17516",
        "P05108",
        "P28845",
        "P80365",
        "P15538",
        "P19099",
        "P05093",
        "P08686"
    ],
    "prot_link": [
        "HMDB0004029",
        "HMDB0006760",
        "HMDB0006754",
        "HMDB0006757",
        "HMDB0004031",
        "HMDB0000374",
        "HMDB0006764",
        "HMDB0006758",
        "HMDB0000363",
        "HMDB0006762",
        "HMDB0000319",
        "HMDB0006763",
        "HMDB0006283",
        "HMDB0004030",
        "HMDB0006756",
        "HMDB0004026",
        "HMDB0004035",
        "HMDB0006753",
        "HMDB0006755",
        "HMDB0006759",
        "HMDB0001318",
        "HMDB0003759",
        "HMDB0000037",
        "HMDB0000067",
        "HMDB0000015",
        "HMDB0001547",
        "HMDB0000063",
        "HMDB0002802",
        "HMDB0000016",
        "HMDB0003259",
        "HMDB0003178",
        "HMDB0059597",
        "HMDB0000902",
        "HMDB0001487",
        "HMDB0000217",
        "HMDB0000221",
        "HMDB0001377",
        "HMDB0000253",
        "HMDB0001830",
        "HMDB0000268",
        "HMDB0000949",
        "HMDB0000903",
        "HMDB0002111"
    ]
}