{
    "smpdb": "SMP0000261",
    "name": "Ticlopidine Action Pathway",
    "class": "Drug Action",
    "description": "Cyclophosphamide is an alkylating agent used in the treatment of certain cancers. Following absorption, cyclophosphamide is converted into 4-hydroxyphosphamide by a variety of cytochrome P450 isozymes in the liver. 4-Hydroxyphosphamide is more soluble than cyclophosphamide and is the primary form of the drug that is transported in blood. 4-Hydroxyphosphamide crosses the plasma membrane of the cancer cell and spontaneuosly forms aldophosphamide. This is a reversible reaction. Aldophosphamide can decompose into acrolein and phosphoramide mustard. Phosphoramide mustard is the active alkylating agent and forms alkyl adducts with DNA through a phosphoramide aziridinium intermediate. Alkylation of DNA causes DNA damage and eventually cell death.\n (less)",
    "chem_link": [
        "HMDB0060406",
        "HMDB0060393",
        "HMDB0015233",
        "HMDB0001248",
        "HMDB0014684",
        "HMDB0014515",
        "HMDB0001429",
        "HMDB0000588",
        "HMDB0002111"
    ],
    "prot_link": [
        "P32320",
        "P23141",
        "O00337",
        "P19971"
    ]
}