{
    "smpdb": "SMP0000079",
    "name": "Ibandronate Action Pathway",
    "class": "Drug Action",
    "description": "Pravastatin inhibits cholesterol synthesis via the mevalonate pathway by inhibiting 3-hydroxy-3-methylglutaryl-coenzyme A (HMG-CoA) reductase. HMG-CoA reductase is the enzyme responsible for the conversion of HMG-CoA to mevalonic acid, the rate-limiting step of cholesterol synthesis by this pathway. Pravastatin bears a chemical resemblance to the reduced HMG-CoA reaction intermediate that is formed during catalysis. Structure-activity relationship studies have demonsotrated that statins bind to HMG-CoA reductase at the same site as the reduced reaction intermediate and are held in place by similar chemical interactions. Cholesterol biosynthesis accounts for approximately 80% of cholesterol in the body; thus, inhibiting this process can significantly lower cholesterol levels. Pravstatin was derived from the microbial transformation of mevastatin, which is a natural compound produced by Penicillium citinium and the first statin ever studied. Unlike lovastatin and simvastatin, pravastatin is relatively hydrophilic and does not require hydrolysis for activation. Increased hydrophilicity accounts for its decreased penetration of lipophilic peripheral cells, increased selectivity for hepatic tissues and decreased side effects relative to simvastatin and lovastatin.  (less)",
    "chem_link": [
        "HMDB0000464",
        "HMDB0001201",
        "HMDB0001273",
        "HMDB0000870",
        "HMDB0001498",
        "HMDB0015202",
        "HMDB0002111"
    ],
    "prot_link": [
        "Q9NQ66",
        "P50148",
        "P62873",
        "P59768",
        "P35367",
        "Q14643",
        "P19838",
        "P05771"
    ]
}