{
    "smpdb": "SMP0000233",
    "name": "Nizatidine Action Pathway",
    "class": "Drug Action",
    "description": "11-beta-Hydroxylase Deficiency, also called congenital adrenal hyperplasia (CAH), is an autosomal recessive disorder and caused by a defective 11-beta-hydroxylase. 11-beta-hydroxylase catalyzes the conversion of cortexolone into cortisol which is useful for maintaining blood sugar levels and suppressing inflammation. This disorder is characterized by a large accumulation of cortexolone in the endoplasmic reticulum (ER). Symptoms of the disorder include abnormality of hair growth rate and menstrual cycle. It is estimated that 11-beta-hydroxylase deficiency affects 1 in 100,000 to 200,000 newborns. (less)",
    "chem_link": [
        "Q92887",
        "O15438",
        "P04637",
        "P38936",
        "P08183",
        "P33527",
        "Q5T3U5",
        "Q15311",
        "P68363",
        "Q9H4B7"
    ],
    "prot_link": []
}