{
    "smpdb": "SMP0000271",
    "name": "Phenprocoumon Action Pathway",
    "class": "Drug Action",
    "description": "Alteplase is the generic version of the drugs Activase and Actilyse. It is a thrombolytic drug prescribed to treat acute myocardial infarctions and other blood clotting conditions. Alteplase if often used to treat ischaemic stroke within hours of onset. The drug acts by breaking up blood clots. Alteplase binds fibrin in the blood clot to converts plasminogen to plasmin. Plasmin is a proteolytic enzyme that causing the degradation of fibrin. A side effect of the drug is bleeding, angioedema, allergic reactions and fever.  (less)",
    "chem_link": [
        "HMDB0000895",
        "HMDB0061278",
        "HMDB0001341",
        "HMDB0000538",
        "HMDB0001967",
        "HMDB0000492",
        "HMDB0000870",
        "HMDB0001362",
        "HMDB0000595",
        "HMDB0059597",
        "HMDB0001429",
        "HMDB0000586",
        "HMDB0005026",
        "HMDB0002111",
        "HMDB0001303"
    ],
    "prot_link": [
        "P00915",
        "O15247",
        "P01350",
        "P32239",
        "P25021",
        "P20309",
        "Q9Y6J6",
        "P51787",
        "P20648",
        "P51164",
        "P61278",
        "P30874"
    ]
}