{
    "smpdb": "SMP0000510",
    "name": "Mevalonic Aciduria",
    "class": "Disease",
    "description": "Glutaric Aciduria Type 1 is a rare autosomal recessive disease caused by a mutation in the GCDH which codes for glutaryl-CoA dehydrogenase. A deficiency in this enzyme results in accumulation of 3-hydroxybutyric acid, 3-hydroxyglutaric acid, glutaconic acid, glutaric acid, and ketone bodies in urine. Symptoms include encephalopathy, grimacing, dystonia, metabolic acidosis, and hygroma. Treatment includes a low-protein diet, L-carnitine, riboflavin, and anticonvulsants. (less)",
    "chem_link": [
        "HMDB0001341",
        "HMDB0000538",
        "HMDB0015360",
        "HMDB0001429",
        "HMDB0001315",
        "HMDB0002111"
    ],
    "prot_link": [
        "Q9UNQ0",
        "Q92887",
        "P08183",
        "P33527",
        "Q9NPD5",
        "P68363",
        "Q9H4B7"
    ]
}