{
    "smpdb": "SMP0000191",
    "name": "Histidinemia",
    "class": "Disease",
    "description": "Anistreplase, trade name Eminase, is a thrombolytic drug prescribed to treat acute myocardial infarction. The drug is an acylated streptokinase-plasminogen complex. The acylation of the drug renders it temporarily inactive, protecting it from plasmin inhibitors. Anistreplase is deacylated following injection, activating the drug to increase thrombolysis by increasing plasminogen's conversion to plasmin. Plasmin breaks down the fibrin of the thrombus to break up the clot and release arterial blockages. Anistreplase has been shown to be very effective when administered shortly after onset of chest pain. Compared to other thrombolytic drugs, Anistreplase has a longer plasma half-life. It also advantageous as it can be given as a single bolus intravenous injection.  (less)",
    "chem_link": [
        "HMDB0011644",
        "HMDB0001419",
        "HMDB0006247",
        "HMDB0001231",
        "HMDB0002103",
        "HMDB0012456",
        "HMDB0012455",
        "HMDB0012453",
        "HMDB0003540",
        "HMDB0006890",
        "HMDB0006891",
        "HMDB0006889",
        "HMDB0003533",
        "HMDB0006895",
        "HMDB0006894",
        "HMDB0006893",
        "HMDB0002159",
        "HMDB0000601",
        "HMDB0000359",
        "HMDB0012454",
        "HMDB0001457",
        "HMDB0006888",
        "HMDB0012459",
        "HMDB0006280",
        "HMDB0006281",
        "HMDB0006887",
        "HMDB0002197",
        "HMDB0006892",
        "HMDB0001993",
        "HMDB0001496",
        "HMDB0012458",
        "HMDB0001341",
        "HMDB0000538",
        "HMDB0006737",
        "HMDB0000518",
        "HMDB0000637",
        "HMDB0006292",
        "HMDB0000067",
        "HMDB0000619",
        "HMDB0001374",
        "HMDB0001423",
        "HMDB0000626",
        "HMDB0000631",
        "HMDB0001248",
        "HMDB0000123",
        "HMDB0000138",
        "HMDB0003178",
        "HMDB0015531",
        "HMDB0000761",
        "HMDB0000698",
        "HMDB0000722",
        "HMDB0000902",
        "HMDB0001487",
        "HMDB0000217",
        "HMDB0000221",
        "HMDB0001377",
        "HMDB0000220",
        "HMDB0001275",
        "HMDB0000250",
        "HMDB0000251",
        "HMDB0000951",
        "HMDB0000036",
        "HMDB0000896",
        "HMDB0002111"
    ],
    "prot_link": [
        "Q9JKJ9",
        "Q60991",
        "Q9EQC1",
        "O88962",
        "Q9JII6",
        "O09174",
        "Q91X34",
        "Q4LDG0",
        "Q9WVK8",
        "Q9Z0F5",
        "Q64505",
        "Q9Z0M5",
        "P32020",
        "Q9QXD1",
        "P51660",
        "Q9DBG1"
    ]
}