{
    "smpdb": "SMP0000219",
    "name": "UMP Synthase Deficiency (Orotic Aciduria)",
    "class": "Disease",
    "description": "Paclitaxel is an anticancer agent isolated from the bark of the yew tree. It is classified as a microtubule-stabilizing agent and exerts cell killing effects by disrupting mitosis in dividing cells. Microtubules are made up of \u03b1- and \u03b2- tubulin heterodimers arranged head to tail and assembled to form a cylinder. Microtubules possess complex polymerization dynamics that are essential for movement of chromosomes and proper segregation of daughter cells during mitosis. Paclitaxel binds directly to the inner surface of \u03b2-subunits along the length of microtubules. Binding is thought to induce a conformational change in tubulin that increases its affinity for neighbouring molecules. At sufficiently high concentrations, paclitaxel can bind to \u03b2-tubulin in a one to one ratio and stimulate microtubule polymerization. At lower clinically relevant drug concentrations, paclitaxel stabilizes microtubules and prohibits further polymerization and depolymerization. Suppression of microtubule dynamics may prevent chromosomes from moving from the spindle poles to the metaphase plate slowing or preventing progression from metaphase to anaphase. Cells enter a state of mitotic arrest from which they may progress to one of several fates. The tetraploid cell may undergo unequal cell division producing aneuploid daughter cells. Alternatively, it may exit the cell cycle without undergoing cell division, a process termed mitotic slippage or adaptation. These cells may continue progressing through the cell cycle as tetraploid cells (Adaptation I), may exit G1 phase and undergo apoptosis or senescence (Adaption II), or may escape to G1 and undergo apoptosis during interphase (Adaptation III). Another possibility is cell death during mitotic arrest. Alternatively, mitotic catastrophe may occur causing cell death. Paclitaxel is susceptible to cellular drug resistance caused by drug efflux via a number of multidrug resistance-associated proteins. (less)",
    "chem_link": [
        "HMDB0061341",
        "HMDB0000972",
        "HMDB0001044",
        "HMDB0061344",
        "HMDB0001308",
        "HMDB0006273",
        "HMDB0001235",
        "HMDB0003192",
        "HMDB0001128",
        "HMDB0061269",
        "HMDB0060412",
        "HMDB0061270",
        "HMDB0061339",
        "HMDB0060415",
        "HMDB0060416",
        "HMDB0060601",
        "HMDB0060804",
        "HMDB0000034",
        "HMDB0000050",
        "HMDB0001341",
        "HMDB0001178",
        "HMDB0000045",
        "HMDB0000538",
        "HMDB0000536",
        "HMDB0001517",
        "HMDB0000051",
        "HMDB0000464",
        "HMDB0000058",
        "HMDB0001967",
        "HMDB0001548",
        "HMDB0001508",
        "HMDB0000101",
        "HMDB0000905",
        "HMDB0001532",
        "HMDB0000085",
        "HMDB0000071",
        "HMDB0001351",
        "HMDB0000960",
        "HMDB0001440",
        "HMDB0001340",
        "HMDB0061376",
        "HMDB0001248",
        "HMDB0012943",
        "HMDB0000134",
        "HMDB0000123",
        "HMDB0002022",
        "HMDB0000132",
        "HMDB0000133",
        "HMDB0011629",
        "HMDB0001201",
        "HMDB0001397",
        "HMDB0001273",
        "HMDB0003178",
        "HMDB0003125",
        "HMDB0000157",
        "HMDB0003335",
        "HMDB0000195",
        "HMDB0000189",
        "HMDB0000175",
        "HMDB0000191",
        "HMDB0000148",
        "HMDB0000641",
        "HMDB0000547",
        "HMDB0015167",
        "HMDB0061327",
        "HMDB0002206",
        "HMDB0000902",
        "HMDB0001487",
        "HMDB0000217",
        "HMDB0000221",
        "HMDB0001377",
        "HMDB0001429",
        "HMDB0001439",
        "HMDB0000280",
        "HMDB0000999",
        "HMDB0002142",
        "HMDB0000586",
        "HMDB0000250",
        "HMDB0001489",
        "HMDB0000939",
        "HMDB0001185",
        "HMDB0000797",
        "HMDB0000588",
        "HMDB0001846",
        "HMDB0061266",
        "HMDB0014496",
        "HMDB0060874",
        "HMDB0060875",
        "HMDB0060876",
        "HMDB0000289",
        "HMDB0002111",
        "HMDB0000292",
        "HMDB0000299",
        "HMDB0001554",
        "HMDB0001303"
    ],
    "prot_link": [
        "P07741",
        "P00813",
        "P55263",
        "Q96PN6",
        "P00568",
        "P30566",
        "P30520",
        "Q9UKK9",
        "Q06278",
        "Q06203",
        "P23109",
        "Q8NBU5",
        "P31939",
        "P50583",
        "Q9Y233",
        "Q08499",
        "P49902",
        "Q16854",
        "O75356",
        "Q5MY95",
        "Q99808",
        "Q14542",
        "P36959",
        "P49915",
        "Q9Y2T3",
        "P33402",
        "Q02153",
        "Q16774",
        "P00492",
        "Q9BY32",
        "P20839",
        "O15439",
        "O15440",
        "P22234",
        "O75414",
        "O15067",
        "P00491",
        "P63000",
        "P23921",
        "P31350",
        "P21108",
        "O43868",
        "Q9HAS3",
        "P51580",
        "P10599",
        "P22102",
        "P47989"
    ]
}