{
    "smpdb": "SMP0000005",
    "name": "Pterine Biosynthesis",
    "class": "Metabolic",
    "description": "Folates are very important cofactors that provide support for many biosynthetic reactions.  The reactions depicted in this pathway include reactions that are paired with transports, within the cell, travelling intracellularly, which allows folate to be absorbed by cells, as well as the synthesis of pterines, which are used in folate synthesis. Two branches are depicted: Pterin synthesis and Folate biosynthesis. In pterin synthesis, GTP is the precursor for pterin biosynthesis.  In the first reaction, GTP cyclohydrolase acts to create formamidopyrimidine nucleoside triphosphate from guanosine triphosphate, which is provided from the purine metabolism pathway. Formamidopyrimidine nucleoside triphosphate then uses GTP cyclohydrolase again to create 2,5-diaminopyrimidine nucleoside triphosphate. GTP cyclohydrolase then works with 2,5-diaminopyrimidine nucleoside triphosphate to produce 2,3-diamino-6-(5\u2019-triphosphoryl-3\u2019,4\u2019-trihydroxy-2\u2019-oxopentyl)-amino-4-oxopyrimidine, which is then converted by GTP cyclohydrolase to dihydroneopterin triphosphate. Dihydroneopterin is then transported to the mitochondria and subsequently catalyzed into dyspropterin, which then exits the mitochondria to continue pterin biosynthesis. Once having been transported from the mitochondria, dyspropterin uses sepiapterin reductase, aldose reductase and carbonyl reductase [NADPH] 1 to create 6-lactoyltetrahydropterin. This compound then undergoes 2 reactions, the first being sepiapterin reductase converting 6-lactoyltetrahydropterin into tetrahydrobiopterin, the second being 6-lactoyltetrahydropterin being converted to sepiapterin. Both branches of pterin reactions then respectively end in the creation of neopterin and dihydrobiopterin.\n\n (less)",
    "chem_link": [
        "HMDB0002925",
        "HMDB0002226",
        "HMDB0001043",
        "HMDB0000464",
        "HMDB0002177",
        "HMDB0002183",
        "HMDB0006528",
        "HMDB0001976",
        "HMDB0001999",
        "HMDB0000673",
        "HMDB0008204",
        "HMDB0006547",
        "HMDB0002007",
        "HMDB0006323",
        "HMDB0006322",
        "HMDB0006246",
        "HMDB0001388",
        "HMDB0003073"
    ],
    "prot_link": [
        "P0C869",
        "Q9GZR5",
        "Q9NYP7",
        "O60427"
    ]
}