{
    "smpdb": "SMP0000023",
    "name": "Steroid Biosynthesis",
    "class": "Metabolic",
    "description": "The steroid biosynthesis (or cholesterol biosynthesis) pathway is an anabolic metabolic pathway that produces steroids from simple precursors. It starts with the mevalonate pathway, where acetyl-CoA and acetoacetyl-CoA are the first two building blocks. These compounds are joined together via the enzyme hydroxy-3-methylgutaryl (HMG)-CoA synthase to produce the compound known as hydroxy-3-methylgutaryl-CoA (HMG-CoA). This compound is then reduced to mevalonic acid via the enzyme HMG-CoA reductase. It is important to note that HMG-CoA reductase is the protein target of many cholesterol-lowering drugs called statins (PMID: 12602122). The resulting mevalonic acid (or mevalonate) is then phosphorylated by the enzyme known as mevalonate kinase to form mevalonate-5-phosphate, which is then phosphorylated again by phosphomevalonate kinase to form mevolonate-5-pyrophsophate. This pyrophosphorylated compound is subsequently decarboxylated via the enzyme mevolonate-5-pyrophsophate decarboxylase to form isopentylpyrophosphate (IPP). IPP can also be isomerized (via isopentenyl-PP-isomerase) to form dimethylallylpyrophosphate (DMAPP). IPP and DMAPP can both donate isoprene units, which can then be joined together to make farnesyl and geranylgeranyl intermediates. Specifically, three molecules of IPP condense to form farnesyl pyrophosphate through the action of the enzyme known as geranyl transferase. Two molecules of farnesyl pyrophosphate then condense to form a molecule known as squalene by the action of the enzyme known as squalene synthase in the cell\u2019s endoplasmic reticulum. The enzyme oxidosqualene cyclase then cyclizes squalene to form lanosterol. Lanosterol is a tetracyclic triterpenoid, and serves as the framework from which all steroids are derived. 14-Demethylation of lanosterol by a cytochrome P450 enzyme known as CYP51 eventually yields cholesterol. Cholesterol is the central steroid in human biology. It can be obtained from animal fats consumed in the diet or synthesized de novo (as described above). Cholesterol is an essential constituent of lipid bilayer membranes (where it forms cholesterol esters) and is the starting point for the biosynthesis of steroid hormones, bile acids and bile salts, and vitamin D. Steroid hormones are mostly synthesized in the adrenal gland and gonads. They regulate energy metabolism and stress responses (via glucocorticoids such as cortisol), salt balance (mineralocorticoids such as aldosterone), and sexual development and function (via androgens such as testosterone and estrogens such as estradiol). Bile acids and bile salts (such as taurocholate) are mostly synthesized in the liver. They are released into the intestine and function as detergents to solubilize dietary fats. Cholesterol is the main constituent of atheromas. These are the fatty lumps found in the walls of arteries that occur in atherosclerosis and, when ruptured, can cause heart attacks. (less)",
    "chem_link": [
        "HMDB0001396",
        "HMDB0000050",
        "HMDB0000538",
        "HMDB0000097",
        "HMDB0000092",
        "HMDB0001248",
        "HMDB0000742",
        "HMDB0000696",
        "HMDB0000547",
        "HMDB0000902",
        "HMDB0001487",
        "HMDB0001429",
        "HMDB0061371",
        "HMDB0061372",
        "HMDB0000586",
        "HMDB0000250",
        "HMDB0000939",
        "HMDB0001185",
        "HMDB0001846",
        "HMDB0002111",
        "HMDB0001303",
        "HMDB0000043",
        "HMDB0001252"
    ],
    "prot_link": [
        "P23526",
        "P49419",
        "Q93088",
        "Q8NE62",
        "Q9NZL9",
        "Q99707",
        "Q9UBM1",
        "P31153"
    ]
}