{
    "smpdb": "SMP0000324",
    "name": "Procainamide (Antiarrhythmic) Action Pathway",
    "class": "Drug Action",
    "description": "Oxprenolol (also known as Trasacor or Trasicor) is a beta blocker (non-selective) that are used for treat high blood pressure or chest pain. Oxprenolol bind to beta1-adrenergic receptors in heart and vascular smooth muscle to block the binding of other adrenergic neurotransmitters such as norepinephrine, which lead to decreased blood pressure, heart rate and cardiac output. Oxprenolol can also bind beta-2 adrenergic receptors in juxtaglomerular apparatus and bronchiole smooth muscle. In juxtaglomerular apparatus, oxprenolol can prevent the production of aldosterone and angiotensin II by inhibiting renin production, which lead to prevention of water retention and vasoconstriction. In bronchiole smooth muscle, binding of oxprenolol to beta-2 adrenergic receptors can also prevent vasoconstriction. (less)",
    "chem_link": [
        "HMDB0061362",
        "HMDB0001341",
        "HMDB0000538",
        "HMDB0003125",
        "HMDB0014847",
        "HMDB0060599",
        "HMDB0061354",
        "HMDB0061355",
        "HMDB0061356",
        "HMDB0060641",
        "HMDB0060640",
        "HMDB0000547",
        "HMDB0000224",
        "HMDB0001377",
        "HMDB0001429",
        "HMDB0001565",
        "HMDB0000250",
        "HMDB0000295",
        "HMDB0000285",
        "HMDB0002111"
    ],
    "prot_link": [
        "Q8TCD5",
        "Q9UNQ0",
        "Q92887",
        "O15438",
        "P49585",
        "Q8WUD6",
        "P27707",
        "Q99447",
        "P08183",
        "P33527",
        "O15439",
        "P15531",
        "P00558",
        "O15245",
        "O15244",
        "O75751",
        "P50225",
        "P30085"
    ]
}