{
    "smpdb": "SMP0000507",
    "name": "L-Arginine:Glycine Amidinotransferase Deficiency",
    "class": "Disease",
    "description": "CHILD Syndrome, (Congenital Hemidysplasia with Icthyosiform Erythroderma and Limb Defects; Ichthyosiform Eruthroderma, Unilateral, with Epsilateral Malformations, Especially Absence Deformity of Limbs) is caused by a mutation in the gene encoding NADH steroid dehydrogenase-like protein (NSDHL). A defect in sterol-4 alpha-carboxylate 3-dehydrogenase, which normally catalyzes the reaction 3-beta-hydroxy-4-beta-methyl-5-alpha-cholest-7-ene-4-alpha-carboxylate + NAD+ = 4-alpha-methyl-5-alpha-cholest-7-en-3-one + CO2 + NADH, causes accumulation of 8(9)cholestenol and 8-dehydrocholesterol in plasma. Symptoms of CHILD syndrome include hearing defects, hemidysplasia, unilateral hypomelia, ichthyosiform nevi, limb abnormalities, lung hypoplasia, and punctate calcifications. (less)",
    "chem_link": [
        "P80404",
        "P24298",
        "Q06203",
        "P00505",
        "P27708",
        "P31327",
        "P30038",
        "Q96EK6",
        "Q99259",
        "P00367",
        "P48506",
        "P48507",
        "Q9UI32",
        "A8YXX4",
        "Q06210",
        "P47897",
        "Q6IA69",
        "P00390",
        "P48637",
        "P49915",
        "Q9UJ70",
        "Q5JPH6",
        "P51649"
    ],
    "prot_link": [
        "HMDB0001301",
        "HMDB0061380",
        "HMDB0001128",
        "HMDB0001206",
        "HMDB0001341",
        "HMDB0001178",
        "HMDB0000045",
        "HMDB0000538",
        "HMDB0000051",
        "HMDB0000030",
        "HMDB0001096",
        "HMDB0001967",
        "HMDB0003538",
        "HMDB0003362",
        "HMDB0001423",
        "HMDB0001248",
        "HMDB0000124",
        "HMDB0001254",
        "HMDB0000125",
        "HMDB0000123",
        "HMDB0001397",
        "HMDB0059597",
        "HMDB0000161",
        "HMDB0000191",
        "HMDB0000574",
        "HMDB0000148",
        "HMDB0000641",
        "HMDB0000547",
        "HMDB0001062",
        "HMDB0000902",
        "HMDB0001487",
        "HMDB0000217",
        "HMDB0000221",
        "HMDB0001179",
        "HMDB0000223",
        "HMDB0003337",
        "HMDB0000208",
        "HMDB0001429",
        "HMDB0000280",
        "HMDB0002142",
        "HMDB0001491",
        "HMDB0000250",
        "HMDB0000243",
        "HMDB0000254",
        "HMDB0001259",
        "HMDB0002111",
        "HMDB0001554",
        "HMDB0001303",
        "HMDB0000112",
        "HMDB0001049"
    ]
}