{
    "smpdb": "SMP0000530",
    "name": "Familial Lipoprotein Lipase Deficiency",
    "class": "Disease",
    "description": "Argininemia is caused by a mutation in the gene ARG, encoding liver arginase, which hydrolyses arginine to urea and ornithine in the last step of the urea cycle. A defect in liver arginase causes accumulation of ammonia in blood; arginine, creatine, guanidinoacetate, and homoarginine in plasma; urea nitrogen in serum; arginine and homoarginine in spinal fluid; and arginiosuccinate orotic acid, and uracil in urine. Symptoms include ataxia, cerebral atrophy, chorea, jaundice, and seizures. (less)",
    "chem_link": [
        "HMDB0059655",
        "HMDB0061380",
        "HMDB0001206",
        "HMDB0001341",
        "HMDB0000538",
        "HMDB0000051",
        "HMDB0041827",
        "HMDB0000030",
        "HMDB0001967",
        "HMDB0000072",
        "HMDB0000094",
        "HMDB0001423",
        "HMDB0001072",
        "HMDB0000606",
        "HMDB0001248",
        "HMDB0001197",
        "HMDB0000134",
        "HMDB0001201",
        "HMDB0001273",
        "HMDB0000595",
        "HMDB0059597",
        "HMDB0000193",
        "HMDB0000694",
        "HMDB0000148",
        "HMDB0000641",
        "HMDB0000156",
        "HMDB0000962",
        "HMDB0000547",
        "HMDB0001333",
        "HMDB0000902",
        "HMDB0001487",
        "HMDB0000217",
        "HMDB0000221",
        "HMDB0000223",
        "HMDB0000208",
        "HMDB0001429",
        "HMDB0000243",
        "HMDB0059661",
        "HMDB0000254",
        "HMDB0001022",
        "HMDB0001372",
        "HMDB0002111"
    ],
    "prot_link": [
        "Q02218",
        "Q99798",
        "O75390",
        "P21399",
        "Q8N465",
        "P09622",
        "P10515",
        "P36957",
        "P07954",
        "P00367",
        "Q9UI32",
        "P50213",
        "O43837",
        "P51553",
        "O75874",
        "P48735",
        "Q9H9P8",
        "Q9Y2K7",
        "P40926",
        "Q8NFU7",
        "Q6LAP8",
        "Q9Y5U8",
        "H0YLL5",
        "P11498",
        "P08559",
        "P11177",
        "O14521",
        "P31040",
        "P21912",
        "Q99643",
        "P53597",
        "Q96I99"
    ]
}