{
    "smpdb": "SMP0000230",
    "name": "Ranitidine Action Pathway",
    "class": "Drug Action",
    "description": "beta-Ketothiolase Deficiency (2-Methyl-3-Hydroxybutyric Acidemia; Mitochondrial Acetoacetyl-CoA Thiolase Deficiency; MAT Deficiency; T2 Deficiency; 3-KTD Deficiency; 3-Ketothiolase Deficiency) is an autosomal recessive disease caused by a mutation in the HADHB gene which codes for beta-ketathiolase. A deficiency in this enzyme results in accumulation of ammonia and ketone bodies in blood; and 2-methyl-3-hydroxybutyric acid, 2-methylacetoacetic acid, 3-hydroxybutyric acid, tiglylglycine, and ketone bodies in urine. Symptoms include ketosis, seizures, organic acids in urine, and hyperammonemia. Treatment includes a low protein diet and L-carnitine.h3. h2. (less)",
    "chem_link": [
        "P42765",
        "P24752",
        "P50416",
        "P23786",
        "P30084",
        "Q92947",
        "P28330",
        "P33121",
        "P11310",
        "P16219",
        "P45954",
        "P40939",
        "P55084",
        "P49748"
    ],
    "prot_link": [
        "HMDB0000990",
        "HMDB0000042",
        "HMDB0001484",
        "HMDB0006880",
        "HMDB0001206",
        "HMDB0001494",
        "HMDB0001341",
        "HMDB0000045",
        "HMDB0000538",
        "HMDB0000030",
        "HMDB0001967",
        "HMDB0001423",
        "HMDB0006458",
        "HMDB0001311",
        "HMDB0000985",
        "HMDB0001248",
        "HMDB0000125",
        "HMDB0001201",
        "HMDB0001273",
        "HMDB0001362",
        "HMDB0000595",
        "HMDB0059597",
        "HMDB0000190",
        "HMDB0000156",
        "HMDB0003052",
        "HMDB0000962",
        "HMDB0000547",
        "HMDB0001175",
        "HMDB0001333",
        "HMDB0000902",
        "HMDB0001487",
        "HMDB0000217",
        "HMDB0000221",
        "HMDB0000223",
        "HMDB0001429",
        "HMDB0000263",
        "HMDB0002142",
        "HMDB0000586",
        "HMDB0001881",
        "HMDB0000250",
        "HMDB0001167",
        "HMDB0000243",
        "HMDB0006878",
        "HMDB0001066",
        "HMDB0001372",
        "HMDB0002111",
        "HMDB0001303"
    ]
}