{
    "smpdb": "SMP0000197",
    "name": "Lysinuric Protein Intolerance",
    "class": "Disease",
    "description": "Hartunup Disorder (HND, Hartnup Disease) is an autosomal recessive disease caused by a mutation in the SLC6A19 which codes for sodium-dependent neutral amino acid transporter B(0). A deficiency in this enzyme results in accumulation of L-alanine, L-asparagine, L-histidine, indoleacetic acid, L-isoleucine, L-leucine, L-phenylalanine, L-serine, L-threonine, L-tryptophan, L-valine, and L-tyrosine in urine. Symptoms include pellagra, psychosis, ataxia, and mental retardation. Treatment includes nicotinamide. (less)",
    "chem_link": [
        "P49914",
        "P13995",
        "P11586",
        "O75891",
        "P00374",
        "Q05932",
        "O95954",
        "Q92820",
        "Q96DP5",
        "P42898",
        "Q6UB35",
        "Q96NT5"
    ],
    "prot_link": [
        "HMDB0000972",
        "HMDB0001354",
        "HMDB0001533",
        "HMDB0001534",
        "HMDB0001396",
        "HMDB0001341",
        "HMDB0000538",
        "HMDB0000051",
        "HMDB0000464",
        "HMDB0001967",
        "HMDB0001056",
        "HMDB0001248",
        "HMDB0000121",
        "HMDB0000142",
        "HMDB0059597",
        "HMDB0000148",
        "HMDB0000547",
        "HMDB0003470",
        "HMDB0001562",
        "HMDB0000902",
        "HMDB0001487",
        "HMDB0000217",
        "HMDB0000221",
        "HMDB0001429",
        "HMDB0001491",
        "HMDB0001846",
        "HMDB0006825",
        "HMDB0006826",
        "HMDB0002111"
    ]
}