{
    "smpdb": "SMP0000015",
    "name": "Glutathione Metabolism",
    "class": "Metabolic",
    "description": "Glutathione (GSH) is an low-molecular-weight thiol and antioxidant in various species such as plants, mammals and microbes. Glutathione plays important roles in nutrient metabolism, gene expression, etc. and sufficient protein nutrition is important for maintenance of GSH homeostasis. Glutathione is synthesized from glutamate, cysteine, and glycine sequentially by gamma-glutamylcysteine synthetase and GSH synthetase. L-Glutamic acid and cysteine are synthesized to form gamma-glutamylcysteine by glutamate-cysteine ligase that is powered by ATP. Gamma-glutamylcysteine and glycine can be synthesized to form glutathione by enzyme glutathione synthetase that is powered by ATP, too. Glutathione exists oxidized (GSSG) states and in reduced (GSH) state. Oxidation of glutathione happens due to relatively high concentration of glutathione within cells. (less)",
    "chem_link": [
        "HMDB0061369",
        "HMDB0001341",
        "HMDB0000538",
        "HMDB0031524",
        "HMDB0000078",
        "HMDB0001248",
        "HMDB0000125",
        "HMDB0000123",
        "HMDB0061365",
        "HMDB0003125",
        "HMDB0061370",
        "HMDB0000574",
        "HMDB0000148",
        "HMDB0061368",
        "HMDB0061367",
        "HMDB0000217",
        "HMDB0000221",
        "HMDB0003337",
        "HMDB0002142",
        "HMDB0000267",
        "HMDB0061366",
        "HMDB0002111",
        "HMDB0015532",
        "HMDB0001303",
        "HMDB0001049"
    ],
    "prot_link": [
        "O14841",
        "P15144",
        "P55210",
        "O75223",
        "Q6P531",
        "P48506",
        "P48507",
        "P07203",
        "P00390",
        "Q9H4Y5",
        "P48637",
        "Q02978"
    ]
}