{
    "smpdb": "SMP0000218",
    "name": "Tyrosinemia Type I",
    "class": "Disease",
    "description": "Segawa syndrome is a condition in which the affected individual has a clumsy or unusual gait, and experiences involuntary muscle contractions  and uncontrolled movements (dystonia). Some cases are mild, while others can be severe. The beginning signs of this condition are dystonia in the legs, and clubfeet. The cause of this condition is a mutation in the GCH1 gene. Tetrahydrobiopterin is an important compound in the production of neurotransmitters, specifically dopamine and serotonin, and the processing of quite a few amino acids, The mutation on GCH1 causes GTP cyclohydrase 1 production to be reduced or absent which causes the first three steps of tetrahydrobiopterin biosynthesis to be compromised. Dopamine is imperative in maintaining smooth muscle movements, which is why patients with Segawa syndrome experience movement problems and an unusual gait. \n (less)",
    "chem_link": [
        "Q9UBR1",
        "P27708",
        "P17812",
        "P32320",
        "P49902",
        "P32321",
        "P33316",
        "Q02127",
        "Q14117",
        "Q12882",
        "Q9UIJ7",
        "Q9Y2T3",
        "Q9BY32",
        "O75414",
        "P31350",
        "Q7LG56",
        "Q8WVQ1",
        "P04183",
        "P19971",
        "P04818",
        "Q5EBM0",
        "A8K5J1",
        "O95045",
        "Q9NWZ5"
    ],
    "prot_link": [
        "HMDB0000807",
        "HMDB0001341",
        "HMDB0000538",
        "HMDB0001423",
        "HMDB0007098",
        "HMDB0001473",
        "HMDB0001248",
        "HMDB0001051",
        "HMDB0000139",
        "HMDB0000131",
        "HMDB0000126",
        "HMDB0002434",
        "HMDB0007853",
        "HMDB0011533",
        "HMDB0000902",
        "HMDB0001487",
        "HMDB0000217",
        "HMDB0000221",
        "HMDB0000674",
        "HMDB0000220",
        "HMDB0001338",
        "HMDB0001429",
        "HMDB0003364",
        "HMDB0005356",
        "HMDB0002111"
    ]
}