{
    "smpdb": "SMP0000128",
    "name": "Gluconeogenesis",
    "class": "Metabolic",
    "description": "Gluconeogenesis, which is essentially the reverse of glycolysis, results in the sythesis of glucose from non-carbohydrate substrates such as lactate, glycerol, and glucogenic amino acids. In animals, gluconeogenesis occurs primarily in the liver, and in the renal cortex to a lesser extent. This process occurs during periods of fasting or intense exercise. Gluconeogenesis is often associated with ketosis. Several non-carbohydrate carbon substrates can enter the gluconeogenesis pathway. One common substrate is lactic acid, formed during anaerobic respiration in skeletal muscle. Lactate may also come from red blood cells, which obtain energy solely from glycolysis as they have no membrane-bound organelles for aerobic respiration. Lactate is transported to the liver to be converted into pyruvate in the Cori cycle by lactate dehydrogenase. Pyruvate can then be used to generate glucose via gluconeogenesis. Many other compounds can also function as substrates for gluconeogenesis such as citric acid cycle intermediates (through conversion to oxaloacetate), amino acids other than lysine or leucine, and glycerol .\n (less)",
    "chem_link": [
        "HMDB0001341",
        "HMDB0000538",
        "HMDB0000464",
        "HMDB0000122",
        "HMDB0000645",
        "HMDB0001586",
        "HMDB0015531",
        "HMDB0000547",
        "HMDB0001333",
        "HMDB0001429",
        "HMDB0002142",
        "HMDB0000250",
        "HMDB0000295",
        "HMDB0000288",
        "HMDB0000286",
        "HMDB0000302",
        "HMDB0000285",
        "HMDB0002111",
        "HMDB0001303",
        "HMDB0000186"
    ],
    "prot_link": [
        "P00709",
        "P15291",
        "P07902",
        "P35575",
        "P22392",
        "Q8WVQ1",
        "P11166",
        "P78381",
        "P30085",
        "Q16851"
    ]
}