{
    "smpdb": "SMP0000338",
    "name": "Intracellular Signalling Through LHCGR Receptor and Luteinizing Hormone/Choriogonadotropin",
    "class": "Protein",
    "description": "3-Hydroxy-3-methylglutaryl-CoA lyase deficiency (3-Hydroxy-3-methylglutaric acidemia; Leucine metabolism, defect in, HMG-CoA lyase deficiency) is an autosomal recessive disease caused by a mutation in the HMGCL gene which codes for hydroxymethylglutaryl-CoA lyase. A deficiency in this enzyme results in accumulation of 3-hydroxymethylglutaric acid, 3-hydroxyisovaleric acid, 3-methylcrotonylglycine and 3-methylglutaconic acid (cis and trans form), and methylglutaric acid in urine; and ammonia in blood. Symptoms include cardiomyopathy, dehydration, hypotonia, lactic acidosis, and pancreatitis. Treatment includes a low-fat, low-protein, high-carbohydrate diet. (less)",
    "chem_link": [
        "HMDB0060717",
        "HMDB0060952",
        "HMDB0001341",
        "HMDB0000538",
        "HMDB0000464",
        "HMDB0015282",
        "HMDB0000073",
        "HMDB0001426",
        "HMDB0003178",
        "HMDB0059597",
        "HMDB0001848",
        "HMDB0000902",
        "HMDB0001487",
        "HMDB0000217",
        "HMDB0000221",
        "HMDB0000216",
        "HMDB0001377",
        "HMDB0001429",
        "HMDB0000586",
        "HMDB0000259",
        "HMDB0000588",
        "HMDB0002111"
    ],
    "prot_link": [
        "P08908",
        "P35348",
        "B7ZKV8",
        "P01203",
        "P05177",
        "P33261",
        "P10635",
        "P08684",
        "P21728",
        "Q8TCU5",
        "Q12879",
        "Q05586",
        "Q9NS61",
        "P35372",
        "P16519",
        "P43681",
        "P17787",
        "Q9NZV8",
        "P01189",
        "Q9Y5Y9",
        "Q07699",
        "Q01959",
        "P23975",
        "P31645",
        "P05023",
        "P50993",
        "P13637",
        "Q13733",
        "P05026",
        "P14415",
        "P54709",
        "P54710",
        "Q9NY47",
        "Q02641",
        "O00555"
    ]
}