{
    "smpdb": "SMP0000096",
    "name": "Celecoxib metabolism Pathway",
    "class": "Metabolic",
    "description": "Heparin (also named unfractionated heparin or Clexane) is an anticoagulant medication. The main mechanism of heparin is acting on increasing the rate of antithrombin-related neutralization of coagulation factors for certain activated type. More specifically, heparin will bind to the antithrombin III (AT) that make antithrombin III changing to its activated form. Activated antithrombin III will inactive prothrombin and factor Xa (also other proteases).  (less)",
    "chem_link": [
        "P12821",
        "P01019",
        "P00797",
        "P00797",
        "P30556",
        "nknown"
    ],
    "prot_link": [
        "HMDB0000037",
        "HMDB0061196",
        "HMDB0001035",
        "HMDB0000492",
        "HMDB0001362",
        "HMDB0001938",
        "HMDB0000586",
        "HMDB0000588",
        "HMDB0001980",
        "HMDB0002111",
        "HMDB0001303"
    ]
}