{
    "smpdb": "SMP0000463",
    "name": "Phosphatidylinositol Phosphate Metabolism",
    "class": "Metabolic",
    "description": "Phosphatidylinositol phosphates, or phosphoinositides, are intracellular signaling lipids. Seven different phosphoinositides have been identified in mammals, each distinguished by the number and/or position of the phosphate groups on the inositol ring. The inositol can be mono-, di-, or triphosphorylated, with the remaining phosphoinositides being isomers of these three forms. Phosphoinositides regulate a variety of signal transduction processes, thus playing a number of important roles in the cell, such as actin cytoskeletal reorganization, membrane transport, and cell proliferation. They may also affect protein localization, aggregation, and activity by acting as secondary messengers. The ability of the cell to recognize the different types of phosphoinositides as different cellular signals means that their synthesis and metabolism must be tightly regulated. Synthesis begins with the attachment of an inositol phosphate head group to diacylglycerol via a phospholipase C enzyme, creating a phosphoinositide. Conversion between the different types of phosphoinositides is then done by a number of specific phosphoinositide kinases and phosphatases, which add (kinase) and remove (phosphatase) phosphates from the inositol ring. The specific localization and regulation of the phosphoinositide kinases and phosphatases thus controls the activity of the phosphoinositides. While the phosphoinositides are always located in the membrane, their particular kinases and phosphatases may be found in the cytoplasm or in the membrane of the cell or cell organelles. (less)",
    "chem_link": [
        "HMDB0001330",
        "HMDB0001123",
        "HMDB0001280",
        "HMDB0061344",
        "HMDB0001476",
        "HMDB0004077",
        "HMDB0004083",
        "HMDB0000978",
        "HMDB0002281",
        "HMDB0000472",
        "HMDB0004086",
        "HMDB0004073",
        "HMDB0000763",
        "HMDB0004076",
        "HMDB0012819",
        "HMDB0004096",
        "HMDB0004081",
        "HMDB0001206",
        "HMDB0004259",
        "HMDB0000045",
        "HMDB0000538",
        "HMDB0001967",
        "HMDB0004078",
        "HMDB0001423",
        "HMDB0001248",
        "HMDB0000692",
        "HMDB0000142",
        "HMDB0012948",
        "HMDB0004089",
        "HMDB0003178",
        "HMDB0003125",
        "HMDB0001190",
        "HMDB0000197",
        "HMDB0000715",
        "HMDB0011631",
        "HMDB0000161",
        "HMDB0000148",
        "HMDB0000684",
        "HMDB0000929",
        "HMDB0001389",
        "HMDB0002206",
        "HMDB0001200",
        "HMDB0001238",
        "HMDB0004369",
        "HMDB0004370",
        "HMDB0000902",
        "HMDB0001487",
        "HMDB0000217",
        "HMDB0000221",
        "HMDB0000208",
        "HMDB0001377",
        "HMDB0001491",
        "HMDB0000250",
        "HMDB0000232",
        "HMDB0000939",
        "HMDB0001185",
        "HMDB0000259",
        "HMDB0000027",
        "HMDB0000303",
        "HMDB0002111",
        "HMDB0000881"
    ],
    "prot_link": [
        "Q8TDX5",
        "P46952",
        "P46597",
        "P05091",
        "Q06278",
        "P20711",
        "P04040",
        "P04798",
        "P14902",
        "O95050",
        "Q16719",
        "O15229",
        "Q63HM1",
        "Q8N5Z0",
        "Q16613",
        "P48775",
        "P17752",
        "P23381",
        "Q9UGM6"
    ]
}