{
    "smpdb": "SMP0000077",
    "name": "Piroxicam Action Pathway",
    "class": "Drug Action",
    "description": "Leukotriene C4 synthetase deficiency is caused by a defect in the enzyme leukotriene C4 synthetase (LTC4S). This enzyme catalyzes the synthesis of leukotriene C4 (LTC4) through conjugation of LTA4 with reduced glutathione (GSH), which is synthesized by glutathione synthetase. Leukotriene C4 and its receptor-binding metabolites LTD4 and LTE4 are cysteinyl leukotrienes that are potent lipid mediators of tissue inflammation. In general, leukotrienes are potent proinflammatory mediators synthesized from membrane-derived arachidonic acid after activation of certain granulocytes. A defect in LTC4 results in decreased concentrations of cysteinyl leukotrienes LTC4, LTD4 and LTE4 in plasma, spinal fluid and urine. Symptoms include early death, failure to thrive, motor retardation, microcephaly, and progressive neurological defect. (less)",
    "chem_link": [
        "P01008",
        "P00740",
        "P12259",
        "P08709",
        "P00451",
        "P00742",
        "P03951",
        "P00748",
        "P00488",
        "P05160",
        "P02452",
        "P02671",
        "P02675",
        "P02679",
        "P03952",
        "P00747",
        "P00734",
        "P13726",
        "P00750",
        "Q9BQB6",
        "P38435"
    ],
    "prot_link": [
        "HMDB0006915",
        "HMDB0001336",
        "HMDB0006242",
        "HMDB0001866",
        "HMDB0003791",
        "HMDB0000318",
        "HMDB0004061",
        "HMDB0000022",
        "HMDB0001268",
        "HMDB0000707",
        "HMDB0002281",
        "HMDB0004058",
        "HMDB0001253",
        "HMDB0000060",
        "HMDB0000051",
        "HMDB0000044",
        "HMDB0000464",
        "HMDB0001967",
        "HMDB0000657",
        "HMDB0001264",
        "HMDB0000073",
        "HMDB0001229",
        "HMDB0000068",
        "HMDB0001248",
        "HMDB0000692",
        "HMDB0012943",
        "HMDB0000134",
        "HMDB0001398",
        "HMDB0000130",
        "HMDB0000118",
        "HMDB0005175",
        "HMDB0059597",
        "HMDB0003125",
        "HMDB0006779",
        "HMDB0015531",
        "HMDB0000191",
        "HMDB0000181",
        "HMDB0001430",
        "HMDB0000148",
        "HMDB0000158",
        "HMDB0004067",
        "HMDB0000547",
        "HMDB0002052",
        "HMDB0004068",
        "HMDB0004063",
        "HMDB0000164",
        "HMDB0000902",
        "HMDB0001487",
        "HMDB0000217",
        "HMDB0000221",
        "HMDB0000216",
        "HMDB0000819",
        "HMDB0000223",
        "HMDB0000208",
        "HMDB0001377",
        "HMDB0000020",
        "HMDB0001491",
        "HMDB0000957",
        "HMDB0013636",
        "HMDB0000939",
        "HMDB0001185",
        "HMDB0000027",
        "HMDB0011639",
        "HMDB0000306",
        "HMDB0000291",
        "HMDB0001490",
        "HMDB0002111",
        "HMDB0015532"
    ]
}