{
    "smpdb": "SMP0000320",
    "name": "Intracellular Signalling Through Adenosine Receptor A2a and Adenosine",
    "class": "Protein",
    "description": "Bisoprolol (also known as Zebeta) is a selective beta blocker that can block beta1-adrenergic receptors and beta2-adrenergic receptors. Blocking of beta1-adrenergic receptors in heart and vascular smooth muscle can lead to reduced heart rate, cardiac output, and decreased blood pressure. Blocking of beta(2)-adrenergic receptors can lead to prevention of bronchospasm. (less)",
    "chem_link": [
        "P05177",
        "P08684",
        "Q9Y5Y9"
    ],
    "prot_link": [
        "HMDB0013929",
        "HMDB0061272",
        "HMDB0001341",
        "HMDB0000538",
        "HMDB0000464",
        "HMDB0005011",
        "HMDB0003178",
        "HMDB0003125",
        "HMDB0001377",
        "HMDB0001429",
        "HMDB0002111"
    ]
}