{
    "smpdb": "SMP0000307",
    "name": "Propranolol Action Pathway",
    "class": "Drug Action",
    "description": "GM2 gangliosidosis varient B or Tay-Sachs disease(TSD) is a neurodegenerative disorder which causes death in infantiles by age 5. Symptoms of TSD are present within 6 months of birth and include lack of motor development, mental retardation, seizures, and ultimately death. TSD is caused by the accumulation of GM2 gangliosides. Hexosaminadase A is the enzyme responsible for the degradation of GM2 gangliosides. It is a heterodimer made an alpha and beta subunit. The deficiency of this enzyme leads to the accumulation of GM2 gangliosides in neuronal lysosomes, eventually leading to cell death\n (less)",
    "chem_link": [
        "P20648"
    ],
    "prot_link": [
        "HMDB0003178",
        "HMDB0059597",
        "HMDB0014998"
    ]
}