{
    "smpdb": "SMP0000135",
    "name": "Eplerenone Action Pathway (Old)",
    "class": "Drug Action",
    "description": "Ximelagatran is an anticoagulant drug used to prevent and treat blood clots, and was the first drug in the anticoagulant drug class to be able to be ingested orally. It was discontinued from distribution by its parent company AstraZeneca in 2006 as it was found to raise liver enzyme levels in patients and cause liver damage as a result. Ximelagatran inhibits prothrombin. Then zooming in even further to the endoplasmic reticulum within the liver, vitamin K1 2,3-epoxide uses vitamin K epoxide reductase complex subunit 1 to become reduced vitamin K (phylloquinone), and then back to vitamin K1 2,3-epoxide continually through vitamin K-dependent gamma-carboxylase. This enzyme also catalyzes precursors of prothrombin and coagulation factors VII, IX and X to prothrombin, and coagulation factors VII, IX and X. From there, these precursors and factors leave the liver cell and enter into the blood capillary bed. Once there, prothrombin is inhibited by ximelagatran, and is catalyzed into the protein complex prothrombinase complex which is made up of coagulation factor Xa/coagulation factor Va (platelet factor 3). These factors are joined by coagulation factor V and ximelagatran inhibits prothrombin. Through the two factors coagulation factor Xa and coagulation factor Va, thrombin is produced and inhibited by ximelagatran, which then uses fibrinogen alphabet, and gamma chains to create fibrin (loose). This is then turned into coagulation factor XIIIa, which is activated through coagulation factor XIII A and B chains. From here, fibrin (mesh) is produced which interacts with endothelial cells to cause coagulation. Plasmin is then created from fibrin (mesh), then joined by tissue-type plasminogen activator through plasminogen and creates fibrin degradation products. These are enzymes that stay in your blood after your body has dissolved a blood clot. Coming back to the factors transported from the liver, coagulation factor X is catalyzed into a group of enzymes called the tenase complex: coagulation factor IX and coagulation factor VIIIa (platelet factor 3). This protein complex is also contributed to by coagulation factor VIII, which through prothrombin is catalyzed into coagulation factor VIIIa. Prothrombin is inhibited by ximelagatran here as well. From there, this protein complex is catalyzed into prothrombinase complex, the group of                                                                                                   proteins mentioned above, contributing to the above process ending in fibrin degradation products. Another enzyme transported from the liver is coagulation factor IX which becomes coagulation factor IXa, part of the tense complex, through coagulation factor XIa. Coagulation factor XIa is produced through coagulation factor XIIa which converts coagulation XI to become coagulation factor XIa. Coagulation factor XIIa is introduced through chain of activation starting in the endothelial cell with collagen alpha-1 (I) chain, which paired with coagulation factor XII activates coagulation factor XIIa. It is also activated through plasma prekallikrein and coagulation factor XIIa which activate plasma kallikrein, which then pairs with coagulation factor XII simultaneously with the previous collagen chain pairing to activate coagulation XIIa. Lastly, the previously transported coagulation factor VII and tissue factor coming from a vascular injury work together to activate tissue factor: coagulation factor VIIa. This enzyme helps coagulation factor X catalyze into coagulation factor Xa, to contribute to the prothrombinase complex and complete the pathway. (less)",
    "chem_link": [
        "P23526",
        "Q93088",
        "Q8NE62",
        "P35520",
        "P32929",
        "Q14749",
        "Q96RQ9",
        "Q9NZL9",
        "Q99707",
        "P56192",
        "Q9Y3D2",
        "Q8IXL7",
        "Q96DP5",
        "P42898",
        "P17707",
        "P31153",
        "Q13126",
        "P34896",
        "P19623"
    ],
    "prot_link": [
        "HMDB0004684",
        "HMDB0002314",
        "HMDB0004673",
        "HMDB0004694",
        "HMDB0004242",
        "HMDB0011137",
        "HMDB0004693",
        "HMDB0061119",
        "HMDB0004692",
        "HMDB0061118",
        "HMDB0004243",
        "HMDB0013633",
        "HMDB0004234",
        "HMDB0002265",
        "HMDB0004264",
        "HMDB0003876",
        "HMDB0004244",
        "HMDB0005079",
        "HMDB0005050",
        "HMDB0004680",
        "HMDB0011136",
        "HMDB0061377",
        "HMDB0061378",
        "HMDB0006059",
        "HMDB0001509",
        "HMDB0005998",
        "HMDB0002343",
        "HMDB0002190",
        "HMDB0061111",
        "HMDB0011134",
        "HMDB0011135",
        "HMDB0010217",
        "HMDB0002886",
        "HMDB0004241",
        "HMDB0004699",
        "HMDB0002311",
        "HMDB0002232",
        "HMDB0004679",
        "HMDB0004659",
        "HMDB0001043",
        "HMDB0000464",
        "HMDB0012943",
        "HMDB0000125",
        "HMDB0003178",
        "HMDB0000148",
        "HMDB0001337",
        "HMDB0001085",
        "HMDB0001198",
        "HMDB0003080",
        "HMDB0010379",
        "HMDB0000547",
        "HMDB0000217",
        "HMDB0000221",
        "HMDB0003337",
        "HMDB0001377",
        "HMDB0007883",
        "HMDB0014950",
        "HMDB0002752",
        "HMDB0004236",
        "HMDB0001403",
        "HMDB0001220",
        "HMDB0001139",
        "HMDB0003235",
        "HMDB0001381",
        "HMDB0001335",
        "HMDB0002710",
        "HMDB0060095",
        "HMDB0001452",
        "HMDB0003252",
        "HMDB0002111",
        "HMDB0001303",
        "HMDB0004238"
    ]
}