{
    "smpdb": "SMP0000228",
    "name": "Pantoprazole Action Pathway",
    "class": "Drug Action",
    "description": "Sterol 27-hydroxylase is a mitochondrial cytochrome P-450 species (CYP27) that catalyzes the first step in the degradation of steroid side chain in cholesterol to produce bile acids in the liver. When there are low concentrations of 27-Hydroxylase, patients will exhibit cerebrotendinous xanthomatosis, an autosomal recessive disorder characterized by the accumulation of cholestanol and cholesterol due to the inability to break down the lipids. The formation of xanthomas (deposits of lipids) in the nervous system and tendons will cause symptoms such as dementia, ataxia, and cataracts. Other symptoms may include damaged liver cells and body tissues. (less)",
    "chem_link": [
        "P14060",
        "P18405",
        "P51857",
        "P11511",
        "P14061",
        "P49888",
        "P05093",
        "P08842",
        "O00204",
        "P37058",
        "O75310",
        "O75795"
    ],
    "prot_link": [
        "HMDB0001090",
        "HMDB0001188",
        "HMDB0006839",
        "HMDB0001375",
        "HMDB0006838",
        "HMDB0001286",
        "HMDB0006840",
        "HMDB0001023",
        "HMDB0001217",
        "HMDB0006927",
        "HMDB0006841",
        "HMDB0006842",
        "HMDB0000032",
        "HMDB0003896",
        "HMDB0002027",
        "HMDB0001484",
        "HMDB0001206",
        "HMDB0001341",
        "HMDB0000538",
        "HMDB0001967",
        "HMDB0000067",
        "HMDB0061374",
        "HMDB0001423",
        "HMDB0002719",
        "HMDB0001120",
        "HMDB0001248",
        "HMDB0000961",
        "HMDB0061373",
        "HMDB0015227",
        "HMDB0000142",
        "HMDB0001285",
        "HMDB0003178",
        "HMDB0015531",
        "HMDB0001347",
        "HMDB0001251",
        "HMDB0001170",
        "HMDB0000547",
        "HMDB0000227",
        "HMDB0001343",
        "HMDB0000217",
        "HMDB0000221",
        "HMDB0001377",
        "HMDB0001429",
        "HMDB0000250",
        "HMDB0000256",
        "HMDB0000876",
        "HMDB0002111",
        "HMDB0006271"
    ]
}