{
    "smpdb": "SMP0000201",
    "name": "Methylmalonic Aciduria Due to Cobalamin-Related Disorders",
    "class": "Disease",
    "description": "Vitamin A deficiency can be caused by many causes. A defect in the BCMO1 gene which codes for beta,beta-carotene 15,15\u2019-monooxygenase is one of them. Beta,beta-carotene 15,15\u2019-monooxygenase catalyzes the chemical reaction where the two substrates are beta-carotene and O2, whereas its product is retinal. A defect in this enzyme results in decrease of levels of retinal and vitamin A in serum; Signs and symptoms include night blindness, poor adaptation to darkness, dry skin and hair. (less)",
    "chem_link": [
        "P06865",
        "Q9Y223",
        "Q13231",
        "Q96EK6",
        "P46926",
        "Q06210",
        "P19367",
        "Q9UJ70",
        "Q9BXD5",
        "P51606",
        "Q8NFW8",
        "Q8TBE9",
        "O95394",
        "Q9Y303",
        "Q9NR45",
        "Q9NRA2",
        "Q16222",
        "nknown"
    ],
    "prot_link": [
        "HMDB0001341",
        "HMDB0000045",
        "HMDB0000538",
        "HMDB0000051",
        "HMDB0000052",
        "HMDB0000464",
        "HMDB0001096",
        "HMDB0001967",
        "HMDB0000904",
        "HMDB0000134",
        "HMDB0000161",
        "HMDB0000517",
        "HMDB0000191",
        "HMDB0000148",
        "HMDB0000641",
        "HMDB0001333",
        "HMDB0000902",
        "HMDB0001487",
        "HMDB0000214",
        "HMDB0000223",
        "HMDB0000208",
        "HMDB0001429",
        "HMDB0002142",
        "HMDB0001491",
        "HMDB0000250",
        "HMDB0000243",
        "HMDB0000294",
        "HMDB0002111"
    ]
}