{
    "smpdb": "SMP0000030",
    "name": "Oxidation of Branched-Chain Fatty Acids",
    "class": "Metabolic",
    "description": "In the majority of organisms, fatty acid degradation occurs mostly through the beta-oxidation cycle. In plants, this cycle only happens in the peroxisome, while in mammals this cycle happens in both the peroxisomes and mitochondria. Unfortunately, traditional fatty acid oxidation does not work for branched-chain fatty acids, or fatty acids that do not have an even number of carbons, like the fatty acid phytanic acid, found in animal milk. This acid can not be oxidized through beta-oxidation, as problems arise when water is added at the branched beta-carbon. To be able to oxidize this fatty acid, the carbon is oxidized by oxygen, which removes the initial carboxyl group, which shortens the chain. Now lacking a methyl group, this chain can be beta-oxidized. Now moving to the mitochondria, there are four reactions that occur, and are repeated for each molecule of the fatty acid. Each time the cycle of these reactions is completed, the chain is relieved of two carbons, which are oxidized and are taken away by NADH and FADH2, energy carriers that collect the carbons energy. After beta-oxidation in the cycle of reactions, an acetyl-CoA unit is released and is recycled into the cycle of reactions in the mitochondria, until the chain is fully broken down into acetyl-CoA, and can enter the TCA cycle. Once in the TCA cycle, it is converted to NADH and FADH2, which in turn help move along mitochondrial ATP production. Acetyl-CoA also helps produce ketone bodies that are further converted to energy in the heart and the brain. \n (less)",
    "chem_link": [
        "HMDB0002217",
        "HMDB0000008",
        "HMDB0000005",
        "HMDB0006807",
        "HMDB0001484",
        "HMDB0001206",
        "HMDB0002307",
        "HMDB0001341",
        "HMDB0000045",
        "HMDB0000538",
        "HMDB0002086",
        "HMDB0000030",
        "HMDB0001967",
        "HMDB0000094",
        "HMDB0001423",
        "HMDB0001248",
        "HMDB0001362",
        "HMDB0000595",
        "HMDB0059597",
        "HMDB0000700",
        "HMDB0000148",
        "HMDB0000883",
        "HMDB0011111",
        "HMDB0001175",
        "HMDB0002170",
        "HMDB0001333",
        "HMDB0000202",
        "HMDB0000902",
        "HMDB0001487",
        "HMDB0000208",
        "HMDB0003426",
        "HMDB0002142",
        "HMDB0006806",
        "HMDB0000237",
        "HMDB0001275",
        "HMDB0001491",
        "HMDB0000250",
        "HMDB0002255",
        "HMDB0002310",
        "HMDB0001022",
        "HMDB0001372",
        "HMDB0002111",
        "HMDB0000056"
    ],
    "prot_link": [
        "P12694",
        "P21953",
        "Q6NVY1",
        "P80404",
        "P24752",
        "Q13085",
        "Q9NUB1",
        "Q9H6R3",
        "P09622",
        "P30084",
        "Q9BYZ2",
        "P11182",
        "O95822",
        "P11310",
        "Q02252",
        "Q96PE7",
        "P22033",
        "P05165",
        "P05166"
    ]
}