{
    "smpdb": "SMP0000216",
    "name": "Sialuria or French Type Sialuria",
    "class": "Disease",
    "description": "Hyperinsulinism-hyperammonemia syndrome (HHS; Glutamate dehydrogenase 1; GLUD1), an inherited condition, is caused by a defect in the GLUD1 gene which codes for mitochondrial glutamate dehydrogenase 1. It is a mitochondrial matrix enzyme, with a key role in the nitrogen and glutamate (Glu) metabolism and the energy homeostasis. An excessive activity of this enzyme results in high insulin and ammonia levels in blood; decrease level of glucose in blood. Symptoms and signs include shakiness, weakness, seizure, rapid pulse and confusion. Maintain normoglycemia is essencial to prevent neurologic damage. Some medications can be used to suppress insulin secretion. (less)",
    "chem_link": [
        "P80404",
        "P24298",
        "P05091",
        "Q96KN2",
        "Q9UBR1",
        "Q14117",
        "Q12882",
        "Q99259",
        "Q16853",
        "Q02252",
        "Q8N8R3",
        "Q969I6"
    ],
    "prot_link": [
        "HMDB0014857",
        "HMDB0000464",
        "HMDB0001201",
        "HMDB0001273",
        "HMDB0000870",
        "HMDB0001498",
        "HMDB0002111"
    ]
}