{
    "smpdb": "SMP0000297",
    "name": "Alprenolol Action Pathway",
    "class": "Drug Action",
    "description": "Mitochondrial complex II deficiency, which is also known as CII deficiency, is a rare form of an inherited inborn error of metabolism (IEM). CII deficiency is an autosomal recessive disorder that arises from mutations in the succinate dehydrogenase (SDH) genes (SDHA, SDHB, SDHC and SDHD). These genes code for the mitochondrial enzyme known as succinate dehydrogenase, a multicomponent, membrane-bound enzyme, which is also known as SDH, succinate-coenzyme Q reductase (SQR), or respiratory complex II. SDH is found in the inner mitochondrial membrane and catalyzes the oxidation of succinate to fumarate with the reduction of ubiquinone to ubiquinol. SDH or complex II is assembled via the action of two assembly factors (SDHAF1 and SDHAF2). Mutations in SDHA and SDHAF1 are most commonly found in patients with CII deficiency. Because complex II is found in the mitochondria, CII deficiency is technically considered a mitochondrial disease. CII deficiency accounts for between 2%-23% of all respiratory chain deficiency diagnoses. The signs and symptoms of mitochondrial complex II deficiency can vary greatly from severe life-threatening symptoms in infancy to muscle disease beginning in adulthood. The symptoms are very much dependent on the mutations to the SDH components. SDHA gene mutations cause myoclonic seizures and Leigh\u2019s syndrome, a severe neurological disorder that is characterized by progressive loss of mental and movement abilities (psychomotor regression) and typically results in death within 1-2 years.  SDHB gene mutations can cause leukodystrophy which affects the myelin sheath, the material surrounding and protecting nerve cells. Damage to the myelin sheath slows down or blocks messages between the brain and the rest of the body, which leads to problems with movement, speech, vision, hearing, and mental and physical development. SDHAF1 gene mutations can cause severe progressive leukoencephalopathy, which is characterized by the degeneration of the white matter of the brain. Interestingly, complex II deficiency gene mutation carriers may be at an increased risk for certain cancers. (less)",
    "chem_link": [
        "HMDB0001341",
        "HMDB0000538",
        "HMDB0000464",
        "HMDB0014736",
        "HMDB0001429",
        "HMDB0000586",
        "HMDB0000588",
        "HMDB0002111"
    ],
    "prot_link": [
        "Q13424",
        "P35348",
        "Q09428",
        "O60706",
        "Q14654",
        "Q15842",
        "B7ZKV8",
        "P08588",
        "Q13884",
        "Q13425",
        "P17612",
        "P10644",
        "P26678",
        "Q12959",
        "P48549",
        "P48544",
        "P63252",
        "P48050",
        "Q9NS61",
        "P08172",
        "O00180",
        "P22460",
        "Q9UK17",
        "P15382",
        "Q9Y6J6",
        "Q12809",
        "P51787",
        "Q9Y3Q4",
        "Q5I7T1",
        "Q92736",
        "P16615",
        "Q14524",
        "P32418",
        "P05023",
        "P50993",
        "P13637",
        "Q13733",
        "P05026",
        "P14415",
        "P54709",
        "P54710",
        "P09493",
        "P07951",
        "Q9NY47",
        "Q13936",
        "Q02641",
        "O43497",
        "O95180"
    ]
}