{
    "smpdb": "SMP0000237",
    "name": "3-Methylcrotonyl-CoA Carboxylase Deficiency Type I",
    "class": "Disease",
    "description": "Homocystinuria-megaloblastic anemia due to defect in cobalamin metabolism, cblG complementation type, also known as methionine synthase deficiency or methylcobalamin deficiency, cblG type, is a rare inborn error of metabolism (IEM) and autosomal recessive disorder of the methionine metabolim pathway. It is caused by a mutation in the MTR gene which encodes the enzyme methionine synthase. This enzyme is responsible for forming L-methionine and tetrahydrofolic acid from homocysteine and 5-methyltetrahydrofolic acid. When the enzyme is mutated, this leads to lower amounts of L-methionine in the cell, as well as increased levels of homocysteine. Methionine synthase deficiency is characterized by an increase in homocysteine levels in the body and excreted in the urine, as well as decreased levels of methionine in the blood. Symptoms include megaloblastic anemia, and can also include developmental delays, seisures and kidney failure. Treatment with vitamin B12, as well as folates and betaine is effective. It is estimated that methionine synthase deficiency affects less than 1 in 1,000,000 individuals. (less)",
    "chem_link": [
        "Q15125",
        "P04035",
        "P56937",
        "Q9BWD1",
        "O76062",
        "Q15392",
        "P53602",
        "P14324",
        "O95749",
        "Q01581",
        "Q13907",
        "Q16850",
        "P48449",
        "O75845",
        "P38571",
        "Q15800",
        "Q03426",
        "Q15126",
        "Q14534",
        "P37268",
        "P35610",
        "Q15738"
    ],
    "prot_link": [
        "HMDB0000972",
        "HMDB0001044",
        "HMDB0001308",
        "HMDB0006273",
        "HMDB0001235",
        "HMDB0003192",
        "HMDB0001128",
        "HMDB0000034",
        "HMDB0000050",
        "HMDB0001341",
        "HMDB0001178",
        "HMDB0000045",
        "HMDB0000538",
        "HMDB0000536",
        "HMDB0001517",
        "HMDB0000051",
        "HMDB0000464",
        "HMDB0000058",
        "HMDB0001967",
        "HMDB0001548",
        "HMDB0001508",
        "HMDB0000101",
        "HMDB0000905",
        "HMDB0001532",
        "HMDB0000085",
        "HMDB0000071",
        "HMDB0001351",
        "HMDB0000960",
        "HMDB0001440",
        "HMDB0001340",
        "HMDB0061376",
        "HMDB0001248",
        "HMDB0012943",
        "HMDB0000134",
        "HMDB0000123",
        "HMDB0002022",
        "HMDB0000132",
        "HMDB0000133",
        "HMDB0011629",
        "HMDB0001201",
        "HMDB0001397",
        "HMDB0001273",
        "HMDB0003178",
        "HMDB0003125",
        "HMDB0000157",
        "HMDB0003335",
        "HMDB0000195",
        "HMDB0000189",
        "HMDB0000175",
        "HMDB0000191",
        "HMDB0000148",
        "HMDB0000641",
        "HMDB0000547",
        "HMDB0000902",
        "HMDB0001487",
        "HMDB0000217",
        "HMDB0000221",
        "HMDB0001377",
        "HMDB0001429",
        "HMDB0001439",
        "HMDB0000280",
        "HMDB0000999",
        "HMDB0002142",
        "HMDB0000586",
        "HMDB0000250",
        "HMDB0001489",
        "HMDB0000797",
        "HMDB0001846",
        "HMDB0000289",
        "HMDB0002111",
        "HMDB0000292",
        "HMDB0000299",
        "HMDB0001554",
        "HMDB0001303"
    ]
}