{
    "smpdb": "SMP0000139",
    "name": "3-Methylglutaconic Aciduria Type I",
    "class": "Disease",
    "description": "Transaldolase deficiency, also known as Eyaid syndrome or TALDO deficiency, is a desease caused by homozygous or compound heterozygous mutations in the TALDO1 gene that encodes for transaldolase. The mutation found in one study was a base pair deletion leading to a premature truncation of the protein, preventing its activity in the cell. Other mutations reported in other studies include other deletions or homozygous base pair substitutions that cause a misfolded and non-functional protein.\n\nTransaldolase is an enzyme that reversibly converts D-erythrose 4-phosphate and fructose 6-phosphate to D-sedoheptulose 7-phosphate and D-glyceraldehyde 3-phosphate, as a part of the pentose phosphate pathway. \n\nAlmost all affected patients show hepatosplenomegaly, liver dysfunction, low counts for all blood cell types, cardiac defects, and come from consanguinous families. They also show dysmorphic features, including a triangular face, low set ears, and a wide mouth with thin lips. Other signs include abnormal concentrations of polyols in urine and plasma, as well as ribose-, xylulose-, and ribulose-5-phosphate being elevated in urine. (less)",
    "chem_link": [
        "Q16880",
        "Q06136",
        "Q8TDN7",
        "Q9NUN7",
        "P06280",
        "P15289",
        "Q9UBX8",
        "P16278",
        "Q16739",
        "Q8TCT0",
        "Q6UWV6",
        "P54803",
        "Q99999",
        "P04062",
        "O14494",
        "Q86VZ5",
        "O15269",
        "O15270",
        "Q9UQ49",
        "Q6QHC5",
        "Q9NRA0",
        "O95470",
        "Q8IWX5"
    ],
    "prot_link": [
        "HMDB0011644",
        "HMDB0001419",
        "HMDB0006247",
        "HMDB0001231",
        "HMDB0002103",
        "HMDB0012456",
        "HMDB0012455",
        "HMDB0012453",
        "HMDB0003540",
        "HMDB0006890",
        "HMDB0006891",
        "HMDB0006889",
        "HMDB0003533",
        "HMDB0006895",
        "HMDB0006894",
        "HMDB0006893",
        "HMDB0002159",
        "HMDB0000601",
        "HMDB0000359",
        "HMDB0012454",
        "HMDB0001457",
        "HMDB0006888",
        "HMDB0012459",
        "HMDB0006280",
        "HMDB0006281",
        "HMDB0006887",
        "HMDB0002197",
        "HMDB0006892",
        "HMDB0001993",
        "HMDB0001496",
        "HMDB0012458",
        "HMDB0001341",
        "HMDB0000538",
        "HMDB0006737",
        "HMDB0000518",
        "HMDB0000637",
        "HMDB0006292",
        "HMDB0000067",
        "HMDB0000619",
        "HMDB0001374",
        "HMDB0001423",
        "HMDB0000626",
        "HMDB0000631",
        "HMDB0001248",
        "HMDB0000123",
        "HMDB0000138",
        "HMDB0003178",
        "HMDB0015531",
        "HMDB0000761",
        "HMDB0000698",
        "HMDB0000722",
        "HMDB0000902",
        "HMDB0001487",
        "HMDB0000217",
        "HMDB0000221",
        "HMDB0001377",
        "HMDB0000220",
        "HMDB0001275",
        "HMDB0000250",
        "HMDB0000251",
        "HMDB0000951",
        "HMDB0000036",
        "HMDB0000896",
        "HMDB0002111"
    ]
}