{
    "smpdb": "SMP0000260",
    "name": "Clopidogrel Action Pathway",
    "class": "Drug Action",
    "description": "Etoposide is a medication commonly sold as Vepesid, or Etopophos. It is a type of chemotherapy. It is used to treat many types of cancers, including nonlymphocytic leukemia and testicular cancer. Etoposide is semisynthetic and a derivative of the podophyllotoxins which is an epipodophyllotoxin. This substance is found in the root of the American Mayapple plant. The way this substance works is by inhibiting topoisomerase II, which inhibits DNA synthesis. This breaks the catalytic cycle of topoisomerase II, and after a while overwhelms the cell. This can cause a death pathway, killing the cancer cell. Etoposide is administered by a doctor, through intravenous infusion. \n (less)",
    "chem_link": [
        "P42330",
        "O75342",
        "P18054",
        "P16050",
        "O15296",
        "P09917",
        "P34913",
        "P16152",
        "P20813",
        "P10632",
        "P05181",
        "P51589",
        "Q7Z449",
        "Q02928",
        "P98187",
        "P0C869",
        "P19440",
        "P07203",
        "P09960",
        "Q16873",
        "P78329",
        "Q08477",
        "Q16647",
        "O14684",
        "P23219",
        "P35354",
        "P41222",
        "Q8TBF2",
        "P24557"
    ],
    "prot_link": [
        "HMDB0059655",
        "HMDB0000725",
        "HMDB0061380",
        "HMDB0001206",
        "HMDB0001341",
        "HMDB0000538",
        "HMDB0000044",
        "HMDB0000030",
        "HMDB0001967",
        "HMDB0000072",
        "HMDB0000094",
        "HMDB0001423",
        "HMDB0001072",
        "HMDB0001248",
        "HMDB0001197",
        "HMDB0000692",
        "HMDB0000134",
        "HMDB0001201",
        "HMDB0001273",
        "HMDB0000595",
        "HMDB0059597",
        "HMDB0000193",
        "HMDB0000156",
        "HMDB0000162",
        "HMDB0000962",
        "HMDB0000547",
        "HMDB0001333",
        "HMDB0000902",
        "HMDB0001487",
        "HMDB0000217",
        "HMDB0000221",
        "HMDB0000223",
        "HMDB0000208",
        "HMDB0001377",
        "HMDB0001429",
        "HMDB0000243",
        "HMDB0001304",
        "HMDB0000254",
        "HMDB0001022",
        "HMDB0001372",
        "HMDB0002111"
    ]
}