{
    "smpdb": "SMP0000495",
    "name": "Galactosemia II (GALK)",
    "class": "Disease",
    "description": "Galactosemia (GALT Deficiency; GALT; Galactose-1-Phosphate Uridylyltransferase Deficiency) is a rare genetic disorder caused by a mutation in the GALT gene which codes for galactose-1-phosphate uridylyltransferase. A deficiency in this enzyme results in accumulation of D-galactose and galactitol in plasma and urine; bilirubin, chloride, and galactose-1-phosphate, and transaminases in serum. Symptoms, which present at birth, include jaundice, enlarged liver, anemia, weight loss, and vomiting. Treatment includes galactose-free diet, antibiotics, and vitamin K. (less)",
    "chem_link": [
        "P00915",
        "O15247",
        "P01350",
        "P32239",
        "P25021",
        "P20309",
        "Q9Y6J6",
        "P51787",
        "P20648",
        "P51164",
        "P61278",
        "P30874"
    ],
    "prot_link": [
        "HMDB0000895",
        "HMDB0001341",
        "HMDB0000538",
        "HMDB0001967",
        "HMDB0000492",
        "HMDB0000870",
        "HMDB0000595",
        "HMDB0059597",
        "HMDB0061722",
        "HMDB0001429",
        "HMDB0000586",
        "HMDB0002111",
        "HMDB0001303"
    ]
}