{
    "smpdb": "SMP0000350",
    "name": "Pyruvate Carboxylase Deficiency",
    "class": "Disease",
    "description": "Fenoprofen (also named Nalfon) is a nonsteroidal anti-inflammatory drug. Fenoprofen can block prostaglandin synthesis by the action of inhibition of prostaglandin G/H synthase 1 and 2. Prostaglandin G/H synthase 1 and 2 catalyze the arachidonic acid to prostaglandin G2, and also catalyze prostaglandin G2 to prostaglandin H2 in the metabolism pathway. Decreased prostaglandin synthesis in many animal model's cell is caused by presence of Fenoprofen. (less)",
    "chem_link": [
        "P17858",
        "P52209",
        "O95336",
        "P09467",
        "P04075",
        "P11413",
        "P06744",
        "P36871",
        "Q9Y315",
        "Q9H477",
        "P49247",
        "P21108",
        "Q96AT9",
        "P37837",
        "P29401"
    ],
    "prot_link": [
        "HMDB0000464",
        "HMDB0000015",
        "HMDB0004198"
    ]
}