{
    "smpdb": "SMP0000058",
    "name": "Starch and Sucrose Metabolism",
    "class": "Metabolic",
    "description": "Amylase enzymes secreted in saliva by the parotid gland and in the small intestine play an important role in initiating starch digestion. The products of starch digestion are but not limited to maltotriose, maltose, limit dextrin, and glucose. The action of enterocytes of the small intestine microvilli further break down limit dextrins and disaccharides into monosaccharides: glucose, galactose, and fructose. Once released from starch or once ingested, sucrose can be degraded into beta-D-fructose and alpha-D-glucose via lysosomal alpha-glucosidase or sucrose-isomaltase.  Beta-D-fructose can be converted to beta-D-fructose-6-phosphate by glucokinase and then to alpha-D-glucose-6-phosphate by the action of glucose phosphate isomerase.  Phosphoglucomutase 1 can then act on alpha-D-glucose-6-phosphate (G6P) to generate alpha-D-glucose-1-phosphate.  Alpha-D-glucose-1-phosphate (G6P) has several possible fates.  It can enter into gluconeogenesis, glycolysis or the nucleotide sugar metabolism pathway.  UDP-glucose pyrophosphorylase 2 can convert alpha-D-glucose-1-phosphate into UDP-glucose, which can then be converted to UDP-xylose or UDP-glucuronate and, eventually to glucuronate.  UDP-glucose can also serve as a precursor to the synthesis of glycogen via glycogen synthase. Glycogen is an analogue of amylopectin (\u201cplant starch\u201d) and acts as a secondary short-term energy storage for animal cells. It\u2019s formed primarily in liver and muscle tissues, but is also formed at secondary sites such as the central nervous system and the stomach. In both cases it exists as free granules in the cytosol. Glycogen is a crucial element of the glucose cycle as another enzyme, glycogen phosphorylase, cleaves off glycogen from the nonreducing ends of a chain to producer glucose-1-phosphate monomers. From there, the glucose-1-phosphate monomers have three possible fates: (1) enter the glycolysis pathway as glucose-6\u2014phosphate (G6P) to generate energy, (2) enter the pentose phosphate pathway to produce NADPH and pentose sugar, or (3) enter the gluconeogenesis pathway by being dephosphorylated into glucose in liver or kidney tissues.\n\nTo initiate the process of glycogen chain-lengthening, glycogenin is required because glycogen synthase can only add to existing chains. This action is subsequently followed by the action of glycogen synthase which catalyzes the formation of polymers of UDP-glucose connected by (\u03b11\u21924) glycosidic bonds to form a glycogen chain. Importantly, amylo (\u03b11\u21924) to (\u03b11\u21926) transglycosylase catalyzes glycogen branch formation via the transfer of 6-7 glucose residues from a nonreducing end with greater than 11 residues to the C-6 OH- group in the interior of a glycogen molecule.  (less)",
    "chem_link": [
        "HMDB0000807",
        "HMDB0001341",
        "HMDB0000538",
        "HMDB0003403",
        "HMDB0000464",
        "HMDB0000492",
        "HMDB0000660",
        "HMDB0000127",
        "HMDB0000163",
        "HMDB0006857",
        "HMDB0001586",
        "HMDB0001401",
        "HMDB0001270",
        "HMDB0000757",
        "HMDB0002091",
        "HMDB0000547",
        "HMDB0000902",
        "HMDB0001487",
        "HMDB0001429",
        "HMDB0001491",
        "HMDB0000250",
        "HMDB0000258",
        "HMDB0000295",
        "HMDB0000286",
        "HMDB0000935",
        "HMDB0000285",
        "HMDB0002111",
        "HMDB0003345",
        "HMDB0003514",
        "HMDB0003971"
    ],
    "prot_link": [
        "Q04446",
        "P04745",
        "P08236",
        "P35557",
        "Q6PCE3",
        "P06744",
        "P54840",
        "P35573",
        "P06737",
        "P52789",
        "O43451",
        "P36871",
        "P14410",
        "O60701",
        "O75310",
        "Q16851"
    ]
}