{
    "smpdb": "SMP0000358",
    "name": "Fc Epsilon Receptor I Signaling in Mast Cells",
    "class": "Protein",
    "description": "Xanthinuria Type II is a rare inborn error of metabolism (IEM) and autosomal recessive disorder and caused by a defective xanthine dehydrogenase. Xanthine dehydrogenase catalyzes the conversion of hypoxanthine into xanthine and conversion of xanthine into uric acid. This disorder is characterized by a large accumulation of xanthine and hypoxanthine; as well as dissipation of uric acid. Symptoms of the disorder include blood in the urine, recurrent urinary tract infections and abdominal pain. It is estimated that xanthinuria types I and II affects 1 in 69,000 individuals. (less)",
    "chem_link": [
        "Q04446",
        "P04745",
        "P08236",
        "P35557",
        "Q6PCE3",
        "P06744",
        "P54840",
        "P35573",
        "P06737",
        "P52789",
        "O43451",
        "P36871",
        "P14410",
        "O60701",
        "O75310",
        "Q16851"
    ],
    "prot_link": [
        "HMDB0000464",
        "HMDB0001426",
        "HMDB0003178",
        "HMDB0000547",
        "HMDB0000902",
        "HMDB0001487",
        "HMDB0001377",
        "HMDB0014587",
        "HMDB0061336",
        "HMDB0061337",
        "HMDB0002111"
    ]
}