{
    "smpdb": "SMP0000447",
    "name": "Cyclophosphamide Action Pathway",
    "class": "Drug Action",
    "description": "Pantoprazole is a proton pump inhibitor (PPI) class drug that suppresses the final step in gastric acid production. In this pathway, pantoprazole is oxidized in the stomach to form the active metabolite of pantoprazole. This active metabolite then binds covalently to the potassium-transporting ATPase protein subunits, found at the secretory surface of the gastric parietal cell, preventing any stimulus. Because the drug binds covalently, its effects are dose-dependent and last much longer than similar drugs that bind to the protein non-covalently. This is because additional ATPase enzymes must be created to replace the ones covalently bound by pantoprazole.\nPantoprazole is used to manage gastroesophageal reflux disease, to prevent stomach ulcers, and can be used to help treat the effects of a H. pylori infection.\n (less)",
    "chem_link": [
        "P51570",
        "P07902",
        "P35557",
        "P36871",
        "Q14376",
        "O60701",
        "Q8NBZ7",
        "Q16851"
    ],
    "prot_link": [
        "HMDB0004684",
        "HMDB0002314",
        "HMDB0004673",
        "HMDB0004694",
        "HMDB0004242",
        "HMDB0011137",
        "HMDB0004693",
        "HMDB0061119",
        "HMDB0004692",
        "HMDB0061118",
        "HMDB0004243",
        "HMDB0013633",
        "HMDB0004234",
        "HMDB0002265",
        "HMDB0004264",
        "HMDB0003876",
        "HMDB0004244",
        "HMDB0005079",
        "HMDB0005050",
        "HMDB0004680",
        "HMDB0011136",
        "HMDB0061377",
        "HMDB0061378",
        "HMDB0006059",
        "HMDB0001509",
        "HMDB0005998",
        "HMDB0002343",
        "HMDB0002190",
        "HMDB0061111",
        "HMDB0011134",
        "HMDB0011135",
        "HMDB0010217",
        "HMDB0002886",
        "HMDB0004241",
        "HMDB0004699",
        "HMDB0002311",
        "HMDB0002232",
        "HMDB0004679",
        "HMDB0004659",
        "HMDB0001043",
        "HMDB0000464",
        "HMDB0012943",
        "HMDB0014713",
        "HMDB0000125",
        "HMDB0003178",
        "HMDB0000148",
        "HMDB0001337",
        "HMDB0001085",
        "HMDB0001198",
        "HMDB0003080",
        "HMDB0010379",
        "HMDB0000547",
        "HMDB0000217",
        "HMDB0000221",
        "HMDB0003337",
        "HMDB0001377",
        "HMDB0007883",
        "HMDB0002752",
        "HMDB0004236",
        "HMDB0001403",
        "HMDB0001220",
        "HMDB0001139",
        "HMDB0003235",
        "HMDB0001381",
        "HMDB0001335",
        "HMDB0002710",
        "HMDB0060095",
        "HMDB0001452",
        "HMDB0003252",
        "HMDB0002111",
        "HMDB0001303",
        "HMDB0004238"
    ]
}