{
    "smpdb": "SMP0000110",
    "name": "Indapamide Action Pathway",
    "class": "Drug Action",
    "description": "Lornoxicam (also named Chlortenoxicam or Xefocam) is a nonsteroidal anti-inflammatory drug. It can be used to treat moderate pain such as pain relieving. It can also treat swelling and fever reducing. Lornoxicam can block prostaglandin synthesis by the action of inhibition of prostaglandin G/H synthase 1 and 2. Prostaglandin G/H synthase 1 and 2 catalyze the arachidonic acid to prostaglandin G2, and also catalyze prostaglandin G2 to prostaglandin H2 in the metabolism pathway. Decreased prostaglandin synthesis in many animal model's cell is caused by presence of Lornoxicam.\n\n (less)",
    "chem_link": [
        "HMDB0000011",
        "HMDB0001375",
        "HMDB0000060",
        "HMDB0001484",
        "HMDB0001659",
        "HMDB0001206",
        "HMDB0001967",
        "HMDB0001423",
        "HMDB0000902",
        "HMDB0001487",
        "HMDB0000254",
        "HMDB0001022",
        "HMDB0002111"
    ],
    "prot_link": [
        "P24752",
        "Q02338",
        "P35914",
        "P54868"
    ]
}