{
    "smpdb": "SMP0000284",
    "name": "Urokinase Action Pathway",
    "class": "Drug Action",
    "description": "3-Methylcrotonyl-Coenzyme A Carboxylase Deficiency Type I also called 3-MCC Deficiency is a rare inborn error of metabolism (IEM) and is the result of defective pair of genes. More specifically defects in genes MCCC1 and MCCC2 cause 3-MCC Deficiency. 3-MCC has a very important role in protein metabolism in the body. In particular, the said enzyme is pivotal in one of the many steps which constitute the breakdown of leucine. Mutations in the aforementioned genes leads to a reduction in the activity of 3-MCC. As would naturally be expected, this causes the body to be unable to uptake and breakdown leucine properly. Consequently, this leads to the build up of toxic byproducts which are not processed as the breakdown of leucine is left incomplete. If these toxic byproducts manifest themselves in sufficiently high levels they can be very harmful, damaging the brain and nervous system. Symptoms include recurring episodes of vomiting and diarrhea, lethargy, hypotonia, seizures, and coma. (less)",
    "chem_link": [
        "P05089",
        "P04424",
        "P00966",
        "P17174",
        "P07814",
        "P31327",
        "P12277",
        "P14920",
        "P30038",
        "P00367",
        "P50440",
        "Q14353",
        "Q9Y619",
        "P29475",
        "P04181",
        "P00480",
        "Q5T160",
        "O43272",
        "Q7Z4N8",
        "Q96C36"
    ],
    "prot_link": [
        "HMDB0003948",
        "HMDB0003945",
        "HMDB0003944",
        "HMDB0003949",
        "HMDB0003946",
        "HMDB0001166",
        "HMDB0003938",
        "HMDB0003936",
        "HMDB0003932",
        "HMDB0003942",
        "HMDB0003940",
        "HMDB0003934",
        "HMDB0003939",
        "HMDB0003937",
        "HMDB0006402",
        "HMDB0003943",
        "HMDB0003941",
        "HMDB0003935",
        "HMDB0001484",
        "HMDB0001206",
        "HMDB0000045",
        "HMDB0000538",
        "HMDB0001088",
        "HMDB0001967",
        "HMDB0001423",
        "HMDB0002009",
        "HMDB0006404",
        "HMDB0001248",
        "HMDB0001339",
        "HMDB0002845",
        "HMDB0059597",
        "HMDB0000062",
        "HMDB0000222",
        "HMDB0003571",
        "HMDB0000547",
        "HMDB0000902",
        "HMDB0001487",
        "HMDB0001070",
        "HMDB0000220",
        "HMDB0001338",
        "HMDB0000250",
        "HMDB0001521",
        "HMDB0002111"
    ]
}