{
    "smpdb": "SMP0000120",
    "name": "Naproxen Action Pathway",
    "class": "Drug Action",
    "description": "Meloxicam is a non-steroidal anti-inflammatory drug (NSAID) with antipyretic and analgesic properties. Most NSAIDs, such as ibuprofen and naproxen, are non-selective prostaglandin G/H synthase (a.k.a. cyclooxygenase or COX) inhibitors that act on both prostaglandin G/H synthase 1 and 2 (COX-1 and -2). COX catalyzes the conversion of arachidonic acid to prostaglandin G2 (PGG2) and PGG2 to prostaglandin H2 (PGH2). PGH2 is the precursor to a number of prostaglandins (e.g. PGE2) involved in fever, pain, swelling and inflammation. Meloxicam antagonizes COX by binding to the upper portion of the active site, preventing its substrate, arachidonic acid, from entering the active site. Although it was previously thought that meloxicam is a non-selective COX inhibitor, it is now known that it has higher selectivity for COX-2. Selective COX-2 inhibitors are thought to have more potent anti-inflammatory and analgesic properties with decreased adverse gastric effects. The analgesic, antipyretic and anti-inflammatory effects of meloxicam occur as a result of decreased prostaglandin synthesis.  The first part of this figure depicts the anti-inflammatory, analgesic and antipyretic pathway of meloxicam. \n\nThe latter portion of this figure depicts meloxicam\u2019s potential involvement in platelet aggregation. Prostaglandin synthesis varies across different tissue types. Platelets, anuclear cells derived from fragmentation from megakaryocytes, contain COX-1, but not COX-2. COX-1 activity in platelets is required for thromboxane A2 (TxA2)-mediated platelet aggregation. Platelet activation and coagulation do not normally occur in intact blood vessels. After blood vessel injury, platelets adhere to the subendothelial collagen at the site of injury. Activation of collagen receptors initiates phospholipase C (PLC)-mediated signaling cascades resulting in the release of intracellular calcium from the dense tubula system. The increase in intracellular calcium activates kinases required for morphological change, transition to procoagulant surface, secretion of granular contents, activation of glycoproteins, and the activation of phospholipase A2 (PLA2). Activation of PLA2 results in the liberation of arachidonic acid, a precursor to prostaglandin synthesis, from membrane phospholipids. The accumulation of TxA2, ADP and thrombin mediates further platelet recruitment and signal amplification. TxA2 and ADP stimulate their respective G-protein coupled receptors, thomboxane A2 receptor and P2Y purinoreceptor 12, and inhibit the production of cAMP via adenylate cyclase inhibition. This counteracts the adenylate cyclase stimulatory effects of the platelet aggregation inhibitor, PGI2, produced by neighbouring endothelial cells. Platelet adhesion, cytoskeletal remodeling, granular secretion and signal amplification are independent processes that lead to the activation of the fibrinogen receptor. Fibrinogen receptor activation exposes fibrinogen binding sites and allows platelet cross-linking and aggregation to occur. \n\nNeighbouring endothelial cells found in blood vessels express both COX-1 and COX-2. COX-2 in endothelial cells mediates the synthesis of PGI2, an effective platelet aggregation inhibitor and vasodilator, while COX-1 mediates vasoconstriction and stimulates platelet aggregation. PGI2 produced by endothelial cells encounters platelets in the blood stream and binds to the G-protein coupled prostacyclin receptor. This causes G-protein mediated activation of adenylate cyclase, which catalyzes the conversion of adenosine triphosphate (ATP) to cyclic AMP (cAMP). Four cAMP molecules then bind to the regulatory subunits of the inactive cAMP-dependent protein kinase holoenzyme causing dissociation of the regulatory subunits and leaving two active catalytic subunit monomers. The active subunits of cAMP-dependent protein kinase catalyze the phosphorylation of a number of proteins. Phosphorylation of inositol 1,4,5-trisphosphate receptor type 1 on the endoplasmic reticulum (ER) inhibits the release of calcium from the ER. This in turn inhibits the calcium-dependent events, including PLA2 activation, involved in platelet activation and aggregation. Inhibition of PLA2 decreases intracellular TxA2 and inhibits the platelet aggregation pathway. cAMP-dependent kinase also phosphorylates the actin-associated protein, vasodilator-stimulated phosphoprotein. Phosphorylation inhibits protein activity, which includes cytoskeleton reorganization and platelet activation. Meloxicam preferentially inhibits COX-2 with little activity against COX-1. COX-2 inhibition in endothelial cells decreases the production of PGI2 and the ability of these cells to inhibit platelet aggregation and stimulate vasodilation. These effects are thought to be responsible for the adverse cardiovascular effects observed with other selective COX-2 inhibitors, such as rofecoxib, which has since been withdrawn from the market. \n (less)",
    "chem_link": [
        "P80404",
        "P30566",
        "Q8N142",
        "P04424",
        "P00966",
        "P08243",
        "O43776",
        "P14868",
        "P45381",
        "P27708",
        "Q99489",
        "Q99259",
        "Q7L266",
        "Q96RQ9",
        "Q8N9F0",
        "nknown"
    ],
    "prot_link": [
        "HMDB0001294",
        "HMDB0003391",
        "HMDB0000807",
        "HMDB0001341",
        "HMDB0000538",
        "HMDB0000030",
        "HMDB0001967",
        "HMDB0000122",
        "HMDB0001112",
        "HMDB0001473",
        "HMDB0001058",
        "HMDB0000124",
        "HMDB0001586",
        "HMDB0001401",
        "HMDB0001270",
        "HMDB0001201",
        "HMDB0001273",
        "HMDB0000595",
        "HMDB0059597",
        "HMDB0000190",
        "HMDB0000547",
        "HMDB0000744",
        "HMDB0001333",
        "HMDB0000902",
        "HMDB0001487",
        "HMDB0000223",
        "HMDB0000208",
        "HMDB0001429",
        "HMDB0000263",
        "HMDB0002142",
        "HMDB0000243",
        "HMDB0002111",
        "HMDB0003345",
        "HMDB0000516",
        "HMDB0003498"
    ]
}