{
    "smpdb": "SMP0000301",
    "name": "Esmolol Action Pathway",
    "class": "Drug Action",
    "description": "Venlafaxine (also named as Effexor or Elafax) is an antidepressant medication, which belongs to the class of serotonin-norepinephrine reuptake inhibitor (SNRI). Venlafaxine is well absorbed into the circulation system. Venlafaxine is also metabolized to N-desmethylvenlafaxine. The N-demethylation is catalyzed by CYP3A4 and CYP2C19. N-desmethylvenlafaxine is a weaker serotonin and norepinephrine reuptake inhibitor. Both O-desmethylvenlafaxine (as potent a serotonin-norepinephrine reuptake inhibitor) and N-desmethylvenlafaxine are further metabolized by CYP2C19, CYP2D6 and/or CYP3A4 to a minor metabolite N,O-didesmethylvenlafaxine that is further metabolized into N,N,O-tridesmethylvenlafaxine or excreted as N,O-didesmethylvenlafaxine gucuronide. Later on, O-desmethylvenlafaxine is exported without any change in chemical structure. Venlafaxine is exported via two transporters: Multidrug resistance protein 1 and ATP-binding cassette sub-family G member 2.  (less)",
    "chem_link": [],
    "prot_link": []
}