{
    "smpdb": "SMP0000349",
    "name": "Gaucher Disease",
    "class": "Disease",
    "description": "Congenital Bile Acid Synthesis Defect Type III (CBASIII) is caused by a defect in 25-hydroxycholesterol 7-alpha-hydroxylase, which plays a role in synthesis of bile acids. The synthesis of primary bile acids from cholesterol occurs via two pathways: the classic neutral pathway involving cholesterol 7-alpha-hydroxylase (CYP7A1), and the acidic pathway involving a distinct microsomal oxysterol 7-alpha-hydroxylase (CYP7B1). CBASIII is characterized by accumulation of bile acids in the urine. Symptoms include severe cholestasis, cirrhosis, and liver failure. (less)",
    "chem_link": [
        "P24752",
        "P49419",
        "Q9UDR5",
        "P09622",
        "P36957",
        "P30084",
        "Q92947",
        "Q16836",
        "Q8N5Z0",
        "P52569",
        "Q9BXI2",
        "Q9P0Z9",
        "Q96HY7",
        "nknown"
    ],
    "prot_link": [
        "HMDB0001941",
        "HMDB0000464",
        "HMDB0001201",
        "HMDB0001273",
        "HMDB0000870",
        "HMDB0001498",
        "HMDB0002111"
    ]
}