{
    "smpdb": "SMP0000455",
    "name": "Homocysteine Degradation",
    "class": "Metabolic",
    "description": "Homocysteine is an amino acid and homologue of cysteine that appears in the body as a result of the degradation of methionine. In mammals, homocysteine is used to biosynthesize cysteine via the following pathway. First the enzyme cystathionine beta-synthetase irreversibly condenses homocysteine with L-serine, forming L-cystathionine. The L-cystathionine is then cleaved by cystathionine gamma-lyase, producing 2-oxobutanoate, L-cysteine, and ammonia. The 2-oxobutanoate is further broken down via the 2-oxobutanoate degradation pathway, producing citric acid cycle intermediates, while the L-cysteine goes to the cysteine metabolism pathway. The homocysteine degradation pathway composes a part of the larger methionine metabolism pathway. (less)",
    "chem_link": [
        "HMDB0003945",
        "HMDB0006529",
        "HMDB0003946",
        "HMDB0013640",
        "HMDB0003932",
        "HMDB0003934",
        "HMDB0006402",
        "HMDB0006498",
        "HMDB0003935",
        "HMDB0001206",
        "HMDB0000045",
        "HMDB0000538",
        "HMDB0001423",
        "HMDB0001248",
        "HMDB0059597",
        "HMDB0000062",
        "HMDB0003571",
        "HMDB0000547",
        "HMDB0000902",
        "HMDB0001487",
        "HMDB0001338",
        "HMDB0000250",
        "HMDB0000827",
        "HMDB0001114",
        "HMDB0000848",
        "HMDB0001521",
        "HMDB0002111"
    ],
    "prot_link": [
        "P42765",
        "P50416",
        "P23786",
        "P30084",
        "Q16836",
        "P28330",
        "P33121",
        "O43772",
        "P40939",
        "P55084"
    ]
}