{
    "smpdb": "SMP0000136",
    "name": "2-Hydroxyglutric Aciduria (D and L Form)",
    "class": "Disease",
    "description": "Cystinuria is a genetic condition caused by mutations in the SLC7A9 or SLC3A1 gene. These two genes are responsible for creating subunits of a protein that reabsorbs cystine into the blood, located in the kidneys. The mutations cause this process to be compromised and allows the amino acids to build up and have a high concentration in urine. This causes crystals to form and become stones as they grow larger. These stones can become lodged in the bladder or in the kidneys which can cause pain, develop infection and disrupt the passing of urine through the urinary tract if the stones create a blockage there.  (less)",
    "chem_link": [
        "Q9NQ66",
        "P50148",
        "P62873",
        "P59768",
        "P35367",
        "Q14643",
        "P19838",
        "P05771"
    ],
    "prot_link": [
        "HMDB0015600",
        "HMDB0000464",
        "HMDB0001201",
        "HMDB0001273",
        "HMDB0000870",
        "HMDB0001498",
        "HMDB0002111"
    ]
}