{
    "smpdb": "SMP0000332",
    "name": "Ibutilide Action Pathway",
    "class": "Drug Action",
    "description": "Epinephrine can be derived from phenylalanine and tyrosine and it is an active sympathomimetic hormone that can be secreted from adrenal medulla. Epinephrine can stimulate alpha-  and beta- adrenergic systems by binding on alpha-1 and beta-1 adrenergic receptors to make gastrointestinal relaxation, stimulates the heart, etc. Epinephrine can also be used to delay absorption of local anesthetics, constrict arterioles in skin and gut while dilating arterioles in leg muscles, increase glycogen hydrolysis to glucose in liver to raise up blood sugar level and breaking down lipids in adipocytes. Epinephrine can also play role as suppressive agent in immune system. (less)",
    "chem_link": [],
    "prot_link": [
        "HMDB0015417"
    ]
}