{
    "smpdb": "SMP0000471",
    "name": "Tamoxifen Action Pathway",
    "class": "Drug Action",
    "description": "Citrullinemia Type 1, also called argininosuccinate synthetase deficiency, argininosuccinic acid synthetase deficiency or ASS deficiency, is a rare inborn error of metabolism (IEM) and autosomal recessive disorder of the urea cycle caused by a deficiency of argininosuccinate synthetase. Argininosuccinate synthetase is an important enzyme in the process of removing nitrogen from the body. This disorder is characterized by a large accumulation of ammonia in the blood as well as other bodily fluids . Symptoms of the disorder include vomiting, lethargy and intracranial pressure. Treatment with protein restriction and intravenous administration of arginine can help manage symptoms, and diet management throughout the patient\u2019s life can also show improvement. It is estimated that citrullinemia type 1 affects 1 in 57,000 individuals.\n\n (less)",
    "chem_link": [
        "HMDB0012130",
        "HMDB0001166",
        "HMDB0001484",
        "HMDB0001206",
        "HMDB0001263",
        "HMDB0000510",
        "HMDB0001967",
        "HMDB0001423",
        "HMDB0002009",
        "HMDB0001248",
        "HMDB0001339",
        "HMDB0003125",
        "HMDB0000148",
        "HMDB0000182",
        "HMDB0000716",
        "HMDB0000962",
        "HMDB0000902",
        "HMDB0001487",
        "HMDB0000217",
        "HMDB0000221",
        "HMDB0000225",
        "HMDB0000208",
        "HMDB0001377",
        "HMDB0001491",
        "HMDB0000279",
        "HMDB0001372",
        "HMDB0002111"
    ],
    "prot_link": [
        "P24752",
        "P49419",
        "Q9UDR5",
        "P09622",
        "P36957",
        "P30084",
        "Q92947",
        "Q16836",
        "Q8N5Z0",
        "P52569",
        "Q9BXI2",
        "Q9P0Z9",
        "Q96HY7",
        "nknown"
    ]
}