{
    "smpdb": "SMP0000008",
    "name": "Phenylalanine and Tyrosine Metabolism",
    "class": "Metabolic",
    "description": "In man, phenylalanine is an essential amino acid which must be supplied in the dietary proteins.  Once in the body, phenylalanine may follow any of three paths.  It may be (1) incorporated into cellular proteins, (2) converted to phenylpyruvic acid, or (3) converted to tyrosine.  Tyrosine is found in many high protein food products such as soy products, chicken, turkey, fish, peanuts, almonds, avocados, bananas, milk, cheese, yogurt, cottage cheese, lima beans, pumpkin seeds, and sesame seeds.  Tyrosine can be converted into L-DOPA, which is further converted into dopamine, norepinephrine (noradrenaline), and epinephrine (adrenaline).  Depicted in this pathway is the conversion of phenylalanine to phenylpyruvate (via amino acid oxidase or tyrosine amino transferase acting on phenylalanine), the incorporation of phenylalanine and/or tyrosine into polypeptides (via tyrosyl tRNA synthetase and phenylalyl tRNA synthetase) and the conversion of phenylalanine to tyrosine via phenylalanine hydroxylase.  This reaction functions both as the first step in tyrosine/phenylalanine catabolism by which the body disposes of excess phenylalanine, and as a source of the amino acid tyrosine.  The decomposition of L-tyrosine begins with an \u03b1-ketoglutarate dependent transamination through the tyrosine transaminase to para-hydroxyphenylpyruvate.  The next oxidation step catalyzed by p-hydroxylphenylpyruvate-dioxygenase creates homogentisate.  In order to split the aromatic ring of homogentisate, a further dioxygenase, homogentistate-oxygenase, is required to create maleylacetoacetate.  Fumarylacetate is created by the action maleylacetoacetate-cis-trans-isomerase through rotation of the carboxyl group created from the hydroxyl group via oxidation.  This cis-trans-isomerase contains glutathione as a coenzyme.  Fumarylacetoacetate is finally split via fumarylacetoacetate-hydrolase into fumarate (also a metabolite of the citric acid cycle) and acetoacetate (3-ketobutyroate).  (less)",
    "chem_link": [
        "HMDB0000002",
        "HMDB0001106",
        "HMDB0000479",
        "HMDB0001206",
        "HMDB0000051",
        "HMDB0000194",
        "HMDB0000464",
        "HMDB0001967",
        "HMDB0000033",
        "HMDB0001423",
        "HMDB0000657",
        "HMDB0000076",
        "HMDB0001248",
        "HMDB0001520",
        "HMDB0059597",
        "HMDB0003125",
        "HMDB0000191",
        "HMDB0000148",
        "HMDB0000177",
        "HMDB0011111",
        "HMDB0000902",
        "HMDB0001487",
        "HMDB0000217",
        "HMDB0000221",
        "HMDB0000208",
        "HMDB0001377",
        "HMDB0000210",
        "HMDB0001491",
        "HMDB0011639",
        "HMDB0000300",
        "HMDB0000026",
        "HMDB0002111",
        "HMDB0001303",
        "HMDB0000056"
    ],
    "prot_link": [
        "P80404",
        "P24298",
        "P05091",
        "Q96KN2",
        "Q9UBR1",
        "Q14117",
        "Q12882",
        "Q99259",
        "Q16853",
        "Q02252",
        "Q8N8R3",
        "Q969I6"
    ]
}