{
    "smpdb": "SMP0000472",
    "name": "Erlotinib Action Pathway",
    "class": "Drug Action",
    "description": "Vatalanib is an anti-VEGFR molecule in the treatment of cancer. Cancer cells tend to overexpress VEGF, which stimulates angiogenesis, facilitating cancer growth and metastasis. The majority of VEGF\u2019s effects are mediated through its binding to the VEGFR-2 receptor on endothelial cell surfaces. Upon binding, the receptor autophosphorylates and initiates a signalling cascade, starting with the activation of CSK. CSK phosphorylates Raf-1, which subsequently phosphorylates MAP kinase kinase, which phosphorylates MAP kinase. The activated MAP kinase enters the nucleus and stimulates the expression of angiogenic factors resulting in increased cell proliferation, migration,  permeability, invasion, and survival.\nBinding of VEGF to VEGFR-2 also activates phospholipase C PIP2 into DAG and IP3. DAG may be involved in the activation of Raf-1 leading to angiogenesis, while IP3 activates PI3K and triggers calcium release from the endoplasmic reticulum. This ultimately leads to the activation of nitric oxide synthase and the production of nitric oxide, which stimulates vasodilation and increases vascular permeability. \nIn cancer, VEGF has also been shown to bind to the VEGFR-1 receptor. However, its effects on angiogenesis are unclear at the moment. There are some evidence to show that VEGFR-1 may cross-talk with VEGFR-2 and initiate the signalling cascades described above.\nVatalanib exerts its effect by binding to intracellular tyrosine kinase domain of VEGFR-2 and preventing receptor autophosphorylation and activation of downstream pathways, resulting in suppression of angiogenesis. (less)",
    "chem_link": [
        "P08908",
        "P35348",
        "B7ZKV8",
        "P01203",
        "P21728",
        "Q8TCU5",
        "Q12879",
        "Q05586",
        "Q9NS61",
        "P35372",
        "P16519",
        "P43681",
        "P17787",
        "Q9NZV8",
        "P01189",
        "Q9Y5Y9",
        "Q07699",
        "Q01959",
        "P23975",
        "P31645",
        "P05023",
        "P50993",
        "P13637",
        "Q13733",
        "P05026",
        "P14415",
        "P54709",
        "P54710",
        "Q9NY47",
        "Q02641",
        "O00555"
    ],
    "prot_link": [
        "HMDB0001341",
        "HMDB0000538",
        "HMDB0000464",
        "HMDB0000073",
        "HMDB0000216",
        "HMDB0014640",
        "HMDB0001429",
        "HMDB0000586",
        "HMDB0000259",
        "HMDB0000588",
        "HMDB0002111"
    ]
}