{
    "smpdb": "SMP0000519",
    "name": "Ribose-5-phosphate Isomerase Deficiency",
    "class": "Disease",
    "description": "Metiamide is a histamine H2-receptor antagonist that can bind and inhibit histamine H2-receptor to prevent the histamine effects on basolateral memrbane in gastric parietal cell. Binding and inhibition of histamine H2-receptor can lead to decreased gastric acid secretion so that lowering gastric volume as well as acidity. (less)",
    "chem_link": [
        "P05089",
        "P04424",
        "P00966",
        "P17174",
        "P07814",
        "P31327",
        "P12277",
        "P14920",
        "P30038",
        "P00367",
        "P50440",
        "Q14353",
        "Q9Y619",
        "P29475",
        "P04181",
        "P00480",
        "Q5T160",
        "O43272",
        "Q7Z4N8",
        "Q96C36"
    ],
    "prot_link": [
        "HMDB0006875",
        "HMDB0002234",
        "HMDB0001301",
        "HMDB0002070",
        "HMDB0002273",
        "HMDB0000725",
        "HMDB0001341",
        "HMDB0000045",
        "HMDB0000538",
        "HMDB0000051",
        "HMDB0000052",
        "HMDB0001096",
        "HMDB0001967",
        "HMDB0000904",
        "HMDB0000064",
        "HMDB0003411",
        "HMDB0001248",
        "HMDB0001520",
        "HMDB0000134",
        "HMDB0000123",
        "HMDB0000128",
        "HMDB0003178",
        "HMDB0059597",
        "HMDB0003125",
        "HMDB0006556",
        "HMDB0000517",
        "HMDB0000191",
        "HMDB0000148",
        "HMDB0002104",
        "HMDB0000162",
        "HMDB0001333",
        "HMDB0004224",
        "HMDB0000902",
        "HMDB0001487",
        "HMDB0000217",
        "HMDB0000221",
        "HMDB0003378",
        "HMDB0000214",
        "HMDB0000223",
        "HMDB0000208",
        "HMDB0001377",
        "HMDB0001429",
        "HMDB0001511",
        "HMDB0002142",
        "HMDB0001491",
        "HMDB0000250",
        "HMDB0001369",
        "HMDB0000939",
        "HMDB0001185",
        "HMDB0000254",
        "HMDB0000027",
        "HMDB0000294",
        "HMDB0002111"
    ]
}