{
    "smpdb": "SMP0000065",
    "name": "Ubiquinone Biosynthesis",
    "class": "Metabolic",
    "description": "Ubiquinone is also known as coenzyme Q10. It is a 1,4-benzoquinone, where Q refers to the quinone chemical group, and 10 refers to the isoprenyl chemical subunits. Ubiquinone is a carrier of hydrogen atoms (protons plus electrons) and functions as an ubiquitous coenzyme in redox reactions, where it is first reduced to the enzyme-bound intermediate radical semiquinone and in a second reduction to ubiquinol (Dihydroquinone; CoQH2). Ubiquinone is not tightly bound or covalently linked to any known protein complex but is very mobile. In eukaryotes ubiquinones were found in the inner mito-chondrial membrane and in other membranes such as the endoplasmic reticulum, Golgi vesicles, lysosomes and peroxisomes. The benzoquinone portion of Coenzyme Q10 is synthesized from tyrosine, whereas the isoprene sidechain is synthesized from acetyl-CoA through the mevalonate pathway. The mevalonate pathway is also used for the first steps of cholesterol biosynthesis. The enzyme para-hydroxybenzoate polyprenyltransferase catalyzes the condensation of p-hydroxybenzoate with polyprenyl diphosphate to generate ubiquinone. (less)",
    "chem_link": [
        "HMDB0000042",
        "HMDB0001206",
        "HMDB0001341",
        "HMDB0000538",
        "HMDB0000051",
        "HMDB0003362",
        "HMDB0003556",
        "HMDB0001423",
        "HMDB0001176",
        "HMDB0000082",
        "HMDB0000660",
        "HMDB0000124",
        "HMDB0001514",
        "HMDB0001254",
        "HMDB0000148",
        "HMDB0000641",
        "HMDB0000547",
        "HMDB0000215",
        "HMDB0001062",
        "HMDB0001121",
        "HMDB0001367",
        "HMDB0001129",
        "HMDB0006268",
        "HMDB0000230",
        "HMDB0001429",
        "HMDB0000263",
        "HMDB0000250",
        "HMDB0000243",
        "HMDB0000295",
        "HMDB0000290",
        "HMDB0000285",
        "HMDB0002111"
    ],
    "prot_link": [
        "P06865",
        "Q9Y223",
        "Q13231",
        "Q96EK6",
        "P46926",
        "Q06210",
        "P19367",
        "Q9UJ70",
        "Q9BXD5",
        "P51606",
        "Q8NFW8",
        "Q8TBE9",
        "O95394",
        "Q9Y303",
        "Q9NR45",
        "Q9NRA2",
        "Q16222",
        "nknown"
    ]
}