{
    "smpdb": "SMP0000403",
    "name": "Proparacaine Action Pathway",
    "class": "Drug Action",
    "description": "Sufentanil is a pharmacologically-active synthetic small molecule derived from fentanyl and belongs to a class of drugs called opioids. Opioids are therapeutically employed to achieve analgesia. Sufentanil\u2019s rapid mechanism of action primarily involves its agonistic effects on mu-type opioid receptors which are inhibitory G-coupled protein receptors and lead to the inhibition of adenylate cyclase and decrease in cAMP production. It also inhibits nociceptive neurotransmitter release and induces membrane hyperpolarization. Analgesia, anesthesia, and respiratory depression are a consequence of remifentanial\u2019s action.\n (less)",
    "chem_link": [
        "HMDB0001206",
        "HMDB0001341",
        "HMDB0000538",
        "HMDB0001423",
        "HMDB0000638",
        "HMDB0002356",
        "HMDB0006459",
        "HMDB0000201",
        "HMDB0000062",
        "HMDB0003571",
        "HMDB0000547",
        "HMDB0002003",
        "HMDB0006526",
        "HMDB0001521"
    ],
    "prot_link": [
        "P33897",
        "Q9UBJ2",
        "P43155",
        "P23786",
        "P33121",
        "O43772",
        "Q9UKG9",
        "Q96HA9",
        "Q92968",
        "O75381"
    ]
}