{
    "smpdb": "SMP0000021",
    "name": "Taurine and Hypotaurine Metabolism",
    "class": "Metabolic",
    "description": "There is an organic acid known as Taurine, which is a derivative product of sulfhydryl amino acid (which contains sulfur), as well as cysteine.  The synthesis or metabolism in mammalian systems of this acid transpires within the pancreas in such a fashion that it utilizes a pathway known as the cysteine sulfinic acid pathway.\nTo put this process in context, its occurrence is often seen in vivo, in hepatocytes, and is fundamental in the cyclical process of recovering bile acids from the intenstine, turning them back into salts and returning them to the bile. \nIn essence the cysteine pathway induces a sulfhydryl group to be oxidized, creating cysteine sulfinic acid, by utilizing the appropriate enzymes (ie cysteine dioxygenase). This new acid undergoes decarboxylation creating a new compound: hypotaurine. This process goes on as Taurine now is subjected to conjugation vis a vis its amino terminal group. This includes acids such as chenodeoxycholic acid and cholic acid, and in turn the formation of bile salts occurs.\n\nMoreover, this entire process can be catalyzed via bile acid and a special amino acid N-acetyltransferase.  (less)",
    "chem_link": [
        "Q9NUB1",
        "Q9NR19",
        "P00325",
        "P30837",
        "P05091",
        "P04040",
        "P05181"
    ],
    "prot_link": [
        "HMDB0001112",
        "HMDB0001473",
        "HMDB0001248",
        "HMDB0001270",
        "HMDB0000126",
        "HMDB0002434",
        "HMDB0000902",
        "HMDB0001487",
        "HMDB0002142",
        "HMDB0003364"
    ]
}