{
    "smpdb": "SMP0000353",
    "name": "Leukotriene C4 Synthesis Deficiency",
    "class": "Disease",
    "description": "Succinic Semialdehyde Dehydrogenase (SSADH) deficiency is a rare autosomal recessive inherited disorder affecting the metabolism of \u03b3-aminobutyric acid (GABA). With reduced GABA activity, oxidation of succinic semialdehyde (SSA) to succinic acid is impaired causing a build up of SSA and ultimately it\u2019s downstream metabolite \u03b3-hydroxybutyric acid (GHB). \nSymptoms of SSADH deficiency are primarily neuropsychiatric including developmental delays, hypotonia, expressive language impairment, seizures, difficulty coordinating movements (ataxia), decreased reflexes (hyporeflexia), and other behavioral issues. Patients with SSADH deficiency have elevated levels of GHB in urine, however this method is not a definitive diagnosis due to the potential volatilization of acidified urine and the use of GHB as a drug. Instead SSADH can be confirmed suing enzyme analysis in leukocytes and molecular genetic analysis of the Aldh5a1 gene at chromosome 6p22.\n (less)",
    "chem_link": [
        "P32754",
        "P17174",
        "P16930",
        "Q93099",
        "Q96RQ9",
        "O43708",
        "Q9Y285",
        "Q9NSD9",
        "P00439",
        "P17735",
        "P54577"
    ],
    "prot_link": [
        "HMDB0013642",
        "HMDB0006823",
        "HMDB0006821",
        "HMDB0002065",
        "HMDB0002275",
        "HMDB0000038",
        "HMDB0000980",
        "HMDB0001195",
        "HMDB0006822",
        "HMDB0000142",
        "HMDB0001273",
        "HMDB0000902",
        "HMDB0001487",
        "HMDB0000217",
        "HMDB0000221",
        "HMDB0000845",
        "HMDB0012282",
        "HMDB0000238",
        "HMDB0000027",
        "HMDB0002111",
        "HMDB0015532"
    ]
}