{
    "smpdb": "SMP0000387",
    "name": "CHILD Syndrome",
    "class": "Disease",
    "description": "Ketoprofen (also known as (RS)-2-(3-benzoylphenyl)-propionic acid) is a nonsteroidal anti-inflammatory drug (NSAID). It can be used to treat rheumatoid arthritis, osteoarthritis, dysmenorrhea, and to alleviate moderate pain.. Ketoprofen can block prostaglandin synthesis by the action of inhibition of prostaglandin G/H synthase 1 and 2. Prostaglandin G/H synthase 1 and 2 catalyze the arachidonic acid to prostaglandin G2, and also catalyze prostaglandin G2 to prostaglandin H2 in the metabolism pathway. Because of hypothalamus action, antipyretic effects may occur which will lead to vasodilation, increased peripheral blood flow and subsequent heat dissipation. (less)",
    "chem_link": [
        "P08195",
        "P37088",
        "P51168",
        "P51172",
        "P51170",
        "P29972",
        "P41181",
        "Q92482",
        "P48048",
        "B7ZKV8",
        "P82251",
        "P51800",
        "P43005",
        "Q01650",
        "Q9UHI5",
        "P08235",
        "Q07837",
        "Q9NP91",
        "Q969I6",
        "P05023",
        "P50993",
        "P13637",
        "Q13733",
        "P05026",
        "P14415",
        "P54709",
        "P54710",
        "Q13621",
        "P55017",
        "Q9UHW9",
        "O15244",
        "Q4U2R8",
        "Q15849",
        "Q9UM01",
        "Q92536"
    ],
    "prot_link": [
        "HMDB0000037",
        "HMDB0000492",
        "HMDB0001933",
        "HMDB0000595",
        "HMDB0000574",
        "HMDB0000586",
        "HMDB0000588",
        "HMDB0000294",
        "HMDB0002111"
    ]
}