{
    "smpdb": "SMP0000458",
    "name": "Lactose Intolerance",
    "class": "Disease",
    "description": "Homocystinuria, Cystathionine beta-Synthase Deficiency, also known as homocystinuria, is a inherited disorder of amino acid methionine metabolism caused by a defective cystathionine beta-Synthase. Cystathionine beta-Synthase catalyzes the conversion of homocysteine and L-Serine into L-Cystathionine which is the substrate of cystathionine gamma-lyase. This disorder is characterized by a large accumulation of homocysteine in the cell. Symptoms of the disorder include thromboembolism, ectopia lentis and/or severe myopia, skeletal system deficiency and developmental delay. Treatment with homocystinuria aims at correct the biochemical abnormalities through disorder management (e.g. surveillance, circumstances to avoid, prevention of primary manifestations, etc. (less)",
    "chem_link": [
        "P06865",
        "Q9Y223",
        "Q13231",
        "Q96EK6",
        "P46926",
        "Q06210",
        "P19367",
        "Q9UJ70",
        "Q9BXD5",
        "P51606",
        "Q8NFW8",
        "Q8TBE9",
        "O95394",
        "Q9Y303",
        "Q9NR45",
        "Q9NRA2",
        "Q16222",
        "nknown"
    ],
    "prot_link": [
        "HMDB0000972",
        "HMDB0001044",
        "HMDB0001308",
        "HMDB0006273",
        "HMDB0001235",
        "HMDB0003192",
        "HMDB0001128",
        "HMDB0000034",
        "HMDB0000050",
        "HMDB0001341",
        "HMDB0001178",
        "HMDB0000045",
        "HMDB0000538",
        "HMDB0000536",
        "HMDB0001517",
        "HMDB0000051",
        "HMDB0000464",
        "HMDB0000058",
        "HMDB0001967",
        "HMDB0001548",
        "HMDB0001508",
        "HMDB0000101",
        "HMDB0000905",
        "HMDB0001532",
        "HMDB0000085",
        "HMDB0000071",
        "HMDB0001351",
        "HMDB0000960",
        "HMDB0001440",
        "HMDB0001340",
        "HMDB0061376",
        "HMDB0001248",
        "HMDB0012943",
        "HMDB0000134",
        "HMDB0000123",
        "HMDB0002022",
        "HMDB0000132",
        "HMDB0000133",
        "HMDB0011629",
        "HMDB0001201",
        "HMDB0001397",
        "HMDB0001273",
        "HMDB0003178",
        "HMDB0003125",
        "HMDB0000157",
        "HMDB0003335",
        "HMDB0000195",
        "HMDB0000189",
        "HMDB0000175",
        "HMDB0000191",
        "HMDB0000148",
        "HMDB0000641",
        "HMDB0000547",
        "HMDB0000902",
        "HMDB0001487",
        "HMDB0000217",
        "HMDB0000221",
        "HMDB0001377",
        "HMDB0001429",
        "HMDB0001439",
        "HMDB0000280",
        "HMDB0000999",
        "HMDB0002142",
        "HMDB0000586",
        "HMDB0000250",
        "HMDB0001489",
        "HMDB0000797",
        "HMDB0001846",
        "HMDB0000289",
        "HMDB0002111",
        "HMDB0000292",
        "HMDB0000299",
        "HMDB0001554",
        "HMDB0001303"
    ]
}