{
    "smpdb": "SMP0000364",
    "name": "Lesch-Nyhan Syndrome (LNS)",
    "class": "Disease",
    "description": "Pyruvate dehydrogenase complex deficiency results from a mutation in the E1-alpha polypeptide gene (PDHA1). PDHA1 encodes the pyruvate dehydrogenase complex (PDC) a critical complex that converts pyruvate from glycolysis to acetyl CoA for the citric acid cycle. This conversion step links glycolysis and the citric acid cycle. A defect in this complex causes accumulation of lactate and pyruvate in the blood; lactate and pyruvic acid in the spinal fluid; and lactate in the urine. Symptoms include lactic and metabolic acidosis, motor retardation, dystonia, growth and mental retardation, and respiratory distress. (less)",
    "chem_link": [
        "P19174",
        "Q15118",
        "P47712",
        "Q02750",
        "P36507",
        "P46734",
        "P45985",
        "P52564",
        "O14733",
        "P04141",
        "Q9UQC2",
        "P62993",
        "P01112",
        "P01116",
        "P01111",
        "Q9UKW4",
        "P12319",
        "Q01362",
        "P30273",
        "P01854",
        "P35225",
        "P08700",
        "P05112",
        "P05113",
        "O43561",
        "Q13094",
        "P28482",
        "Q16539",
        "P45983",
        "Q92835",
        "P27986",
        "P42336",
        "P17252",
        "P31749",
        "P04049",
        "P63000",
        "Q07889",
        "P01375",
        "Q06187",
        "P06241",
        "P07948",
        "P43405"
    ],
    "prot_link": [
        "HMDB0000972",
        "HMDB0001044",
        "HMDB0001308",
        "HMDB0006273",
        "HMDB0001235",
        "HMDB0003192",
        "HMDB0001128",
        "HMDB0000034",
        "HMDB0000050",
        "HMDB0001341",
        "HMDB0001178",
        "HMDB0000045",
        "HMDB0000538",
        "HMDB0000536",
        "HMDB0001517",
        "HMDB0000051",
        "HMDB0000464",
        "HMDB0000058",
        "HMDB0001967",
        "HMDB0001548",
        "HMDB0001508",
        "HMDB0000101",
        "HMDB0000905",
        "HMDB0001532",
        "HMDB0000085",
        "HMDB0000071",
        "HMDB0001351",
        "HMDB0000960",
        "HMDB0001440",
        "HMDB0001340",
        "HMDB0061376",
        "HMDB0001248",
        "HMDB0012943",
        "HMDB0000134",
        "HMDB0000123",
        "HMDB0002022",
        "HMDB0000132",
        "HMDB0000133",
        "HMDB0011629",
        "HMDB0001201",
        "HMDB0001397",
        "HMDB0001273",
        "HMDB0003178",
        "HMDB0003125",
        "HMDB0000157",
        "HMDB0003335",
        "HMDB0000195",
        "HMDB0000189",
        "HMDB0000175",
        "HMDB0000191",
        "HMDB0000148",
        "HMDB0000641",
        "HMDB0000547",
        "HMDB0000902",
        "HMDB0001487",
        "HMDB0000217",
        "HMDB0000221",
        "HMDB0001377",
        "HMDB0001429",
        "HMDB0001439",
        "HMDB0000280",
        "HMDB0000999",
        "HMDB0002142",
        "HMDB0000586",
        "HMDB0000250",
        "HMDB0001489",
        "HMDB0000797",
        "HMDB0001846",
        "HMDB0000289",
        "HMDB0002111",
        "HMDB0000292",
        "HMDB0000299",
        "HMDB0001554",
        "HMDB0001303"
    ]
}