{
    "smpdb": "SMP0000384",
    "name": "Methylmalonate Semialdehyde Dehydrogenase Deficiency",
    "class": "Disease",
    "description": "Myoneurogastrointestinal encephalopathy, or mitochondrial neurogastrointestinal encephalopathy syndrome (MNGIE), is a multisystem disorder caused by mutations in the gene encoding thymidine phosphorylase, which normally uses thymidine and phosphate as substrates to catalyze the reaction between these two substrates to create thymine and 2-deoxy-alpha-D-ribose 1-phosphate. MNGIE causes accumulation of thymidine and deoxyuridine in the urine. Symptoms of MNGIE include ptosis, progressive external ophthalmoplegia, gastrointestinal dysmotility (often pseudoobstruction), diffuse leukoencephalopathy, peripheral neuropathy, and myopathy. (less)",
    "chem_link": [],
    "prot_link": [
        "B00054",
        "P08514"
    ]
}