{
    "smpdb": "SMP0000162",
    "name": "Losartan Action Pathway",
    "class": "Drug Action",
    "description": "Procaine exerts its local anaesthetic effect by blocking voltage-gated sodium channels in peripheral neurons. Procaine diffuses across the neuronal plasma membrane in its uncharged base form. Once inside the cytoplasm, it is protonated and this protonated form enters and blocks the pore of the voltage-gated sodium channel from the cytoplasmic side. For this to happen, the sodium channel must first become active so that so that gating mechanism is in the open state. Therefore procaine preferentially inhibits neurons that are actively firing.  (less)",
    "chem_link": [
        "P08908",
        "P35348",
        "B7ZKV8",
        "P01203",
        "P21728",
        "Q8TCU5",
        "Q12879",
        "Q05586",
        "Q9NS61",
        "P35372",
        "P16519",
        "P43681",
        "P17787",
        "Q9NZV8",
        "P01189",
        "Q9Y5Y9",
        "Q07699",
        "Q01959",
        "P23975",
        "P31645",
        "P05023",
        "P50993",
        "P13637",
        "Q13733",
        "P05026",
        "P14415",
        "P54709",
        "P54710",
        "Q9NY47",
        "Q02641",
        "O00555"
    ],
    "prot_link": []
}