{
    "smpdb": "SMP0000012",
    "name": "Catecholamine Biosynthesis",
    "class": "Metabolic",
    "description": "The Catecholamine Biosynthesis pathway depicts the synthesis of catecholamine neurotransmitters. Catecholamines are chemical hormones released from the adrenal glands as a response to stress that activate the sympathetic nervous system. They are composed of a catechol group and are derived from amino acids. The commonly found catecholamines are epinephrine (adrenaline), norepinephrine (noradrenaline) and dopamine. They are synthesized in catecholaminergic neurons by four enzymes, beginning with tyrosine hydroxylase (TH), which generates L-DOPA from tyrosine. The L-DOPA is then converted to dopamine via aromatic L-amino acid decarboxylase (AADC), which becomes  norepinephrine via dopamine beta-hydroxylase (DBH); and finally is converted to epinephrine via phenylethanolamine N-methyltransferase (PNMT). (less)",
    "chem_link": [
        "HMDB0000895",
        "HMDB0000464",
        "HMDB0001413",
        "HMDB0006968",
        "HMDB0000097",
        "HMDB0056387",
        "HMDB0007098",
        "HMDB0001473",
        "HMDB0000149",
        "HMDB0001248",
        "HMDB0001197",
        "HMDB0000126",
        "HMDB0000114",
        "HMDB0007853",
        "HMDB0010382",
        "HMDB0011503",
        "HMDB0000547",
        "HMDB0001333",
        "HMDB0000902",
        "HMDB0001487",
        "HMDB0000674",
        "HMDB0001338",
        "HMDB0000564",
        "HMDB0008923",
        "HMDB0010570",
        "HMDB0013472",
        "HMDB0001565",
        "HMDB0009778",
        "HMDB0000614"
    ],
    "prot_link": [
        "Q99943",
        "P22303",
        "O75608",
        "Q9UJA2",
        "Q32NB8",
        "O14735",
        "P35790",
        "P28329",
        "P49585",
        "Q8WUD6",
        "P0C869",
        "P23743",
        "Q9HCL2",
        "P21695",
        "P43304",
        "Q9NZC3",
        "Q9UNK4",
        "Q8NCC3",
        "O14494",
        "Q92903",
        "Q9UBM1",
        "Q8WUK0",
        "Q9UG56",
        "P48651",
        "Q9BVG9",
        "Q8TCT1",
        "O14939"
    ]
}