{
    "smpdb": "SMP0000327",
    "name": "Phenytoin (Antiarrhythmic) Action Pathway",
    "class": "Drug Action",
    "description": "Atenolol, trade name Tenormin, is a beta blocker prescribed to treat hypertension. Atenolol is a selective beta-1-adrenoceptor antagonist targeting the heart and vascular smooth muscle to inhibit sympathetic activity. Binding of atenolol inhibits the G protein signalling cascade and reduces heart rate, blood pressure, cardiac output and reflex orthostatic hypotension. Beta blockers were once the first line therapy for hypertension, however, current recommendations favour calcium channel blockers and angiotensin converting enzyme inhibitors.  (less)",
    "chem_link": [
        "Q13424",
        "Q09428",
        "O60706",
        "Q14654",
        "Q15842",
        "B7ZKV8",
        "P08588",
        "Q13884",
        "Q13425",
        "P17612",
        "P10644",
        "P26678",
        "Q12959",
        "P48549",
        "P48544",
        "P63252",
        "P48050",
        "Q9NS61",
        "P08172",
        "O00180",
        "P22460",
        "Q9UK17",
        "P15382",
        "Q9Y6J6",
        "Q12809",
        "P51787",
        "Q9Y3Q4",
        "Q5I7T1",
        "Q92736",
        "P16615",
        "Q14524",
        "P32418",
        "P05023",
        "P50993",
        "P13637",
        "Q13733",
        "P05026",
        "P14415",
        "P54709",
        "P54710",
        "P09493",
        "P07951",
        "Q9NY47",
        "Q13936",
        "Q02641",
        "O43497",
        "O95180"
    ],
    "prot_link": [
        "HMDB0001341",
        "HMDB0000538",
        "HMDB0015409",
        "HMDB0000464",
        "HMDB0001429",
        "HMDB0000586",
        "HMDB0000588",
        "HMDB0002111"
    ]
}