{
    "smpdb": "SMP0000370",
    "name": "Tyrosinemia Type 3 (TYRO3)",
    "class": "Disease",
    "description": "Lysosomal Acid Lipase Deficiency, also known as Wolman disease, is predictably enough the result of a specific defect in lysosomal acid lipase. The defect results from a mutation on the 10th chromosome to the LIPA gene. Of interest is that the nature of the particular defect to the LIPA gene can result in two major, and distinct disorders. The first and more severe is the infantile-onset Wolman disease, whereas the other less severe disorder is late-onset cholesteryl ester storage diseas, also known as CESD. These two disorders are the product of mutations to different regions of the LIPA gene. Wolman disease is characterized by increased transaminases in serum, and increased cholesteryl esters and triglycerides in various tissues. Symptoms include anemia, diarrhea, failure to thrive, enlarged liver, malabsorption, steatorrhea and abdominal pain. (less)",
    "chem_link": [
        "HMDB0000464",
        "HMDB0001201",
        "HMDB0001273",
        "HMDB0000870",
        "HMDB0001498",
        "HMDB0240250",
        "HMDB0002111"
    ],
    "prot_link": [
        "Q9NQ66",
        "P50148",
        "P62873",
        "P59768",
        "P35367",
        "Q14643",
        "P19838",
        "P05771"
    ]
}