{
    "smpdb": "SMP0000330",
    "name": "Tocainide Action Pathway",
    "class": "Drug Action",
    "description": "Carvedilol, trade name Coreg, is a nonselective beta-blocker that blocks both alpha and beta receptors of the heart and blood vessels. It is prescribed to treat hypertension, stable angina pectoris and congestive heart failure. Carvedilol also blocks calcium channels. Its activity decreases heart rate, myocardial contractility and oxygen demand and decreases vascular resistance. It also posses a unique feature for a beta-blocker, it has an anti-free-radical effect. This effect may prevent free radical damage to treat chronic heart failure. (less)",
    "chem_link": [
        "Q13424",
        "Q09428",
        "O60706",
        "Q14654",
        "Q15842",
        "B7ZKV8",
        "P08588",
        "Q13884",
        "Q13425",
        "P17612",
        "P10644",
        "P26678",
        "Q12959",
        "P48549",
        "P48544",
        "P63252",
        "P48050",
        "Q9NS61",
        "P08172",
        "O00180",
        "P22460",
        "Q9UK17",
        "P15382",
        "Q9Y6J6",
        "Q12809",
        "P51787",
        "Q9Y3Q4",
        "Q5I7T1",
        "Q92736",
        "P16615",
        "Q14524",
        "P32418",
        "P05023",
        "P50993",
        "P13637",
        "Q13733",
        "P05026",
        "P14415",
        "P54709",
        "P54710",
        "P09493",
        "P07951",
        "Q9NY47",
        "Q13936",
        "Q02641",
        "O43497",
        "O95180"
    ],
    "prot_link": [
        "HMDB0001341",
        "HMDB0000538",
        "HMDB0000464",
        "HMDB0015341",
        "HMDB0001429",
        "HMDB0000586",
        "HMDB0000588",
        "HMDB0002111"
    ]
}