{
    "smpdb": "SMP0000240",
    "name": "Salla Disease/Infantile Sialic Acid Storage Disease",
    "class": "Disease",
    "description": "Lesch-Nyhan Syndrome is a syndrome identified through its neurological, behavioural metabolic impact. It is characterized by a mental deficit and self-mutilation, accompanied with an overproduction of uric acid. A mutation of the HPRT1 gene are responsible for this condition, as they cause the enzyme hypoxanthine phosphoribosyltransferase 1 to be present in extremely low levels or absent altogether. This causes an overproduction of uric acid as the purines are not recycled, but only broken down. This gene is also connected to dopamine production, which a lack of causes smooth muscle function to suffer, resulting in dystonia, ballismus and chorea. Patients are usually unable to walk, and the connection between a lack of hypoxanthine phosphoribosyltransferase 1 and the behavioural abnormalities associated with this condition are unknown. \n\n (less)",
    "chem_link": [
        "P14060",
        "P18405",
        "P51857",
        "P11511",
        "P14061",
        "P49888",
        "P05093",
        "P08842",
        "O00204",
        "P37058",
        "O75310",
        "O75795"
    ],
    "prot_link": [
        "HMDB0001043",
        "HMDB0000464",
        "HMDB0001394",
        "HMDB0000870",
        "HMDB0001498",
        "HMDB0001198",
        "HMDB0003080",
        "HMDB0002200",
        "HMDB0000547",
        "HMDB0001333",
        "HMDB0032436",
        "HMDB0004249",
        "HMDB0001403",
        "HMDB0015532"
    ]
}