{
    "smpdb": "SMP0000391",
    "name": "Insulin Signalling",
    "class": "Protein",
    "description": "Clemastine is a first-generation ethanolamine H1-antihistamine. H1-antihistamines interfere with the agonist action of histamine at the H1 receptor and are administered to attenuate inflammatory process in order to treat conditions such as allergic rhinitis, allergic conjunctivitis, and urticaria. H1-antihistamines act on H1 receptors in T-cells to inhibit the immune response, in blood vessels to constrict dilated blood vessels, and in smooth muscles of lungs and intestines to relax those muscles. Allergies causes blood vessel dilation which causes swelling (edema) and fluid leakage. \n\nReducing the activity of the NF-\u03baB immune response transcription factor through the phospholipase C and the phosphatidylinositol (PIP2) signalling pathways also decreases antigen presentation and the expression of pro-inflammatory cytokines, cell adhesion molecules, and chemotactic factors. Furthermore, lowering calcium ion concentration leads to increased mast cell stability which reduces further histamine release. First-generation antihistamines readily cross the blood-brain barrier and cause sedation and other adverse central nervous system (CNS) effects (e.g. nervousness and insomnia). Second-generation antihistamines are more selective for H1-receptors of the peripheral nervous system (PNS) and do not cross the blood-brain barrier. Consequently, these newer drugs elicit fewer adverse drug reactions. (less)",
    "chem_link": [
        "Q02218",
        "Q99798",
        "O75390",
        "P09622",
        "P10515",
        "P36957",
        "P07954",
        "P50213",
        "O43837",
        "P51553",
        "P40926",
        "Q9Y5U8",
        "P11498",
        "P08559",
        "P11177",
        "O14521",
        "P31040",
        "P21912",
        "Q99643",
        "P53597",
        "Q96I99"
    ],
    "prot_link": [
        "HMDB0000045",
        "HMDB0000538",
        "HMDB0000883"
    ]
}