{
    "smpdb": "SMP0000337",
    "name": "Glutathione Synthetase Deficiency",
    "class": "Disease",
    "description": "Methotrexate is an antifolate antimetabolite used in the treatment of rheumatoid arthritis and cancer. Methotrexate is taken up into the cell by human reduced folate carriers (SLC19A1).  In the cytoplasm, methotrexate is polyglutamated by folylpolyglutamate synthase, which enhances its retention inside the cell. Both methotrexate and methotrexate-polyglutamate inhibit dihydrofolate reductase, an enzyme that catalyzes the conversion of dihydrofolate into tetrahydrofolate, which is the active form of folic acid. Tetrahydrofolate is involved in many single-carbon transfer reactions, including the synthesis of DNA and RNA nucleotides. Inhibition of dihydrofolate reductase causes depletion of intracellular tetrahydrofolate, which has a cytotoxic effect, especially on rapidly dividing cells. Methotrexate-polyglutamate further inhibits de novo purine synthesis and thymidylate synthase, which contribute to methotrexate\u2019s cytotoxic effects. (less)",
    "chem_link": [
        "P35520"
    ],
    "prot_link": [
        "HMDB0000972",
        "HMDB0001044",
        "HMDB0001308",
        "HMDB0006273",
        "HMDB0001235",
        "HMDB0003192",
        "HMDB0001128",
        "HMDB0000034",
        "HMDB0000050",
        "HMDB0001341",
        "HMDB0001178",
        "HMDB0000045",
        "HMDB0000538",
        "HMDB0000536",
        "HMDB0001517",
        "HMDB0000051",
        "HMDB0000464",
        "HMDB0000058",
        "HMDB0001967",
        "HMDB0001548",
        "HMDB0001508",
        "HMDB0000101",
        "HMDB0000905",
        "HMDB0001532",
        "HMDB0000085",
        "HMDB0000071",
        "HMDB0001351",
        "HMDB0000960",
        "HMDB0001440",
        "HMDB0001340",
        "HMDB0061376",
        "HMDB0001248",
        "HMDB0012943",
        "HMDB0000134",
        "HMDB0000123",
        "HMDB0002022",
        "HMDB0000132",
        "HMDB0000133",
        "HMDB0011629",
        "HMDB0001201",
        "HMDB0001397",
        "HMDB0001273",
        "HMDB0003178",
        "HMDB0003125",
        "HMDB0000157",
        "HMDB0003335",
        "HMDB0000195",
        "HMDB0000189",
        "HMDB0000175",
        "HMDB0000191",
        "HMDB0000148",
        "HMDB0000641",
        "HMDB0000547",
        "HMDB0000902",
        "HMDB0001487",
        "HMDB0000217",
        "HMDB0000221",
        "HMDB0001377",
        "HMDB0001429",
        "HMDB0001439",
        "HMDB0000280",
        "HMDB0000999",
        "HMDB0002142",
        "HMDB0000586",
        "HMDB0000250",
        "HMDB0001489",
        "HMDB0000797",
        "HMDB0001846",
        "HMDB0000289",
        "HMDB0002111",
        "HMDB0000292",
        "HMDB0000299",
        "HMDB0001554",
        "HMDB0001303"
    ]
}