{
    "smpdb": "SMP0000117",
    "name": "Pamidronate Action Pathway",
    "class": "Drug Action",
    "description": "Azathioprine is a purine antimetabolite prodrug that exerts cytotoxic effects via three mechanisms: via incorporation of thiodeoxyguanosine triphosphate into DNA and thioguanosine triphosphate into RNA, inhibition of de novo synthesis of purine nucleotides, and inhibition of Ras-related C3 botulinum toxin substrate 1, which induces apoptosis of activated T cells. Azathioprine is first converted _in vivo_ to mercaptopurine in the liver. Mercaptopurine then travels through the bloodstream and is transported into cells via nucleoside transporters.  Mercaptopurine is converted to thioguanosince diphosphate through a series of metabolic reactions that produces the metabolic intermediates, thioinosine 5\u2019-monophosphate, thioxanthine monophosphate, and thioguanosine monophosphate. Thioguanosine diphosphate is then converted via a thiodeoxyguanosine diphosphate intermediate to thiodeoxyguanosine triphosphate, which is incorporated into DNA. Thioguanosine diphosphate is also converted to thioguanosine triphosphate which is incorporated into RNA. The thioguanosine triphosphate metabolite also inhibits Ras-related C3 botulinum toxin substrate 1, a plasma membrane-associated small GTPase that regulates cellular processes, inducing apoptosis in activated T cells. Finally, de novo synthesis of purine nucleotides is inhibited by the methyl-thioinosine 5\u2019-monophosphate metabolite, which inhibits amidophosphoribosyl-transferase, the enzyme that catalyzes one of the first steps in this pathway. (less)",
    "chem_link": [
        "P42330",
        "O75342",
        "P18054",
        "P16050",
        "O15296",
        "P09917",
        "P34913",
        "P16152",
        "P20813",
        "P10632",
        "P05181",
        "P51589",
        "Q7Z449",
        "Q02928",
        "P98187",
        "P0C869",
        "P19440",
        "P07203",
        "P09960",
        "Q16873",
        "P78329",
        "Q08477",
        "Q16647",
        "O14684",
        "P23219",
        "P35354",
        "P41222",
        "Q8TBF2",
        "P24557"
    ],
    "prot_link": [
        "HMDB0004029",
        "HMDB0006760",
        "HMDB0006754",
        "HMDB0006757",
        "HMDB0004031",
        "HMDB0000374",
        "HMDB0006764",
        "HMDB0006758",
        "HMDB0000363",
        "HMDB0006762",
        "HMDB0000319",
        "HMDB0006763",
        "HMDB0006283",
        "HMDB0004030",
        "HMDB0006756",
        "HMDB0004026",
        "HMDB0004035",
        "HMDB0006753",
        "HMDB0006755",
        "HMDB0006759",
        "HMDB0001318",
        "HMDB0003759",
        "HMDB0000037",
        "HMDB0000067",
        "HMDB0000015",
        "HMDB0001547",
        "HMDB0000063",
        "HMDB0002802",
        "HMDB0000016",
        "HMDB0003259",
        "HMDB0003178",
        "HMDB0059597",
        "HMDB0000902",
        "HMDB0001487",
        "HMDB0000217",
        "HMDB0000221",
        "HMDB0001377",
        "HMDB0000253",
        "HMDB0001830",
        "HMDB0000268",
        "HMDB0000949",
        "HMDB0000903",
        "HMDB0002111"
    ]
}