{
    "smpdb": "SMP0000097",
    "name": "Ethacrynic Acid Action Pathway",
    "class": "Drug Action",
    "description": "Etoricoxib (also named as Arcoxia) is a COX-2 selective inhibitor. It can be used to treat fever, pain, swelling, inflammation, and platelet aggregation. Etoricoxib can block prostaglandin synthesis by the action of inhibition of prostaglandin G/H synthase 1 and 2. Prostaglandin G/H synthase 1 and 2 catalyze the arachidonic acid to prostaglandin G2, and also catalyze prostaglandin G2 to prostaglandin H2 in the metabolism pathway.  (less)",
    "chem_link": [
        "HMDB0000807",
        "HMDB0001341",
        "HMDB0000538",
        "HMDB0001423",
        "HMDB0007098",
        "HMDB0001473",
        "HMDB0001248",
        "HMDB0001051",
        "HMDB0000139",
        "HMDB0000131",
        "HMDB0000126",
        "HMDB0002434",
        "HMDB0007853",
        "HMDB0011533",
        "HMDB0000902",
        "HMDB0001487",
        "HMDB0000217",
        "HMDB0000221",
        "HMDB0000674",
        "HMDB0000220",
        "HMDB0001338",
        "HMDB0001429",
        "HMDB0003364",
        "HMDB0005356",
        "HMDB0002111"
    ],
    "prot_link": [
        "Q99943",
        "P30838",
        "P15121",
        "P23743",
        "Q8IVS8",
        "P32189",
        "Q9HCL2",
        "P21695",
        "P43304",
        "P11150",
        "O14494",
        "O43688",
        "P06858"
    ]
}