{
    "smpdb": "SMP0000302",
    "name": "Metoprolol Action Pathway",
    "class": "Drug Action",
    "description": "Cyclophosphamide is an alkylating agent used in the treatment of certain cancers. Following absorption, cyclophosphamide is converted into 4-hydroxyphosphamide by a variety of cytochrome P450 isozymes in the liver. 4-Hydroxyphosphamide is more soluble than cyclophosphamide and is the primary form of the drug that is transported in blood. 4-Hydroxyphosphamide crosses the plasma membrane of the cancer cell and spontaneuosly forms aldophosphamide. This is a reversible reaction. Aldophosphamide can decompose into acrolein and phosphoramide mustard. Phosphoramide mustard is the active alkylating agent and forms alkyl adducts with DNA through a phosphoramide aziridinium intermediate. Alkylation of DNA causes DNA damage and eventually cell death.\n (less)",
    "chem_link": [
        "P24298",
        "P05089",
        "P04424",
        "P00966",
        "P00505",
        "O75746",
        "P31327",
        "P00367",
        "Q9UI32",
        "Q9Y619",
        "P43007",
        "Q15758",
        "P00480"
    ],
    "prot_link": [
        "HMDB0001341",
        "HMDB0000045",
        "HMDB0000538",
        "HMDB0000030",
        "HMDB0000123",
        "HMDB0000119",
        "HMDB0000595",
        "HMDB0000161",
        "HMDB0000148",
        "HMDB0001333",
        "HMDB0000223",
        "HMDB0000208",
        "HMDB0001429",
        "HMDB0001491",
        "HMDB0000250",
        "HMDB0000243",
        "HMDB0001303"
    ]
}