{
    "smpdb": "SMP0000410",
    "name": "Hydromorphone Action Pathway",
    "class": "Drug Action",
    "description": "Abacavir (also known as Ziagen or Epzicom) is an antiviral agent that is used for treating HIV/AID. Cellular enzyme converts abacavir to its activate metabolite, carbovir triphosphate, for inhibiting HIV-1 reverse transcriptase (RT) by competing with dGTP, which is the natural substrate of RT. Without HIV-1 reverse transcriptase, complementary DNA (cDNA) could not be generated; therefore, viral DNA couldn't be completed. (less)",
    "chem_link": [
        "HMDB0060717",
        "HMDB0060952",
        "HMDB0015282",
        "HMDB0001426",
        "HMDB0003178",
        "HMDB0059597",
        "HMDB0001848",
        "HMDB0000902",
        "HMDB0001487",
        "HMDB0000217",
        "HMDB0000221",
        "HMDB0001377",
        "HMDB0002111"
    ],
    "prot_link": [
        "P05177",
        "P33261",
        "P10635",
        "P08684",
        "P23975",
        "P31645"
    ]
}