{
    "smpdb": "SMP0000189",
    "name": "Hartnup Disorder",
    "class": "Disease",
    "description": "Gamma-glutamyltranspeptidase deficiency, characterized by glutathionemia and glutathionuria, is an autosomal recessive disorder of glutathione metabolism caused by a defective gamma-glutamyl transpeptidase (GGT). GGT transfers glutamyl moieties to acceptor molecules such as amino acids and peptides. This disorder is characterized by a large accumulation of glutathione in the urine. Symptoms of the disorder include easy bruising, asthma, and mild mental retardation. (less)",
    "chem_link": [
        "P49914",
        "P13995",
        "P11586",
        "O75891",
        "P00374",
        "Q05932",
        "O95954",
        "Q92820",
        "Q96DP5",
        "P42898",
        "Q6UB35",
        "Q96NT5"
    ],
    "prot_link": [
        "HMDB0001341",
        "HMDB0000538",
        "HMDB0000143",
        "HMDB0000122",
        "HMDB0001429",
        "HMDB0000586",
        "HMDB0000588",
        "HMDB0002111",
        "HMDB0000186"
    ]
}