{
    "smpdb": "SMP0000070",
    "name": "Riboflavin Metabolism",
    "class": "Metabolic",
    "description": "Riboflavin (vitamin B2) is an important part of the enzyme cofactors FAD (flavin-adenine dinucleotide) and FMN (flavin mononucleotide).  The name \"riboflavin\" actually comes from \"ribose\" and \"flavin\".  Like the other B vitamins, riboflavin is needed for the breaking down and processing of  ketone bodies, lipids, carbohydrates, and proteins.  Riboflavin is found in many different foods, such as meats and vegetables.As the digestion process occurs, many different flavoproteins that come from food are broken down and riboflavin is reabsorbed. The reverse reaction is mediated by acid phosphatase 6. FMN can be turned into to FAD via FAD synthetase, while the reverse reaction is mediated by nucleotide pyrophosphatase.  FAD and FMN are essential hydrogen carriers and are involved in over 100 redox reactions that take part in energy metabolism. \n (less)",
    "chem_link": [
        "HMDB0003609",
        "HMDB0003474",
        "HMDB0000464",
        "HMDB0001248",
        "HMDB0003178",
        "HMDB0003125",
        "HMDB0012238",
        "HMDB0000021",
        "HMDB0000158",
        "HMDB0000265",
        "HMDB0000588",
        "HMDB0000248",
        "HMDB0002111"
    ],
    "prot_link": [
        "P04839",
        "P13498",
        "Q9NRD9",
        "Q9NRD8",
        "Q9HBY0",
        "Q9NPH5",
        "F5H104",
        "Q92911",
        "P01266",
        "P07202"
    ]
}