{
    "smpdb": "SMP0000161",
    "name": "Irbesartan Action Pathway",
    "class": "Drug Action",
    "description": "Toll-like receptors (TLRs) are a type of pattern recognition receptor that spans the cell membrane and recognizes conserved microbial molecules. TLRs get their name from the toll gene in Drosophila, which produces a protein that is similar in structure to TLR proteins. Each TLR is able to recognize specific unique molecules associated with pathogens, including lipoproteins, lipopolysaccharides, double stranded RNA, flagellin and others. Recognition of pathogen molecules allows the immune system to detect extracellular pathogens.\n\nTLR2 can form heterodimers on the surface of the cell's plasma membrane with either TLR1 or TLR6. These dimers, along with another protein known as CD14 as a cofactor, can detect different microbial lipoproteins. Following binding of lipoproteins to these complexes, they activate a protein known as myeloid differentiation primary response protein (MyD88). MyD88 then joins with interleukin-1 receptor-associated kinase 1 (IRAK1) to form a complex.\n\nTLR4 is another TLR that detects lipopolysaccharides (LPS) that make up the outer membrane of Gram-negative bacteria. It associates with two other proteins, monocyte differentiation antigen CD14, and lymphocyte antigen 96 (MD2), which allow it to better bind LPS. Once LPS has bound to the complex, it activates signalling to the toll/interleukin-1 receptor domain-containing adaptor protein (TIRAP) and Toll-interacting protein (TOLLIP), which then recruit MyD99 and IRAK1 to the TLR on the cell surface.\n\nOther TLRs have slightly more simple pathways, including TLR9, which recognizes CpG-DNA, which is a section of DNA with a cytosine followed by a guanine and are found commonly in pathogen genomes. TLRs 3 and 8 both recognize double stranded RNA, which is found in some viruses. TLR7 recognizes single stranded RNA from internalized viral genomes, and can also be activated by the drug Imiquimod, sold as Aldara. Imiquimod is used to treat genital warts , actinic keratosis and basal cell carcinoma by activating the immune system in the area it was applied. Finally, TLR5 recognizes the bacterial flagellin proteins. When any of these substances bind their respective TLRs, the TLRs signal to the MyD88 and IRAK1 complex.\n\nAfter any of these activation mechanisms occurs, the IRAK protein, which is a kinase, phosphorylates  and activates TNF receptor-associated factor 6 (TRAF6). TRAF6 then interacts with the evolutionarily conserved signaling intermediate in Toll pathway (ECSIT). ECSIT then activates mitogen-activated protein kinase kinase kinase 1 (MAP3K1). This then phosphorylates the IKK complex, comprised of inhibitors of nuclear factor kappa-B kinase subunits alpha and beta (IKKA and IKKB), as well as its regulatory subunit, NF-kappa-B essential modulator (NEMO). \n\nAnother pathway starting with the activation of TRAF6 leads to this same point. First, TRAF6 activates a complex consisting of mitogen-activated protein kinase kinase kinase 7 (MAP3K7), as well as TGF-beta-activated kinase 1 (TAK1) and MAP3K7-binding proteins 1, 2 and 3. This complex can then activate dual specificity mitogen-activated protein kinase kinase 4 (MAP2K4), which then phosphorylates mitogen-activated protein kinase 8 (MAPK8) in the cell nucleus. Alternately, the TAK1 and MAP3K7-binding complex can phosphorylate and activate mitogen-activated protein kinase 14 (MAPK14), which then phosphorylates the IKK complex. \n\nNF-kappa-B is a transcription factor that is inhibited by NF-kappa-B inhibitor alpha, which binds to it and blocks its nuclear localization sequence, holding it in the cytoplasm rather than allowing it to enter the nucleus and transcribe the DNA. However, the IKK complex is able to phosphorylate the inhibitor, removing it and allowing nuclear factor NF-kappa-B p105 subunit and transcription factor p65 to enter the nucleus to transcribe DNA and allow the appropriate immune response for the stimulus to be activated.\n (less)",
    "chem_link": [
        "HMDB0001859",
        "HMDB0060559",
        "HMDB0010316",
        "HMDB0000061",
        "HMDB0001341",
        "HMDB0000538",
        "HMDB0000125",
        "HMDB0003178",
        "HMDB0000902",
        "HMDB0001487",
        "HMDB0060946",
        "HMDB0059911",
        "HMDB0001429",
        "HMDB0001134",
        "HMDB0000295",
        "HMDB0000935",
        "HMDB0002111"
    ],
    "prot_link": [
        "P11021",
        "Q9UNQ0",
        "Q06520",
        "P05177",
        "P11509",
        "P10635",
        "P05181",
        "P08684",
        "Q9UBS4",
        "P30040",
        "P49888",
        "P09211",
        "P30711",
        "Q96GW1",
        "Q6IN67",
        "P08183",
        "P33527",
        "O15439",
        "O15440",
        "P23284",
        "Q13087",
        "P13667",
        "Q15084",
        "Q9HCN8",
        "P50225",
        "P50224",
        "P22309",
        "P19224",
        "O60656",
        "P54855"
    ]
}