{
    "smpdb": "SMP0000190",
    "name": "Hawkinsinuria",
    "class": "Disease",
    "description": "Hyperphenylalaninemia due to dihydropteridine reductase deficiency (DHPR) is the high presence of phenylalanine in the system/blood caused by a genetic mutation. More specificially, mutations in the QDPR gene are the root cause of the condition. One observes that such a mutation results in an error encoding a reductase enzyme, and from there a chain reaction of effects lead to the observed effects of the disease. The mutation is autosomal recessive. \nWhen tetrahydrobiopterin levels drop, the breakdown of many several amino acids, such as phenylalanine, is reduced and as a result their levels in the blood augment. \n\nSymptoms of hyperphenylalaninemia due to dihydropteridine reductase deficiency include: dysphagia, global development delay, microcephaly, and intellectual disability (among others). Treatment consists of BH4 supplements as well as other medical treatments. (less)",
    "chem_link": [
        "HMDB0001451",
        "HMDB0000005",
        "HMDB0000807",
        "HMDB0001533",
        "HMDB0001149",
        "HMDB0013639",
        "HMDB0001206",
        "HMDB0001341",
        "HMDB0000045",
        "HMDB0000538",
        "HMDB0002134",
        "HMDB0000051",
        "HMDB0001967",
        "HMDB0001423",
        "HMDB0000064",
        "HMDB0003406",
        "HMDB0012210",
        "HMDB0000092",
        "HMDB0001248",
        "HMDB0001426",
        "HMDB0000139",
        "HMDB0000123",
        "HMDB0000119",
        "HMDB0000128",
        "HMDB0000742",
        "HMDB0003125",
        "HMDB0001352",
        "HMDB0006454",
        "HMDB0000161",
        "HMDB0000517",
        "HMDB0000099",
        "HMDB0000574",
        "HMDB0000148",
        "HMDB0000696",
        "HMDB0000187",
        "HMDB0000547",
        "HMDB0000902",
        "HMDB0001487",
        "HMDB0000218",
        "HMDB0000208",
        "HMDB0001377",
        "HMDB0001429",
        "HMDB0001024",
        "HMDB0000272",
        "HMDB0001491",
        "HMDB0000250",
        "HMDB0001167",
        "HMDB0000243",
        "HMDB0000939",
        "HMDB0001185",
        "HMDB0000271",
        "HMDB0001022",
        "HMDB0001846",
        "HMDB0002111",
        "HMDB0001303",
        "HMDB0000043"
    ],
    "prot_link": [
        "O75600",
        "P13196",
        "P05091",
        "P21397",
        "P48728",
        "Q93088",
        "P35520",
        "P32929",
        "O43175",
        "P09622",
        "Q9UI17",
        "Q8IVS8",
        "P50440",
        "P23378",
        "Q14749",
        "P41250",
        "Q14353",
        "P20132",
        "Q9Y617",
        "P78330",
        "Q9UL12",
        "P34896",
        "P34897",
        "Q9GZT4",
        "P21549",
        "P49591"
    ]
}