{
    "smpdb": "SMP0000249",
    "name": "Clindamycin Action Pathway",
    "class": "Drug Action",
    "description": "Mepivacaine exerts its local anaesthetic effect by blocking voltage-gated sodium channels in peripheral neurons. Mepivacaine diffuses across the neuronal plasma membrane in its uncharged base form. Once inside the cytoplasm, it is protonated and this protonated form enters and blocks the pore of the voltage-gated sodium channel from the cytoplasmic side. For this to happen, the sodium channel must first become active so that so that gating mechanism is in the open state. Therefore mepivacaine preferentially inhibits neurons that are actively firing.  (less)",
    "chem_link": [
        "P19174",
        "Q96D31",
        "Q02750",
        "P62993",
        "P10912",
        "P01112",
        "P20823",
        "P01308",
        "P06213",
        "P35568",
        "P28482",
        "P27361",
        "P17252",
        "P04049",
        "Q15418",
        "P11831",
        "P29353",
        "P42229",
        "P51692",
        "P14672",
        "P01241",
        "Q07889",
        "O15524",
        "O60674",
        "P29350"
    ],
    "prot_link": [
        "HMDB0001043",
        "HMDB0000464",
        "HMDB0000058",
        "HMDB0000547",
        "HMDB0001429",
        "HMDB0015532"
    ]
}