{
    "smpdb": "SMP0000459",
    "name": "Pyruvaldehyde Degradation",
    "class": "Metabolic",
    "description": "This Pyruvaldehyde degradation pathway (Methylglyoxal degradation;2-oxopropanal degradation), also known as the glyoxalase system, is probably the most common pathway for the degradation of pyruvaldehyde (methylglyoxal), a potentially toxic metabolite due to its interaction with nucleic acids and other proteins. Pyruvaldehyde is formed in low concentrations by glycolysis, fatty acid metabolism and protein metabolism. Pyruvaldehyde is catalyzed by the glyoxylase system, composed of the enzymes lactoylglutathione lyase (glyoxalase I) and glyoxylase II. Glyoxalase I catalyes the isomerization of the spontaneously formed hemithioacetal adduct between glutathione and pyruvaldehyde into S-lactoylglutathione. S-lactoylglutathione is then catalyzed by glyoxalase II into D-lactic acid and glutathione. D-lactic acid is then catalyzed by an unknown quinol in the membrane to pyruvic acid, which then enters pyruvate metabolism. (less)",
    "chem_link": [
        "HMDB0006954",
        "HMDB0006955",
        "HMDB0000017",
        "HMDB0000051",
        "HMDB0001248",
        "HMDB0001520",
        "HMDB0003344",
        "HMDB0003125",
        "HMDB0000547",
        "HMDB0002206",
        "HMDB0001377",
        "HMDB0002142",
        "HMDB0001545",
        "HMDB0001491",
        "HMDB0001431",
        "HMDB0001555",
        "HMDB0000239",
        "HMDB0001319",
        "HMDB0002111",
        "HMDB0015532"
    ],
    "prot_link": [
        "Q06278",
        "P05186",
        "O00764",
        "Q96GD0"
    ]
}