{
    "smpdb": "SMP0000029",
    "name": "Selenoamino Acid Metabolism",
    "class": "Metabolic",
    "description": "Phospholipids are membrane components in P. aeruginosa. The major phospholipids of P. aeruginosa are phosphatidylethanolamine, phosphatidylglycerol, and cardiolipin. All phospholipids contain sn-glycerol-3-phosphate esterified with fatty acids at the sn-1 and sn-2 positions. The reaction starts from a glycerone phosphate (dihydroxyacetone phosphate) produced in glycolysis. The glycerone phosphate is transformed into an sn-glycerol 3-phosphate (glycerol 3 phosphate) by NADPH-driven glycerol-3-phosphate dehydrogenase. sn-Glycerol 3-phosphate is transformed to a 1-acyl-sn-glycerol 3-phosphate (lysophosphatidic acid). This can be achieved by an sn-glycerol-3-phosphate acyltransferase that interacts either with a long-chain acyl-CoA or with an acyl-[acp]. The 1-acyl-sn-glycerol 3-phosphate is transformed into a 1,2-diacyl-sn-glycerol 3-phosphate (phosphatidic acid) through a 1-acylglycerol-3-phosphate O-acyltransferase. This compound is then converted into a CPD-diacylglycerol through a CTP phosphatidate cytididyltransferase. CPD-diacylglycerol can be transformed either into an L-1-phosphatidylserine or an L-1-phosphatidylglycerol-phosphate through a phosphatidylserine synthase or a phosphatidylglycerophosphate synthase, respectively. The L-1-phosphatidylserine transforms into L-1-phosphatidylethanolamine through a phosphatidylserine decarboxylase. On the other hand, L-1-phosphatidylglycerol-phosphate gets transformed into an L-1-phosphatidyl-glycerol through a phosphatidylglycerophosphatase. These 2 products combine to produce a cardiolipin and an ethanolamine. The L-1 phosphatidyl-glycerol can also interact with cardiolipin synthase resulting in a glycerol and a cardiolipin. (less)",
    "chem_link": [],
    "prot_link": [
        "HMDB0001375",
        "HMDB0001166",
        "HMDB0000060",
        "HMDB0001484",
        "HMDB0001206",
        "HMDB0000045",
        "HMDB0000538",
        "HMDB0000039",
        "HMDB0001088",
        "HMDB0001423",
        "HMDB0002009",
        "HMDB0001248",
        "HMDB0000547",
        "HMDB0000902",
        "HMDB0001487",
        "HMDB0000250",
        "HMDB0000254",
        "HMDB0001022",
        "HMDB0002111"
    ]
}