{
    "smpdb": "SMP0000035",
    "name": "Bile Acid Biosynthesis",
    "class": "Metabolic",
    "description": "A bile acids life begins as cholesterol is catabolized, as bile acid is a derivative of cholesterol. This pathway occurs in the liver, beginning with cholesterol being converted to 7a-hydroxycholesterol through the enzyme cholesterol-7-alpha-monooxygenase, after being transported into the liver cell. 7a-hydroxycholesterol then becomes 7a-hydroxy-cholestene-3-one, which is made possible by the enzyme 3-beta-hydroxysteroid dehydrogenase type 7. 7a-hydroxy-cholestene-3-one then is used in two different chains of reactions. The first, continuing in the liver, uses the enzyme 3-oxo-5-beta-steroid-4-deydrogenase to become 7a-hydroxy-5b-cholestan-3-one. After that, aldo-keto reductase family 1 member C4 is used to create 3a,7a-dihydroxy-5b-cholestane. In the mitochondria of the cell, sterol 26-hydroxylase converts 3a,7a-dihydroxy-5b-cholestane to 3a,7a,26-trihydroxy-5b-cholestane, which is then converted to 3a,7a-dihydroxy-5b-cholestan-26-al by the same enzyme used in the previous reaction. This enzyme is used another time, to create 3a,7a-dihydroxycoprostanic acid. Then, bile acyl-CoA synthetase teams up with 3a,7a-dihydroxycoprostanic acid to create 3a,7a-dihydroxy-5b-cholestanoyl-CoA. 3a,7a-dihydroxy-5b-cholestanoyl-CoA remains intact while alpha-methylacyl-CoA racemase moves it along through the peroxisome. Peroxisomal acyl coenzyme A oxidase 2 converts 3a,7a-dihydroxy-5b-cholestanoyl-CoA into 3a,7a-dihydoxy-5b-cholest-24-enoyl-CoA. With the help of water, peroxisomal multifunctional enzyme type 2 turns 3a,7a-dihydoxy-5b-cholest-24-enoyl-CoA into 3a,7a,24-trihydoxy-5b-cholestanoyl-CoA. This compound then uses peroxisomal multifunctional enzyme type 2 to create chenodeoxycholoyl-CoA. From there, propionyl-CoA and chenodeoxycholoyl-CoA join forces and enlist the help of non-specific lipid transfer protein to further chenodeoxycholoyl-CoA\u00e2\u20acTMs journey in the peroxisome. It is then transported back into intracellular space, where after its used in 3 different reactions, its derivatives interact with intestinal microflora in the extracellular space to become lithocholyltaurine, lithocholic acid glycine conjugate, and lithocholic acid. Revisiting 7a-hydroxy-cholestene-3-one, the second chain of reactions it is involved in follows a similar path as the first, moving through the mitochondria, endoplasmic reticulum and peroxisome until choloyl-CoA is formed, which then is used in three reactions so that its derivatives may leave the cell to interact with intestinal microflora and become taurodeoxycholic acid, deoxycholic acid glycine conjugate and deoxycholic acid. There are two more important components of this pathway, both depicting the breakdown of cholesterol into bile acid. These components of the pathway occur in the endoplasmic reticulum membrane, although 2 enzymes, 25-hydroxycholesterol 7-alpha-hydroxylase and sterol 26 hydroxylase, are found in the mitochondria. Bile acids play a very important part in the digestion of foods, and are responsible for the absorption of water soluble vitamins in the small intestine. Bile acids also help absorb fats into the small intestine, a crucial part of any vertebrates diet.\n (less)",
    "chem_link": [
        "HMDB0000023",
        "HMDB0001052",
        "HMDB0002166",
        "HMDB0002217",
        "HMDB0006866",
        "HMDB0001356",
        "HMDB0001157",
        "HMDB0001041",
        "HMDB0061344",
        "HMDB0001375",
        "HMDB0006870",
        "HMDB0006865",
        "HMDB0000491",
        "HMDB0001493",
        "HMDB0001057",
        "HMDB0000060",
        "HMDB0001484",
        "HMDB0001206",
        "HMDB0001341",
        "HMDB0000538",
        "HMDB0002086",
        "HMDB0000030",
        "HMDB0001967",
        "HMDB0001423",
        "HMDB0000985",
        "HMDB0001248",
        "HMDB0000595",
        "HMDB0059597",
        "HMDB0003125",
        "HMDB0001243",
        "HMDB0001113",
        "HMDB0000695",
        "HMDB0000148",
        "HMDB0000172",
        "HMDB0000687",
        "HMDB0000883",
        "HMDB0000962",
        "HMDB0013617",
        "HMDB0001011",
        "HMDB0000202",
        "HMDB0002206",
        "HMDB0000902",
        "HMDB0001487",
        "HMDB0000208",
        "HMDB0001377",
        "HMDB0001429",
        "HMDB0001275",
        "HMDB0001545",
        "HMDB0001491",
        "HMDB0002255",
        "HMDB0006869",
        "HMDB0006868",
        "HMDB0006867",
        "HMDB0002310",
        "HMDB0000254",
        "HMDB0001022",
        "HMDB0001372",
        "HMDB0002054",
        "HMDB0002111",
        "HMDB0000019"
    ],
    "prot_link": [
        "P12694",
        "P21953",
        "Q99714",
        "P31937",
        "Q6NVY1",
        "P42765",
        "P80404",
        "P24752",
        "P05091",
        "Q06278",
        "P54687",
        "P09622",
        "P30084",
        "P35914",
        "P54868",
        "Q9UKU7",
        "P26440",
        "P11182",
        "P11310",
        "Q9HCC0",
        "Q96RQ3",
        "Q13825",
        "Q02252",
        "Q96PE7",
        "P22033",
        "P05165",
        "P05166",
        "P16219",
        "P45954",
        "P55809"
    ]
}