{
    "smpdb": "SMP0000140",
    "name": "3-Methylglutaconic Aciduria Type III",
    "class": "Disease",
    "description": "Hyperprolinemia type I (HPI, proline oxidase deficiency) is caused by mutation in the proline dehydrogenase gene (PRODH), which codes for proline dehydrogenase (proline oxidase). This enzyme converts proline to delta-1-pyrroline-5-carboxylate. A defect in proline dehydrogenase causes accumulation of proline in plasma, and glycine, hydroxyproline, and proline in urine. Symptoms include mental retardation, renal cysts, and seizures. (less)",
    "chem_link": [
        "HMDB0001901",
        "HMDB0000464",
        "HMDB0000015",
        "HMDB0004198"
    ],
    "prot_link": [
        "P00740",
        "P12259",
        "P08709",
        "P00451",
        "P00742",
        "P03951",
        "P00748",
        "P00488",
        "P05160",
        "P02452",
        "P02671",
        "P02675",
        "P02679",
        "P03952",
        "P00747",
        "P00734",
        "P13726",
        "P00750",
        "Q9BQB6",
        "P38435"
    ]
}