{
    "smpdb": "SMP0000017",
    "name": "Vitamin B6 Metabolism",
    "class": "Metabolic",
    "description": "As is commonly known there are many vitamins, the vitamin B complex group being one of the most well known. An important vitamin B complex group vitamin is vitamin B6, which is water-soluble. Moreover, this vitamin comes in various forms, one of which is an active form, known by the name pyridoxal phosphate or PLP. PLP serves as cofactor in a variety of reactions including from amino acid metabolism, (in particular in reactions such as transamination, deamination, and decarboxylation). To complicate matters however, there are in fact seven alternate forms of this same vitamin. These include pyridoxine (PN), pyridoxine 5\u2019-phosphate (PNP), pyridoxal (PL), pyridoxamine (PM), pyridoxamine 5\u2019-phosphate (PMP), 4-pyridoxic acid (PA), and the aforementioned pyridoxal 5\u2019-phosphate (PLP). One of these forms, PA, is in fact a catabolite whose presence is found in excreted urine. For a person to absorb some of these active forms of vitamin B6 such as PLP or PMP they must first be dephosphorylized. This done via an alkaline enzyme phosphatase. \n\nThere are a wide variety of biproducts from the metabolism in question, most of which find there ways into the urine and from there are excreted. One such biproduct is 4-pyridoxic acid. In fact this last biproduct is found in such large quantities that estimates of vitamin B6 metabolism birproducts show that 4-pyridoxic acid is as much as 40-60% of all the biproducts.Of course, it is not the only product of metabolism. Others include,include pyridoxal, pyridoxamine, and pyridoxine. (less)",
    "chem_link": [
        "HMDB0001301",
        "HMDB0061380",
        "HMDB0001128",
        "HMDB0001206",
        "HMDB0001341",
        "HMDB0001178",
        "HMDB0000045",
        "HMDB0000538",
        "HMDB0000051",
        "HMDB0000030",
        "HMDB0001096",
        "HMDB0001967",
        "HMDB0003538",
        "HMDB0003362",
        "HMDB0001423",
        "HMDB0001248",
        "HMDB0000124",
        "HMDB0001254",
        "HMDB0000125",
        "HMDB0000123",
        "HMDB0001397",
        "HMDB0059597",
        "HMDB0000161",
        "HMDB0000191",
        "HMDB0000574",
        "HMDB0000148",
        "HMDB0000641",
        "HMDB0000547",
        "HMDB0001062",
        "HMDB0000902",
        "HMDB0001487",
        "HMDB0000217",
        "HMDB0000221",
        "HMDB0001179",
        "HMDB0000223",
        "HMDB0003337",
        "HMDB0000208",
        "HMDB0001429",
        "HMDB0000280",
        "HMDB0002142",
        "HMDB0001491",
        "HMDB0000250",
        "HMDB0000243",
        "HMDB0000254",
        "HMDB0001259",
        "HMDB0002111",
        "HMDB0001554",
        "HMDB0001303",
        "HMDB0000112",
        "HMDB0001049"
    ],
    "prot_link": [
        "P80404",
        "P24298",
        "Q06203",
        "P00505",
        "P27708",
        "P31327",
        "P30038",
        "Q96EK6",
        "Q99259",
        "P00367",
        "P48506",
        "P48507",
        "Q9UI32",
        "A8YXX4",
        "Q06210",
        "P47897",
        "Q6IA69",
        "P00390",
        "P48637",
        "P49915",
        "Q9UJ70",
        "Q5JPH6",
        "P51649"
    ]
}