{
    "smpdb": "SMP0000221",
    "name": "Methionine Adenosyltransferase Deficiency",
    "class": "Disease",
    "description": "Gaucher disease, also known as glucocerebrosidase deficiency, acid beta-glucosidase deficiency or GBA deficiency, refers to a group of autosomal recessively inherited rare inborn error of metabolism (IEM) that affect the sphingolipid metabolism pathway. All forms of Gaucher disease is caused by a mutation in the GBA gene that encodes lysosomal acid glucosylceramidase, an enzyme that is responsible for catalyzing the formation of ceramide and glucose from glucosylceramide via a hydrolysis reaction. Gaucher disease is characterized by the intracellular buildup of glucosylceramides, particularly in phagocytes, forming what are known as Gaucher cells. Symptoms include anemia, fatigue, hepatomegaly and splenomegaly, however these may vary based on the type of Gaucher disease. For example, type 1 (GD1) involves hepato- and splenomegaly, and types 2 and 3 (GD2 and GD3) also typically affect the brain and spinal cord, and as such tend to be more severe and more likely to become lethal. Treatment for Gaucher disease includes enzyme replacement therapy for type 1, which also helps treat types 2 and 3, but as the enzymes cannot cross the blood-brain barrier, cannot help with the brain damage associated with these types. A drug called miglustat, sold as Zavesca, can also be used to treat the symptoms of type 1 Gaucher disease in individuals who cannot have enzyme replacement therapy. It is estimated that Gaucher disease affects 1 in 100,000 individuals, with the rates being higher in certain populations such as Ashkenazi Jews. GD1 is the most common in most populations representing around 90% of cases of Gaucher disease, with GD2 and GD3 representing roughly 5% each. (less)",
    "chem_link": [
        "P24752",
        "P49419",
        "Q9UDR5",
        "P09622",
        "P36957",
        "P30084",
        "Q92947",
        "Q16836",
        "Q8N5Z0",
        "P52569",
        "Q9BXI2",
        "Q9P0Z9",
        "Q96HY7",
        "nknown"
    ],
    "prot_link": [
        "HMDB0012130",
        "HMDB0001166",
        "HMDB0001484",
        "HMDB0001206",
        "HMDB0001263",
        "HMDB0000510",
        "HMDB0001967",
        "HMDB0001423",
        "HMDB0002009",
        "HMDB0001248",
        "HMDB0001339",
        "HMDB0003125",
        "HMDB0000148",
        "HMDB0000182",
        "HMDB0000716",
        "HMDB0000962",
        "HMDB0000902",
        "HMDB0001487",
        "HMDB0000217",
        "HMDB0000221",
        "HMDB0000225",
        "HMDB0000208",
        "HMDB0001377",
        "HMDB0001491",
        "HMDB0000279",
        "HMDB0001372",
        "HMDB0002111"
    ]
}