{
    "smpdb": "SMP0000071",
    "name": "Ketone Body Metabolism",
    "class": "Metabolic",
    "description": "Ketone bodies are consisted of acetone, beta-hydroxybutyrate and acetoacetate. In liver cells' mitochondria, acetyl-CoA can synthesize acetoacetate and beta-hydroxybutyrate; and spontaneous decarboxylation of acetoacetate will form acetone. Metabolism of ketone body (also known as ketogenesis) contains several reactions. Acetoacetic acid (acetoacetate) will be catalyzed to form acetoacetyl-CoA irreversibly by 3-oxoacid CoA-transferase 1 that also coupled with interconversion of succinyl-CoA and succinic acid. Acetoacetic acid can also be catalyzed by mitochondrial D-beta-hydroxybutyrate dehydrogenase to form (R)-3-Hydroxybutyric acid with NADH. Ketogenesis occurs mostly during fasting and starvation.  Stored fatty acids will be broken down and mobilized to produce large amount of acetyl-CoA for ketogenesis in liver, which can reduce the demand of glucose for other tissues. Acetone cannot be converted back to acetyl-CoA; therefore, they are either breathed out through the lungs or excreted in urine.  (less)",
    "chem_link": [
        "HMDB0000011",
        "HMDB0001375",
        "HMDB0000060",
        "HMDB0001484",
        "HMDB0001659",
        "HMDB0001206",
        "HMDB0001967",
        "HMDB0001423",
        "HMDB0000902",
        "HMDB0001487",
        "HMDB0000254",
        "HMDB0001022",
        "HMDB0002111"
    ],
    "prot_link": [
        "P24752",
        "Q02338",
        "P35914",
        "P54868"
    ]
}