{
    "smpdb": "SMP0000437",
    "name": "Vincristine Action Pathway",
    "class": "Drug Action",
    "description": "Ethylmorphine (also known as codethyline and dionine) is an opioid analgesic. Ethylmorphine can be metabolized to form morphine by cytochrome P450 2D6 (CYP2D6). Morphine can bind the mu-type opioid receptor on central nervous system (CNS) to reduce the pain. Morphine can also bind and inhibit gamma-Aminobutyric acid (GABA) inhibitory interneurons. These interneurons can inhibit the descending pain inhibition pathway; therefore, without the interneurons, pain modulation will go downstream.  (less)",
    "chem_link": [
        "P08908",
        "P35348",
        "B7ZKV8",
        "P01203",
        "P21728",
        "Q8TCU5",
        "Q12879",
        "Q05586",
        "Q9NS61",
        "P35372",
        "P16519",
        "P43681",
        "P17787",
        "Q9NZV8",
        "P01189",
        "Q9Y5Y9",
        "Q07699",
        "Q01959",
        "P23975",
        "P31645",
        "P05023",
        "P50993",
        "P13637",
        "Q13733",
        "P05026",
        "P14415",
        "P54709",
        "P54710",
        "Q9NY47",
        "Q02641",
        "O00555"
    ],
    "prot_link": []
}