{
    "smpdb": "SMP0000027",
    "name": "Pantothenate and CoA Biosynthesis",
    "class": "Metabolic",
    "description": "Pantothenate, also called vitamin B5, is a nutrient that everyone requires in their diet. The nutrient gets its name from the greek word \u201cpantothen\u201d which means \u201cfrom everywhere.\u201d The reason it is called this is because pantothenic acid is found in almost every food. It is a precursor of coenzyme A, which is an essential part of many reactions in the body, specifically important in the production of compounds like cholesterol and different fatty acids. Most of pantothenic acid is found in food as phosphopentetheine or coenzyme A. Pantothenic acid, pantetheine 4\u2019-phosphate and pantetheine are all found in red blood cells. The 6 step process in which coenzyme A is created begins with the creation of pantothenic acid from pantetheine, which is catalyzed by the enzyme pantetheinase. Pantothenic acid then works with pantothenate kinase 1 to produce D-4\u2019-phosphopantothenate. This compound quickly becomes 4\u2019phosphopantothenoylcysteine through the enzyme phosphopantothenate-cysteine ligase. 4\u2019phosphopantothenoylcysteine then uses phosphopantothenoylcysteine decarboxylase to create pantetheine 4\u2019-phosphate. This compound then undergoes two reactions, both resulting in the production of dephospho-CoA; the first reaction uses ectonucleotide pyrophosphatase/phosphodiesterase family member 1, the second uses bifunctional coenzyme A synthase. In the final step of coenzyme A synthesization, bifunctional coenzyme A synthase catalyzes dephospho-CoA into coenzyme A. \n\n (less)",
    "chem_link": [
        "HMDB0001294",
        "HMDB0003391",
        "HMDB0000807",
        "HMDB0001341",
        "HMDB0000538",
        "HMDB0000030",
        "HMDB0001967",
        "HMDB0000122",
        "HMDB0001112",
        "HMDB0001473",
        "HMDB0001058",
        "HMDB0000124",
        "HMDB0001586",
        "HMDB0001401",
        "HMDB0001270",
        "HMDB0001201",
        "HMDB0001273",
        "HMDB0000595",
        "HMDB0059597",
        "HMDB0000190",
        "HMDB0000547",
        "HMDB0000744",
        "HMDB0001333",
        "HMDB0000902",
        "HMDB0001487",
        "HMDB0000223",
        "HMDB0000208",
        "HMDB0001429",
        "HMDB0000263",
        "HMDB0002142",
        "HMDB0000243",
        "HMDB0002111",
        "HMDB0003345",
        "HMDB0000516",
        "HMDB0003498"
    ],
    "prot_link": [
        "Q96C23",
        "P06733",
        "P07738",
        "P09467",
        "P04075",
        "P35575",
        "P06744",
        "O43826",
        "P04406",
        "P52789",
        "Q6ZMR3",
        "P40926",
        "Q02978",
        "Q9Y5U8",
        "Q8TE04",
        "P35558",
        "P36871",
        "P18669",
        "P15259",
        "P11498",
        "P11168",
        "P60174"
    ]
}