{
    "smpdb": "SMP0000001",
    "name": "Citrullinemia Type I",
    "class": "Disease",
    "description": "Galactokinase deficiency also called Galactosemia type II, is a rare inborn error of metabolism (IEM) and an autosomal recessive disorder of galactokinase caused by a mutation in the GALK1 gene on chromosome 17q24. Galactokinase uses 1 ATP to catalyse the phosphorylation of \u03b1-D-galactose to galactose 1-phosphate and catalyses \u03b2-D-galactose to glucose 1-phosphate. Symptoms include cataract formation in children who are exposed to lactose in their diets. Cataract formation is the result of osmotic phenomena caused by the accumulation of galactitol in the lens. Treatment includes immediately removing lactose from patient\u2019s diet, however symptoms such as delayed speech, cognitive learning and motor skills can still be present. (less)",
    "chem_link": [
        "P12821",
        "P01019",
        "P00797",
        "P00797"
    ],
    "prot_link": [
        "HMDB0001316",
        "HMDB0000990",
        "HMDB0001341",
        "HMDB0000045",
        "HMDB0000538",
        "HMDB0001967",
        "HMDB0001321",
        "HMDB0001112",
        "HMDB0000283",
        "HMDB0001548",
        "HMDB0000618",
        "HMDB0001068",
        "HMDB0001351",
        "HMDB0001031",
        "HMDB0001473",
        "HMDB0000692",
        "HMDB0001058",
        "HMDB0000124",
        "HMDB0000150",
        "HMDB0001401",
        "HMDB0000547",
        "HMDB0000217",
        "HMDB0000221",
        "HMDB0001429",
        "HMDB0000280",
        "HMDB0001489",
        "HMDB0002111",
        "HMDB0000868",
        "HMDB0003498"
    ]
}