{
    "smpdb": "SMP0000397",
    "name": "Levobupivacaine Action Pathway",
    "class": "Drug Action",
    "description": "Lipopolysaccharides (LPS) are essential to the structure and function of the Gram-negative bacterial outer membrane, providing both stability (via an increased negative charge) and protection. Also referred to as lipoglycans and endotoxins, these large molecules are potent activators of animal immune systems. Following detection by macrophage and dendritic cell TLR4 (Toll-like receptor 4), signalling cascades activate transcription factors such as NF-\u03baB which lead to the production of pro-inflammatory molecules (e.g. cytokines, prostaglandins, ROS, and nitric oxide). Inflammation, the body's response to infection and injury, is vital for the elimination of harmful irritants and the initiation of tissue repair. The production of citrate is upregulated in LPS-activated dendritic cells (via upregulation of glycolysis) in order to increase the rate of fatty acid biosynthesis. Fatty acids are vital for cytokine production and for extending the cell membrane in order to allow for more antigens to be presented. A mitochondrial citrate transport protein exports citrate into the cytoplasm where it is catabolized into acetyl-CoA and oxaloacetate. Acetyl-CoA is incorporated into phospholipids and used to acetylate proteins. Oxaloacetate can be broken down further into NADPH which is required to synthesize reactive oxygen species (ROS) and nitric oxide (NO). (less)",
    "chem_link": [
        "Q13424",
        "Q09428",
        "O60706",
        "Q14654",
        "Q15842",
        "B7ZKV8",
        "P08588",
        "Q13884",
        "Q13425",
        "P17612",
        "P10644",
        "P26678",
        "Q12959",
        "P48549",
        "P48544",
        "P63252",
        "P48050",
        "Q9NS61",
        "P08172",
        "O00180",
        "P22460",
        "Q9UK17",
        "P15382",
        "Q9Y6J6",
        "Q12809",
        "P51787",
        "Q9Y3Q4",
        "Q5I7T1",
        "Q92736",
        "P16615",
        "Q14524",
        "P32418",
        "P05023",
        "P50993",
        "P13637",
        "Q13733",
        "P05026",
        "P14415",
        "P54709",
        "P54710",
        "P09493",
        "P07951",
        "Q9NY47",
        "Q13936",
        "Q02641",
        "O43497",
        "O95180"
    ],
    "prot_link": [
        "HMDB0001341",
        "HMDB0000538",
        "HMDB0000464",
        "HMDB0001429",
        "HMDB0000586",
        "HMDB0000588",
        "HMDB0015189",
        "HMDB0002111"
    ]
}