{
    "smpdb": "SMP0000144",
    "name": "Adenosine Deaminase Deficiency",
    "class": "Disease",
    "description": "Glycogenosis, Type IB, also called von Gierke disease or GSDI, is a rare inborn error of metabolism (IEM) and autosomal recessive disorder which caused by a defective glucose-6-phosphate translocase. Glucose-6-phosphate translocase transports glucose 6-phosphate from endoplasmic reticulum (ER) to cell, which glucose 6-phosphate is required for various pathways as the substrate. This disorder damages the ability of converting glycogen into glucose. Symptoms of the disorder include longer sleeping time through night, tiredness and seizures due to low blood sugar. Treatment with diet management is very effective.  (less)",
    "chem_link": [
        "Q9NQ66",
        "P50148",
        "P62873",
        "P59768",
        "P35367",
        "Q14643",
        "P19838",
        "P05771"
    ],
    "prot_link": [
        "HMDB0000464",
        "HMDB0014578",
        "HMDB0001201",
        "HMDB0001273",
        "HMDB0000870",
        "HMDB0001498",
        "HMDB0002111"
    ]
}