{
    "smpdb": "SMP0000060",
    "name": "Pyruvate Metabolism",
    "class": "Metabolic",
    "description": "Pyruvate is an intermediate compound in the metabolism of fats, proteins, and carbohydrates. It can be formed from glucose via glycolysis or the transamination of alanine. It can be converted into Acetyl-CoA to be used as the primary energy source for the TCA cycle, or converted into oxaloacetate to replenish TCA cycle intermediates. Pyruvate can also be used to synthesize carbohydrates, fatty acids, ketone bodies, alanine, and steroids. In conditions of inssuficient oxygen or in cells with few mitochondria, pyruvate is reduced to lactate in order to re-oxidize NADH back into NAD+\nPyruvate participates in several key reactions and pathways. In glycolysis, phosphoenolpyruvate (PEP) is converted to pyruvate by pyruvate kinase in an highly exergonic and irreversible reaction. In gluconeogenesis, pyruvate carboxylase and PEP carboxykinase are needed to catalyze the conversion of pyruvate to PEP. In fatty acid synthesis, the pyruvate dehydrogenase complex decarboxylates pyruvate to produce acetyl-CoA. In gluconeogenesis, the carboxylation by pyruvate carboxylase produces oxaloacetate. The fate of pyruvate depends on the cell energy charge. In cells or tissues with a high energy charge pyruvate is directed toward gluconeogenesis, but when the energy charge is low pyruvate is preferentially oxidized to CO2 and H2O in the TCA cycle, with generation of 15 equivalents of ATP per pyruvate. The enzymatic activities of the TCA cycle are located in the mitochondrion. When transported into the mitochondrion, pyruvate encounters two principal metabolizing enzymes: pyruvate carboxylase (a gluconeogenic enzyme) and pyruvate dehydrogenase (PDH). With a high cell-energy charge, acetyl-CoA, is able allosterically to activate pyruvate carboxylase, directing pyruvate toward gluconeogenesis. When the energy charge is low CoA is not acylated, pyruvate carboxylase is inactive, and pyruvate is preferentially metabolized via the PDH complex and the enzymes of the TCA cycle to CO2 and H2O. (less)",
    "chem_link": [
        "HMDB0000990",
        "HMDB0000042",
        "HMDB0001484",
        "HMDB0006880",
        "HMDB0001206",
        "HMDB0001494",
        "HMDB0001341",
        "HMDB0000045",
        "HMDB0000538",
        "HMDB0000030",
        "HMDB0001967",
        "HMDB0001423",
        "HMDB0006458",
        "HMDB0001311",
        "HMDB0000985",
        "HMDB0001248",
        "HMDB0000125",
        "HMDB0001201",
        "HMDB0001273",
        "HMDB0001362",
        "HMDB0000595",
        "HMDB0059597",
        "HMDB0000190",
        "HMDB0000156",
        "HMDB0003052",
        "HMDB0000962",
        "HMDB0000547",
        "HMDB0001175",
        "HMDB0001333",
        "HMDB0000902",
        "HMDB0001487",
        "HMDB0000217",
        "HMDB0000221",
        "HMDB0000223",
        "HMDB0001429",
        "HMDB0000263",
        "HMDB0002142",
        "HMDB0000586",
        "HMDB0001881",
        "HMDB0000250",
        "HMDB0001167",
        "HMDB0000243",
        "HMDB0006878",
        "HMDB0001066",
        "HMDB0001372",
        "HMDB0002111",
        "HMDB0001303"
    ],
    "prot_link": [
        "P24752",
        "Q13085",
        "Q9NR19",
        "Q8WYK0",
        "P07311",
        "P05091",
        "P15121",
        "P09622",
        "P10515",
        "Q9UBQ7",
        "Q16775",
        "Q6ZMR3",
        "Q04760",
        "P40925",
        "P23368",
        "P48163",
        "P35558",
        "Q86WU2",
        "P11498",
        "P08559",
        "P11177",
        "P30613"
    ]
}