{
    "smpdb": "SMP0000388",
    "name": "Chondrodysplasia Punctata II, X-Linked Dominant (CDPX2)",
    "class": "Disease",
    "description": "Ethylmalonic Encephalopathy (Epema Syndrome; EE) is a rare autosomal recessive disorder caused by a mutation in the ETHE1 gene which codes for protein ETHE1. A deficiency of this protein inhibits proper energy production in mitochondria and a deficiency in cytochrome c oxidase. This results in accumulation of 2-methylbutyrylglycine, N-butyrylglycine, isobutyrylglycine, isovalerylglycine, and methylsuccinic acid in urine. Concentrations of L-carnitine are reduced in plasma. Symptoms, which present at birth, include peripheral neuropathy, seizures, microcephaly, and hypotonia lead to premature death. Treatment includes riboflavin and L-carnitine. (less)",
    "chem_link": [
        "HMDB0000023",
        "HMDB0001052",
        "HMDB0002166",
        "HMDB0002217",
        "HMDB0006866",
        "HMDB0001356",
        "HMDB0001157",
        "HMDB0001041",
        "HMDB0061344",
        "HMDB0001375",
        "HMDB0006870",
        "HMDB0006865",
        "HMDB0000491",
        "HMDB0001493",
        "HMDB0001057",
        "HMDB0000060",
        "HMDB0001484",
        "HMDB0001206",
        "HMDB0001341",
        "HMDB0000538",
        "HMDB0002086",
        "HMDB0000030",
        "HMDB0001967",
        "HMDB0001423",
        "HMDB0000985",
        "HMDB0001248",
        "HMDB0000595",
        "HMDB0059597",
        "HMDB0003125",
        "HMDB0001243",
        "HMDB0001113",
        "HMDB0000695",
        "HMDB0000148",
        "HMDB0000172",
        "HMDB0000687",
        "HMDB0000883",
        "HMDB0000962",
        "HMDB0013617",
        "HMDB0001011",
        "HMDB0000202",
        "HMDB0002206",
        "HMDB0000902",
        "HMDB0001487",
        "HMDB0000208",
        "HMDB0001377",
        "HMDB0001429",
        "HMDB0001275",
        "HMDB0001545",
        "HMDB0001491",
        "HMDB0002255",
        "HMDB0006869",
        "HMDB0006868",
        "HMDB0006867",
        "HMDB0002310",
        "HMDB0000254",
        "HMDB0001022",
        "HMDB0001372",
        "HMDB0002054",
        "HMDB0002111",
        "HMDB0000019"
    ],
    "prot_link": [
        "P12694",
        "P21953",
        "Q99714",
        "P31937",
        "Q6NVY1",
        "P42765",
        "P80404",
        "P24752",
        "P05091",
        "Q06278",
        "P54687",
        "P09622",
        "P30084",
        "P35914",
        "P54868",
        "Q9UKU7",
        "P26440",
        "P11182",
        "P11310",
        "Q9HCC0",
        "Q96RQ3",
        "Q13825",
        "Q02252",
        "Q96PE7",
        "P22033",
        "P05165",
        "P05166",
        "P16219",
        "P45954",
        "P55809"
    ]
}