{
    "smpdb": "SMP0000203",
    "name": "Molybdenum Cofactor Deficiency",
    "class": "Disease",
    "description": "Aminocaproic acid, brand name Amicar, is a derivate of lysine and is an antifibrinolytic drug. Antifibrinolytics drugs are commonly used during major surgery to prevent significant blood loss. These drugs reversibly blocks the binding sites on plasminogen. This blockade inhibits plasminogen binding to fibrin and the conversion of plasminogen to plasmin. These prevents fibrin degradation and maintains the stability of fibrin clots. \n (less)",
    "chem_link": [
        "HMDB0000464",
        "HMDB0007170",
        "HMDB0001201",
        "HMDB0001273",
        "HMDB0001498",
        "HMDB0010133"
    ],
    "prot_link": [
        "Q9NQ66",
        "P50148",
        "Q14643"
    ]
}