{
    "smpdb": "SMP0000409",
    "name": "Oxycodone Action Pathway",
    "class": "Drug Action",
    "description": "Remifentanil is a pharmacologically-active, synthetic, small molecule derived from fentanyl and belongs to a class of drugs called opioids. Opioids are therapeutically employed to achieve analgesia. Remifentanial\u2019s rapid mechanism of action primarily involves its agonistic effects on mu-type opioid receptors which are inhibitory G-coupled protein receptors and lead to the inhibition of adenylate cyclase and decrease in cAMP production. Analgesia, anesthesia, and respiratory depression are a function of remifentanial\u2019s action on these mu-type opioid receptors.\n (less)",
    "chem_link": [
        "HMDB0001341",
        "HMDB0000538",
        "HMDB0015631",
        "HMDB0000464",
        "HMDB0000073",
        "HMDB0000216",
        "HMDB0001429",
        "HMDB0000586",
        "HMDB0000259",
        "HMDB0000588",
        "HMDB0002111"
    ],
    "prot_link": [
        "P08908",
        "P35348",
        "B7ZKV8",
        "P01203",
        "P21728",
        "Q8TCU5",
        "Q12879",
        "Q05586",
        "Q9NS61",
        "P35372",
        "P16519",
        "P43681",
        "P17787",
        "Q9NZV8",
        "P01189",
        "Q9Y5Y9",
        "Q07699",
        "Q01959",
        "P23975",
        "P31645",
        "P05023",
        "P50993",
        "P13637",
        "Q13733",
        "P05026",
        "P14415",
        "P54709",
        "P54710",
        "Q9NY47",
        "Q02641",
        "O00555"
    ]
}