{
    "smpdb": "SMP0000052",
    "name": "Beta Oxidation of Very Long Chain Fatty Acids",
    "class": "Metabolic",
    "description": "The degradation of fatty acids occurs is many ways, but for the most part in most species it occurs mainly through the beta-oxidation cycle. Take mammals for example, in this subset of species we find that beta-oxidation takes place not only in mitochondria, but in peroxisomes as well. In contrast, it tends to be the case that in plants and fungi beta-oxidation is only seen in peroxisomes. The reason the beta-oxidation cycle is found to occur in both mitochondria and peroxisomes in mammals is thought to be that extremely long chain fatty acids will in fact undergo oxidation in both locations, an initial or first oxidation in peroxisomes and second oxidation in the mitochondria. There is however a difference between the oxidation cycle which occurs in both these organelles. Namely, that the oxidation undergone in peroxisomes does not have any coupling to ATP synthesis, unlike the corresponding oxidation which occurs in the mitochondria. We find rather that electrons are passed to molecules of oxygen, which produces hydrogen peroxide. Moreover, there is an enzyme which is found only peroxisomes which ties into this process. It can turn hydrogen peroxide back into water and oxygen and is catalase. To expound further the differences between the oxidation cycle found in the peroxisomes and the mitchondria consider the following three key differences. One, in the peroxisome the beta-oxidation cycle takes as a necessary input a special enzyme called, peroxisomal carnitine acyltransferase, which is needed to move an activated acyl group from outside the peroxisome to inside it. In mitochondrial oxidation similar but different enzymes are used called carnitine acyltransferase I and II.  Difference number two is that oxidation in the peroxisome commences with catalysis induced by an enzyme called acyl CoA oxidase. Also, it should be noted that another enzyme called beta-ketothiolase which aids in peroxisomal beta-oxidation has a substrate specificity which differs from that of the mitochondrial beta-ketothiolase. Turning now to how the oxidation cycle function in mitochondria, note that the mitochondrial beta-oxidation pathway is composed of four repeating reactions that take place with each fatty acid molecule. The oxidation of fatty acid chains is a process of progress through repetition. With each turn of the cycle two carbons are removed from the fatty acid chain and the energy of the chemical bonds once housed by the molecule is captured by the reduced energy carriers NADH and FADH2. Acetyl-CoA is created in this 4 step reaction beta-oxidation process and is sent to the TCA cycle. Once inside the TCA cycle, the process of oxidation continues until even the acetyl-CoA is oxidized to CO2. More NADH and FADH2 result.  (less)",
    "chem_link": [
        "HMDB0003391",
        "HMDB0061344",
        "HMDB0000807",
        "HMDB0061380",
        "HMDB0001316",
        "HMDB0001127",
        "HMDB0001206",
        "HMDB0001341",
        "HMDB0000538",
        "HMDB0000051",
        "HMDB0000030",
        "HMDB0001967",
        "HMDB0000094",
        "HMDB0001423",
        "HMDB0001072",
        "HMDB0001321",
        "HMDB0000122",
        "HMDB0001112",
        "HMDB0001548",
        "HMDB0000618",
        "HMDB0001068",
        "HMDB0001473",
        "HMDB0001248",
        "HMDB0001197",
        "HMDB0001058",
        "HMDB0000124",
        "HMDB0000134",
        "HMDB0001401",
        "HMDB0001270",
        "HMDB0001201",
        "HMDB0001273",
        "HMDB0001362",
        "HMDB0000595",
        "HMDB0059597",
        "HMDB0000193",
        "HMDB0000148",
        "HMDB0000641",
        "HMDB0000190",
        "HMDB0000156",
        "HMDB0000962",
        "HMDB0000547",
        "HMDB0001333",
        "HMDB0000902",
        "HMDB0001487",
        "HMDB0000217",
        "HMDB0000221",
        "HMDB0000223",
        "HMDB0000208",
        "HMDB0001429",
        "HMDB0000263",
        "HMDB0002142",
        "HMDB0000586",
        "HMDB0000243",
        "HMDB0059661",
        "HMDB0000254",
        "HMDB0001022",
        "HMDB0001372",
        "HMDB0002111",
        "HMDB0000868",
        "HMDB0003498"
    ],
    "prot_link": [
        "Q02218",
        "P17858",
        "P52209",
        "O95336",
        "Q99798",
        "P06733",
        "O75390",
        "P21399",
        "P09622",
        "P10515",
        "P36957",
        "P05062",
        "P07954",
        "P11413",
        "P06744",
        "P00367",
        "Q9UI32",
        "P04406",
        "P52789",
        "P50213",
        "O43837",
        "P51553",
        "O75874",
        "Q6ZMR3",
        "P40925",
        "Q6LAP8",
        "Q9Y5U8",
        "P53985",
        "Q15758",
        "P00558",
        "P15259",
        "P11498",
        "P08559",
        "P11177",
        "P30613",
        "P14618",
        "P49247",
        "P11168",
        "O14521",
        "P31040",
        "P21912",
        "Q99643",
        "P53597",
        "Q96I99",
        "P37837",
        "P29401"
    ]
}