{
    "smpdb": "SMP0000310",
    "name": "Corticotropin Activation of Cortisol Production",
    "class": "Protein",
    "description": "Tyrosinemia type I, also known as fumarylacetoacetase or FAH deficiency, is the most severe type of tyrosinemia, a buildup of tyrosine in the body. It is caused by an autosomal recessive mutation in the the FAH gene that encodes for fumarylacetoacetase, an enzyme that is responsible for the last of five steps that are involved in the metabolic breakdown of tyrosine in the liver and kidneys. The lack of this enzyme's function leads to a buildup of 4-fumarylacetoacetic acid as it couldn't be broken down to fumaric acid and acetoacetic acid. This also leads to an increased concentration of maleylacetoacetic acid. This eventually leads to the increased concentration of L-tyrosine in the body. Symptoms of tyrosinemia type I include jaundice and an enlarged liver, kidney dysfunction, as well as a failure to grow, as foods with high protein and amino acids lead to increased symptoms. Additionally, individuals are more at risk for future liver cancer.\n (less)",
    "chem_link": [
        "Q15125",
        "P04035",
        "P56937",
        "Q9BWD1",
        "O76062",
        "Q15392",
        "P53602",
        "P14324",
        "O95749",
        "Q01581",
        "Q13907",
        "Q16850",
        "P48449",
        "O75845",
        "P38571",
        "Q15800",
        "Q03426",
        "Q15126",
        "Q14534",
        "P37268",
        "P35610",
        "Q15738"
    ],
    "prot_link": [
        "HMDB0061344",
        "HMDB0001149",
        "HMDB0000051",
        "HMDB0000054",
        "HMDB0003325",
        "HMDB0001008",
        "HMDB0001967",
        "HMDB0001361",
        "HMDB0000643",
        "HMDB0000570",
        "HMDB0002158",
        "HMDB0001261",
        "HMDB0001248",
        "HMDB0000961",
        "HMDB0000692",
        "HMDB0012943",
        "HMDB0000123",
        "HMDB0003178",
        "HMDB0006901",
        "HMDB0001162",
        "HMDB0001362",
        "HMDB0003125",
        "HMDB0001137",
        "HMDB0000902",
        "HMDB0001487",
        "HMDB0001377",
        "HMDB0000245",
        "HMDB0000241",
        "HMDB0001097",
        "HMDB0001491",
        "HMDB0001022",
        "HMDB0000295",
        "HMDB0000935",
        "HMDB0004158",
        "HMDB0000936",
        "HMDB0000916",
        "HMDB0002211",
        "HMDB0001086",
        "HMDB0002111",
        "HMDB0015532"
    ]
}