{
    "smpdb": "SMP0000416",
    "name": "Remifentanil Action Pathway",
    "class": "Drug Action",
    "description": "Emtricitabine (also known as FTC) is a nucleoside reverse transcriptase inhibitor (NRTI) for treating HIV infection by inhibiting the transcriptase reversibly. Emtricitabine is phosphorylated to form emtricitabine 5'-triphosphate so that emtricitabine 5'-triphosphate can compete with deoxycytidine 5'-triphosphate to inhibit HIV-1 reverse transcriptase, which lead to early chain termination. Emtricitabine 5'-triphosphate can also incorporate into viral DNA to inhibit the activity of HIV-1 reverse transcriptase (RT). (less)",
    "chem_link": [
        "HMDB0001341",
        "HMDB0000538",
        "HMDB0000464",
        "HMDB0000073",
        "HMDB0014992",
        "HMDB0000216",
        "HMDB0001429",
        "HMDB0000586",
        "HMDB0000259",
        "HMDB0000588",
        "HMDB0002111"
    ],
    "prot_link": [
        "P08908",
        "P35348",
        "B7ZKV8",
        "P01203",
        "P21728",
        "Q8TCU5",
        "Q12879",
        "Q05586",
        "Q9NS61",
        "P35372",
        "P16519",
        "P43681",
        "P17787",
        "Q9NZV8",
        "P01189",
        "Q9Y5Y9",
        "Q07699",
        "Q01959",
        "P23975",
        "P31645",
        "P05023",
        "P50993",
        "P13637",
        "Q13733",
        "P05026",
        "P14415",
        "P54709",
        "P54710",
        "Q9NY47",
        "Q02641",
        "O00555"
    ]
}