{
    "smpdb": "SMP0000048",
    "name": "Nicotinate and Nicotinamide Metabolism",
    "class": "Metabolic",
    "description": "Nicotinate (niacin) and nicotinamide - more commonly known as vitamin B3 - are precursors of the coenzymes nicotinamide-adenine dinucleotide (NAD+) and nicotinamide-adenine dinucleotide phosphate (NADP+). NAD+ synthesis occurs either de novo from amino acids, or a salvage pathway from nicotinamide. Most organisms use the de novo pathway whereas the savage pathway is only typically found in mammals. The specifics of the de novo pathway varies between organisms, but most begin by forming quinolinic acid (QA) from tryptophan (Trp) in animals, or aspartic acid in some bacteria (intestinal microflora) and plants.\nNicotinate-nucleotide pyrophosphorylase converts QA into nicotinic acid mononucleotide (NaMN) by transfering a phosphoribose group. Nicotinamide mononucleotide adenylyltransferase then transfers an adenylate group to form nicotinic acid adenine dinucleotide (NaAD). Lastly, the nicotinic acid group is amidated to form a nicotinamide group, resulting in a molecule of nicotinamide adenine dinucleotide (NAD). Additionally, NAD can be phosphorylated to form NADP. The salvage pathway involves recycling nicotinamide and nicotinamide-containing molecules such as nicotinamide riboside. The precursors are fed into the NAD+ biosynthetic pathwaythrough adenylation and phosphoribosylation reactions. These compounds can be found in the diet, where the mixture of nicotinic acid and nicotinamide are called vitamin B3 or niacin. These compounds are also produced within the body when the nicotinamide group is released from NAD+ in ADP-ribose transfer reactions. (less)",
    "chem_link": [
        "HMDB0000972",
        "HMDB0001354",
        "HMDB0001533",
        "HMDB0001534",
        "HMDB0001396",
        "HMDB0001341",
        "HMDB0000538",
        "HMDB0000051",
        "HMDB0000464",
        "HMDB0001967",
        "HMDB0001056",
        "HMDB0001248",
        "HMDB0000121",
        "HMDB0000142",
        "HMDB0059597",
        "HMDB0000148",
        "HMDB0000547",
        "HMDB0003470",
        "HMDB0001562",
        "HMDB0000902",
        "HMDB0001487",
        "HMDB0000217",
        "HMDB0000221",
        "HMDB0001429",
        "HMDB0001491",
        "HMDB0001846",
        "HMDB0006825",
        "HMDB0006826",
        "HMDB0002111"
    ],
    "prot_link": [
        "P49914",
        "P13995",
        "P11586",
        "O75891",
        "P00374",
        "Q05932",
        "O95954",
        "Q92820",
        "Q96DP5",
        "P42898",
        "Q6UB35",
        "Q96NT5"
    ]
}