{
    "smpdb": "SMP0000362",
    "name": "Arginine: Glycine Amidinotransferase Deficiency (AGAT Deficiency)",
    "class": "Disease",
    "description": "Xanthinuria Type I is a condition caused by an autosomal recessive mutation. The condition was discovered (though not diagnosed) in 1817, when stones formed of almost pure xanthine were first identified by Marcet. The symptoms arise because of a malfunction in the production of xanthine oxidase. It is a rare . It is characterized by a loss of oxidase  such as in serum and the uric acid found in peepee. As a result, the opposite is true for the presence of xanthine and hypoxanthine. They will be found in the latter and former in increased quantities. Although the condition can cause a wide range of symptoms including renal xanthine stones, what occurs most of the time is that xanthinuria is asymptomatic and diagnosis is product of chance.  (less)",
    "chem_link": [
        "P80404",
        "P24298",
        "Q06203",
        "P00505",
        "P27708",
        "P31327",
        "P30038",
        "Q96EK6",
        "Q99259",
        "P00367",
        "P48506",
        "P48507",
        "Q9UI32",
        "A8YXX4",
        "Q06210",
        "P47897",
        "Q6IA69",
        "P00390",
        "P48637",
        "P49915",
        "Q9UJ70",
        "Q5JPH6",
        "P51649"
    ],
    "prot_link": [
        "HMDB0001294",
        "HMDB0003391",
        "HMDB0000807",
        "HMDB0001341",
        "HMDB0000538",
        "HMDB0000030",
        "HMDB0001967",
        "HMDB0000122",
        "HMDB0001112",
        "HMDB0001473",
        "HMDB0001058",
        "HMDB0000124",
        "HMDB0001586",
        "HMDB0001401",
        "HMDB0001270",
        "HMDB0001201",
        "HMDB0001273",
        "HMDB0000595",
        "HMDB0059597",
        "HMDB0000190",
        "HMDB0000547",
        "HMDB0000744",
        "HMDB0001333",
        "HMDB0000902",
        "HMDB0001487",
        "HMDB0000223",
        "HMDB0000208",
        "HMDB0001429",
        "HMDB0000263",
        "HMDB0002142",
        "HMDB0000243",
        "HMDB0002111",
        "HMDB0003345",
        "HMDB0000516",
        "HMDB0003498"
    ]
}