{
    "smpdb": "SMP0000126",
    "name": "Phenylacetate Metabolism",
    "class": "Metabolic",
    "description": "Phenylacetate (or phenylacetic acid) metabolism involves two steps. The first step is the conversion of phenylacetate into phenylacetyl-CoA which is catalyzed by acyl-coenzyme A synthetase ACSM1 or acyl-coenzyme A synthetase ACSM2B. Coenzyme A and ATP are also involved in this first step and AMP and pyrophosphate will be generated during the first step of metabolism. In the second step, phenylacetyl-CoA and L-glutamine interacts with glycine N-acyltransferase to generate coenzyme A as well as phenylacetylglutamine, of which the latter will be excreted in the urine. Phenylacetate metabolism provides a route that facilitates the excretion of nitrogen for patients with urea cycle defects; hence, it is important for clinical purposes. (less)",
    "chem_link": [
        "P24752",
        "Q08AH1",
        "P30084",
        "Q16836",
        "P35914",
        "P54868",
        "P16219",
        "P55809"
    ],
    "prot_link": [
        "HMDB0003540",
        "HMDB0003911",
        "HMDB0001533",
        "HMDB0001227",
        "HMDB0001341",
        "HMDB0000538",
        "HMDB0000051",
        "HMDB0000464",
        "HMDB0001096",
        "HMDB0001967",
        "HMDB0001546",
        "HMDB0000089",
        "HMDB0000095",
        "HMDB0000082",
        "HMDB0001245",
        "HMDB0001202",
        "HMDB0000998",
        "HMDB0000014",
        "HMDB0001351",
        "HMDB0000012",
        "HMDB0001191",
        "HMDB0001056",
        "HMDB0000079",
        "HMDB0000076",
        "HMDB0001274",
        "HMDB0001000",
        "HMDB0001409",
        "HMDB0001248",
        "HMDB0000692",
        "HMDB0001520",
        "HMDB0000595",
        "HMDB0003349",
        "HMDB0000641",
        "HMDB0000547",
        "HMDB0000217",
        "HMDB0000221",
        "HMDB0000226",
        "HMDB0000218",
        "HMDB0001429",
        "HMDB0000280",
        "HMDB0002142",
        "HMDB0000250",
        "HMDB0003364",
        "HMDB0001489",
        "HMDB0000273",
        "HMDB0001342",
        "HMDB0000262",
        "HMDB0000300",
        "HMDB0002031",
        "HMDB0000026",
        "HMDB0000828",
        "HMDB0000296",
        "HMDB0000295",
        "HMDB0000288",
        "HMDB0000285",
        "HMDB0002111",
        "HMDB0015532",
        "HMDB0001303",
        "HMDB0000056"
    ]
}