{
    "smpdb": "SMP0000520",
    "name": "Transaldolase Deficiency",
    "class": "Disease",
    "description": "Cystathionine Beta-Synthase Deficiency (CBS Deficiency; Homocystinuria) is an autosomal recessive disease caused by a mutation in the CBS gene which codes for cystathionine beta-synthase. A deficiency in this enzyme results in accumulation of L-cystathionine, homocysteine, and L-homocystine in plasma and urine; and L-methionine and ornithine in plasma. Symptoms include osteoporosis, myopia, fatty-liver, mental retardation, and early death. Treatment includes folic acid, vitamin B6, vitamin B12, and a methionine-restricted diet. (less)",
    "chem_link": [
        "Q9JKJ9",
        "Q60991",
        "Q9EQC1",
        "O88962",
        "Q9JII6",
        "O09174",
        "Q91X34",
        "Q4LDG0",
        "Q9WVK8",
        "Q9Z0F5",
        "Q64505",
        "Q9Z0M5",
        "P32020",
        "Q9QXD1",
        "P51660",
        "Q9DBG1"
    ],
    "prot_link": [
        "HMDB0012130",
        "HMDB0001166",
        "HMDB0001484",
        "HMDB0001206",
        "HMDB0001263",
        "HMDB0000510",
        "HMDB0001967",
        "HMDB0001423",
        "HMDB0002009",
        "HMDB0001248",
        "HMDB0001339",
        "HMDB0003125",
        "HMDB0000148",
        "HMDB0000182",
        "HMDB0000716",
        "HMDB0000962",
        "HMDB0000902",
        "HMDB0001487",
        "HMDB0000217",
        "HMDB0000221",
        "HMDB0000225",
        "HMDB0000208",
        "HMDB0001377",
        "HMDB0001491",
        "HMDB0000279",
        "HMDB0001372",
        "HMDB0002111"
    ]
}