{
    "smpdb": "SMP0000011",
    "name": "Inositol Metabolism",
    "class": "Metabolic",
    "description": "The  carbocyclic polyol inositol (otherwise known as myo-inositol) has a significant role in physiological systems as many secondary eukaryotic messengers derive their structure from inositol. Examples of secondary messengers derived from inositol include inositol phosphates, phosphatidylinositol (PI), and phosphatidylinositol phosphate (PIP) lipids. \n \nInositol is abundant in many commonly consumed foods such as bran-rich cereals, beans, nuts, and fruit (particularly cantaloupe, melons, and oranges). It can also be synthesized by the body through the conversion of glucose-6-phosphate into mho-inositol under the following pathway: (1) glucose-6-phosphate undergoes isomerization due to the action of inositol-3-phosphate synthase (ASYNA1) which produces myo-inositol 3-phosphate; (2) myo-inositol 3-phosphate undergoes dephosphorylation via the action of inositol monophosphatase (IMPase 1) to produce myo-inositol. From this point, myo-inositol can move through multiple different fates depending on the secondary messenger being synthesized. For phosphatidyliositol, phosphatidylinositol synthase generates it with the substrates CDP-diacylglycerol and myo-inositol. Phosphatidyliositol can be modified further to generate phosphatidylinositol phosphate lipids via the action of class I, II and III phosphoinositide 3-kinases (PI 3-kinases). Other messengers (i.e. inositol phosphates) can be produced with the phospholipase C-mediated hydrolysis of phosphatidylinositol phosphates or with the action of other enzymes that remove or add phosphate groups. (less)",
    "chem_link": [
        "HMDB0001295",
        "HMDB0006202",
        "HMDB0011604",
        "HMDB0001206",
        "HMDB0001341",
        "HMDB0000538",
        "HMDB0000044",
        "HMDB0001967",
        "HMDB0001423",
        "HMDB0003419",
        "HMDB0015531",
        "HMDB0000201",
        "HMDB0000062",
        "HMDB0000547",
        "HMDB0000208",
        "HMDB0001377",
        "HMDB0000801",
        "HMDB0001359",
        "HMDB0001958",
        "HMDB0000795",
        "HMDB0002057",
        "HMDB0001275",
        "HMDB0000824",
        "HMDB0000250",
        "HMDB0000254",
        "HMDB0001372"
    ],
    "prot_link": [
        "Q9UJ83",
        "P05091",
        "P33897",
        "Q9UBJ2",
        "P43155",
        "P23786",
        "P33121",
        "O43772",
        "Q9UKG9",
        "Q92968",
        "O75381",
        "O14832"
    ]
}