{
    "smpdb": "SMP0000419",
    "name": "Tenofovir Action Pathway",
    "class": "Drug Action",
    "description": "Telithromycin is a semi-synthetic erythromycin derivative. It belongs to the chemical family called ketolides, a group belonging to the macrolide-lincosamide-streptogramin (MLS) class. Telithromycin prevents bacterial growth by inhibiting bacterial protein synthesis. Similar to macrolides, telithromycin directly blocks translation of the bacterial 23S ribosomal RNA; however, unlike macrolides, telithromycin also blocks bacterial ribosomal assembly (mechanism not shown). Telithromycin binds to two sites on the 50S ribosomal subunit, domains II and V of the 23S rRNA, whereas macrolides bind only to domain V. The C11-12 carbamate side chain is thought to contribute to a higher binding affinity of telithromycin compared to erythromycin A. In erythromycin A-susceptible bacteria, telithromycin exhibits 10 times greater affinity than erythromycin. Its relative binding affinity is further increased to 25 times greater in macrolide-resistant bacteria strains. This is likely due to the additional binding site on domain II since macrolide resistance occurs as a result of alterations in the domain V binding site.  (less)",
    "chem_link": [
        "HMDB0001341",
        "HMDB0000538",
        "HMDB0000464",
        "HMDB0061379",
        "HMDB0000073",
        "HMDB0000216",
        "HMDB0001429",
        "HMDB0000586",
        "HMDB0000259",
        "HMDB0000588",
        "HMDB0002111"
    ],
    "prot_link": [
        "P08908",
        "P35348",
        "B7ZKV8",
        "P01203",
        "P21728",
        "Q8TCU5",
        "Q12879",
        "Q05586",
        "Q9NS61",
        "P35372",
        "P16519",
        "P43681",
        "P17787",
        "Q9NZV8",
        "P01189",
        "Q9Y5Y9",
        "Q07699",
        "Q01959",
        "P23975",
        "P31645",
        "P05023",
        "P50993",
        "P13637",
        "Q13733",
        "P05026",
        "P14415",
        "P54709",
        "P54710",
        "Q9NY47",
        "Q02641",
        "O00555"
    ]
}