{
    "smpdb": "SMP0000400",
    "name": "Oxybuprocaine Action Pathway",
    "class": "Drug Action",
    "description": "Eptifibatide (also named Integrilin) is an anti-coagulant drug that is produced from Sistrurus miliarus barbouri, which can block platelet glycoprotein IIb/IIIa receptor to prevent platelet aggregation. Although, inhibition of platelet aggregation occurs in a dose- and concentration-dependent manner.  (less)",
    "chem_link": [
        "HMDB0000538",
        "HMDB0000058",
        "HMDB0001201",
        "HMDB0001273",
        "HMDB0000547",
        "HMDB0001429",
        "HMDB0000250",
        "HMDB0000259"
    ],
    "prot_link": [
        "P50406",
        "Q08462",
        "P22694",
        "P16220",
        "Q9SAD4",
        "Q9UBI6",
        "P63092",
        "P62873",
        "P62136"
    ]
}