{
    "smpdb": "SMP0000010",
    "name": "Nucleotide Sugars Metabolism",
    "class": "Metabolic",
    "description": "Nucleotide sugars are defined as any nucleotide in which the distal phosphoric residue of a nucleoside 5'-diphosphate is in glycosidic linkage with a monosaccharide or monosaccharide derivative. There are nine sugar nucleotides and they can be classified depending on the type of the nucleoside forming them: UDP-Glc, UDP-Gal, UDP-GlcNAc, UDP-GlcUA, UDP- Xyl, GDP-Man, GDP-Fuc and CMP-NeuNAc. \n\nTurning back now to the pathway in question, namely the nucleotide sugar metabolism pathway, it should be noted that the nucleotide sugars play an important role. Indeed, they are donors of certain important residues of sugar which are vital to glycosylation and by extension tot the production of polysaccharides. This process produces the substrates for glycosyltransferases. These sugars have several additional roles. For example, nucleotide sugars serve a vital purpose as the intermediates in interconversions of nucleotide sugars that result in the creation and activation of certain sugars necessary in the glycosylation reaction in certain organisms. \n\nMoreover, the process of glycosylation is attributed mostly (though not entirely) to the endoplasmic reticulum/golgi apparatus. Logically then, due to the important role of nucleotide sugars in glycosylation, a plethora of transporters exist which displace the sugars from their point of production, the cytoplasm, to where they are needed. In the case, the endoplasmic reticulum and golgi apparatus. (less)",
    "chem_link": [
        "HMDB0001187",
        "HMDB0006234",
        "HMDB0004527",
        "HMDB0000968",
        "HMDB0006235",
        "HMDB0006814",
        "HMDB0006229",
        "HMDB0001341",
        "HMDB0000538",
        "HMDB0006230",
        "HMDB0003848",
        "HMDB0001313",
        "HMDB0001401",
        "HMDB0003529",
        "HMDB0001059",
        "HMDB0001143",
        "HMDB0001498",
        "HMDB0000547",
        "HMDB0000211",
        "HMDB0000213",
        "HMDB0003502",
        "HMDB0000902",
        "HMDB0001429",
        "HMDB0002142",
        "HMDB0002111"
    ],
    "prot_link": [
        "O95989",
        "Q6PFW1",
        "Q92551",
        "P29218",
        "P49441",
        "Q8NFU5",
        "Q9NPH2",
        "Q9H8X2",
        "Q13572",
        "P23677",
        "Q9UNW1",
        "Q15735",
        "Q96PE3",
        "O15327"
    ]
}