{
    "smpdb": "SMP0000303",
    "name": "Nadolol Action Pathway",
    "class": "Drug Action",
    "description": "This pathway illustrates the tocainide targets involved in antiarrhythmic therapy. Contractile activity of cardiac myocytes is elicited via action potentials mediated by a number of ion channel proteins. During rest, or diastole, cells maintain a negative membrane potential; i.e. the inside the cell is negatively charged relative to the cells\u008a\u0097\u00c8 extracellular environment. Membrane ion pumps, such as the sodium-potassium ATPase and sodium-calcium exchanger (NCX), maintain low intracellular sodium (5 mM) and calcium (100 nM) concentrations and high intracellular potassium (140 mM) concentrations. Conversely, extracellular concentrations of sodium (140 mM) and calcium (1.8 mM) are relatively high and extracellular potassium concentrations are low (5 mM). At rest, the cardiac cell membrane is impermeable to sodium and calcium ions, but is permeable to potassium ions via inward rectifier potassium channels (I-K1), which allow an outward flow of potassium ions down their concentration gradient. The positive outflow of potassium ions aids in maintaining the negative intracellular electric potential. When cells reach a critical threshold potential, voltage-gated sodium channels (I-Na) open and the rapid influx of positive sodium ions into the cell occurs as the ions travel down their electrochemical gradient. This is known as the rapid depolarization or upstroke phase of the cardiac action potential. Sodium channels then close and rapidly activated potassium channels such as the voltage-gated transient outward delayed rectifying potassium channel (I-Kto) and the voltage-gated ultra rapid delayed rectifying potassium channel (I-Kur) open. These events make up the early repolarization phase during which potassium ions flow out of the cell and sodium ions are continually pumped out. During the next phase, known as the plateau phase, calcium L-type channels (I-CaL) open and the resulting influx of calcium ions roughly balances the outward flow of potassium channels. During the final repolarization phase, the voltage-gated rapid (I-Kr) and slow (I-Ks) delayed rectifying potassium channels open increasing the outflow of potassium ions and repolarizing the cell. The extra sodium and calcium ions that entered the cell during the action potential are extruded via sodium-potassium ATPases and NCX and intra- and extracellular ion concentrations are restored. In specialized pacemaker cells, gradual depolarization to threshold occurs via funny channels (I-f). \n\n\n\nTocainide, the alpha-methyl analogue of lidocaine, is a Class 1B antiarrhythmic drug. It has similar electrophysiological effects as lidocaine and may be used to treat ventricular arrhythmias. Unlike lidocaine, tocainide may be administered orally and has a long plasma half-life of 12 hours (plasma t1/2 of lidocaine = 15 \u008a\u0097\u0096 30 minutes). Like other Class 1B antiarrhythmic agents, tocainide preferentially blocks sodium channels in their inactivated state. Voltage-gated sodium channels (I-Na) are responsible for the rapid depolarization phase of cardiac myocyte action potentials. Inhibition of I-Na results in an increased threshold of excitability and decreased automaticity. The membrane stabilizing effects of tocainide also cause a slight decrease in action potential duration. Tocainide is administered as a racemic mixture. The R-isomer is four times more potent than the S-isomer and is cleared faster in anephric patients.  (less)",
    "chem_link": [
        "Q13424",
        "Q09428",
        "O60706",
        "Q14654",
        "Q15842",
        "B7ZKV8",
        "P08588",
        "Q13884",
        "Q13425",
        "P17612",
        "P10644",
        "P26678",
        "Q12959",
        "P48549",
        "P48544",
        "P63252",
        "P48050",
        "Q9NS61",
        "P08172",
        "O00180",
        "P22460",
        "Q9UK17",
        "P15382",
        "Q9Y6J6",
        "Q12809",
        "P51787",
        "Q9Y3Q4",
        "Q5I7T1",
        "Q92736",
        "P16615",
        "Q14524",
        "P32418",
        "P05023",
        "P50993",
        "P13637",
        "Q13733",
        "P05026",
        "P14415",
        "P54709",
        "P54710",
        "P09493",
        "P07951",
        "Q9NY47",
        "Q13936",
        "Q02641",
        "O43497",
        "O95180"
    ],
    "prot_link": [
        "HMDB0001341",
        "HMDB0000538",
        "HMDB0000464",
        "HMDB0014537",
        "HMDB0001429",
        "HMDB0000586",
        "HMDB0000588",
        "HMDB0002111"
    ]
}