{
    "smpdb": "SMP0000186",
    "name": "Glutaric Aciduria Type I",
    "class": "Disease",
    "description": "Urokinase is an enzyme that is part of the thrombolytics drug class, used to dissolve or break down blood clots. Urokinase activates plasminogen. Then zooming in even further to the endoplasmic reticulum within the liver, vitamin K1 2,3-epoxide uses vitamin K epoxide reductase complex subunit 1 to become reduced vitamin K (phylloquinone), and then back to vitamin K1 2,3-epoxide continually through vitamin K-dependent gamma-carboxylase. This enzyme also catalyzes precursors of prothrombin and coagulation factors VII, IX and X to prothrombin, and coagulation factors VII, IX and X. From there, these precursors and factors leave the liver cell and enter into the blood capillary bed. Once there, prothrombin is catalyzed into the protein complex prothrombinase complex which is made up of coagulation factor Xa/coagulation factor Va (platelet factor 3). These factors are joined by coagulation factor V. Through the two factors coagulation factor Xa and coagulation factor Va, thrombin is produced, which then uses fibrinogen alpha, beta, and gamma chains to create fibrin (loose). This is then turned into coagulation factor XIIIa, which is activated through coagulation factor XIII A and B chains. From here, fibrin (mesh) is produced which interacts with endothelial cells to cause coagulation. Plasmin is then created from fibrin (mesh), then joined by tissue-type plasminogen activator (urokinase) through plasminogen,  and creates fibrin degradation products. These are enzymes that stay in your blood after your body has dissolved a blood clot. Coming back to the factors transported from the liver, coagulation factor X is catalyzed into a group of enzymes called the tenase complex: coagulation factor IX and coagulation factor VIIIa (platelet factor 3). This protein complex is also contributed to by coagulation factor VIII, which through prothrombin is catalyzed into coagulation factor VIIIa.  From there, this protein complex is catalyzed into prothrombinase complex, the group of proteins mentioned above, contributing to the above process ending in fibrin degradation products. Another enzyme transported from the liver is coagulation factor IX which becomes coagulation factor IXa, part of the tense complex, through coagulation factor XIa. Coagulation factor XIa is produced through coagulation factor XIIa which converts coagulation XI to become coagulation factor XIa. Coagulation factor XIIa is introduced through chain of activation starting in the endothelial cell with collagen alpha-1 (I) chain, which paired with coagulation factor XII activates coagulation factor XIIa. It is also activated through plasma prekallikrein and coagulation factor XIIa which activate plasma kallikrein, which then pairs with coagulation factor XII simultaneously with the previous collagen chain pairing to activate coagulation XIIa. Lastly, the previously transported coagulation factor VII and tissue factor coming from a vascular injury work together to activate tissue factor: coagulation factor VIIa. This enzyme helps coagulation factor X catalyze into coagulation factor Xa, to contribute to the prothrombinase complex and complete the pathway.\n (less)",
    "chem_link": [
        "Q9JKJ9",
        "Q60991",
        "Q9EQC1",
        "O88962",
        "Q9JII6",
        "O09174",
        "Q91X34",
        "Q4LDG0",
        "Q9WVK8",
        "Q9Z0F5",
        "Q64505",
        "Q9Z0M5",
        "P32020",
        "Q9QXD1",
        "P51660",
        "Q9DBG1"
    ],
    "prot_link": [
        "HMDB0000972",
        "HMDB0000005",
        "HMDB0001553",
        "HMDB0001173",
        "HMDB0001533",
        "HMDB0001396",
        "HMDB0000963",
        "HMDB0000050",
        "HMDB0000045",
        "HMDB0000538",
        "HMDB0000051",
        "HMDB0001967",
        "HMDB0000097",
        "HMDB0000092",
        "HMDB0001248",
        "HMDB0000123",
        "HMDB0000742",
        "HMDB0003125",
        "HMDB0000099",
        "HMDB0000574",
        "HMDB0000719",
        "HMDB0000696",
        "HMDB0000187",
        "HMDB0000547",
        "HMDB0002005",
        "HMDB0000902",
        "HMDB0001487",
        "HMDB0001377",
        "HMDB0001429",
        "HMDB0000586",
        "HMDB0001414",
        "HMDB0001491",
        "HMDB0000250",
        "HMDB0000939",
        "HMDB0000988",
        "HMDB0001185",
        "HMDB0000271",
        "HMDB0001257",
        "HMDB0001846",
        "HMDB0002111",
        "HMDB0015532",
        "HMDB0001303",
        "HMDB0000043"
    ]
}