{
    "smpdb": "SMP0000231",
    "name": "Famotidine Action Pathway",
    "class": "Drug Action",
    "description": "Rabeprazole is a drug that belongs to the anti secretory drug class. It is used as an anti-ulcer medication, and helps relieve gastric acid reflux, gastric irritation and gastric pain. It inhibits the proton pump action of ATPase, which blocks the final step of gastric acid secretion. The pathway begins in the parietal cell in the stomach, where rabeprazole and a hydrogen ion use the active metabolite in rabeprazole \u2014rabeprazole thioether \u2014 to inhibit potassium-transporting ATPase at the secretory surface of the gastric parietal cell. Now in the gastric endothelial cell, these secretory surfaces are inhibited by rabeprazole and by G-Protein signalling cascade through somatostatin receptor type 4, which is activated by somatostatin. At the same time, potassium-transporting ATPase is activated by the G-protein signalling cascade, through histamine H2 receptor, gastrin/cholecystokinin type B receptor, and muscarinic acetylcholine receptor M3 which are activated by histamine, gastrin and acetylcholine, respectively. The potassium transporting ATPase also converts water and ATP to a phosphate molecule and ADP. Alongside the transporters, potassium is brought into the cell. Carbonic anhydrase 1 uses water and carbon dioxide to create hydrogen carbonate and a hydrogen ion, which are both transported out of the endothelial cell, into the gastric lumen. A chloride ion is transported into the gastric endothelial cell through a chloride anion exchanger and is transported out of the cell through a chloride intracellular channel protein 2, back into the gastric lumen. (less)",
    "chem_link": [
        "HMDB0001341",
        "HMDB0000538",
        "HMDB0001967",
        "HMDB0000143",
        "HMDB0000645",
        "HMDB0001586",
        "HMDB0001401",
        "HMDB0015531",
        "HMDB0000547",
        "HMDB0000902",
        "HMDB0001487",
        "HMDB0000250",
        "HMDB0001018",
        "HMDB0000286",
        "HMDB0000935",
        "HMDB0000302",
        "HMDB0000285",
        "HMDB0002111",
        "HMDB0001303",
        "HMDB0003345"
    ],
    "prot_link": [
        "P51570",
        "P07902",
        "P35557",
        "P36871",
        "Q14376",
        "O60701",
        "Q8NBZ7",
        "Q16851"
    ]
}