{
    "smpdb": "SMP0000477",
    "name": "DNA Replication Fork",
    "class": "Metabolic",
    "description": "DNA is composed of two long and complementary strands, with a backbone on the outside and nucleotides in the middle. During replication the two strands of DNA separate; the resulting structure is called the replication fork. The replication fork forms because enzymes called helicases surround the DNA strands and break the hydrogen bonds which hold them together. The result is that two long branches, almost like fork prongs, each of which is a DNA strand. \n\nReplication of DNA has two main different processes. Because DNA is replicated in the 5' to 3' direction, and because both DNA strands in the replication fork are negative mirror images of each other, and because the replication fork is created on only one direction down the length of the DNA, two types of replication strands are formed: the leading and the lagging strand. \n\nThese strands are so named by the way in which DNA polymerase reads the original DNA strand and attaches the complementary nucleotides as it makes its way along the chain. Because the direction of the movement of the replication fork, and the direction of the addition of nucleotides in the leading strand is the same, the process is continuous.That is, a polymerase is able to read the DNA and add the matching nucleotide bases to it continuously. In prokaryotes DNA polymerase III is responsible for creating the leading strand. \n\nThe lagging strand is oriented in the opposite direction to the leading strand. Thus, replication of the lagging strand occurs in the opposing direction to that of the leading strand and the replication fork. As a result, replication of the lagging strand is a slower and more complicated process than that of the leading strand. Thus it is seen to lag behind the leading strand (hence the name). (less)",
    "chem_link": [
        "HMDB0001981",
        "HMDB0001188",
        "HMDB0001375",
        "HMDB0001484",
        "HMDB0001206",
        "HMDB0001341",
        "HMDB0000538",
        "HMDB0001967",
        "HMDB0001423",
        "HMDB0001120",
        "HMDB0001248",
        "HMDB0000961",
        "HMDB0001520",
        "HMDB0001142",
        "HMDB0001285",
        "HMDB0059597",
        "HMDB0001347",
        "HMDB0001251",
        "HMDB0000547",
        "HMDB0000227",
        "HMDB0001343",
        "HMDB0000217",
        "HMDB0000221",
        "HMDB0001377",
        "HMDB0001429",
        "HMDB0000250",
        "HMDB0000256",
        "HMDB0002111"
    ],
    "prot_link": [
        "P04035",
        "P24752",
        "P53602",
        "P14324",
        "Q01581",
        "Q13907",
        "P48449",
        "Q03426",
        "Q15126",
        "Q14534",
        "P37268"
    ]
}