{
    "smpdb": "SMP0000275",
    "name": "Ardeparin Action Pathway",
    "class": "Drug Action",
    "description": "Hyperphenylalaninemia is the high presence of phenylalanine in the system/blood caused by a genetic mutation. In this case a missense error in the gene which encodes GTP cyclohydrolase. Consequently, this form of hyperphenylalaninemia is also called GTP cyclohydrolase I deficiency and/or dopa-responsive dystonia. It is an autosomal recessive mutation.\n\nThe mutation results in a reduction in the production of BH4 which is a necessary component in the reaction which transforms phenylalanine to other products in the body.\nCommon symptoms include: abnormality of eye mpvement, choreoathetosis, dysphagia, dystonia, excessive salivation, hypekinesis, lethargy, limb hyptertonia, seizures, tremor, among others. (less)",
    "chem_link": [
        "HMDB0004684",
        "HMDB0002314",
        "HMDB0004673",
        "HMDB0004694",
        "HMDB0004242",
        "HMDB0011137",
        "HMDB0004693",
        "HMDB0061119",
        "HMDB0004692",
        "HMDB0061118",
        "HMDB0004243",
        "HMDB0013633",
        "HMDB0004234",
        "HMDB0002265",
        "HMDB0004264",
        "HMDB0003876",
        "HMDB0004244",
        "HMDB0005079",
        "HMDB0005050",
        "HMDB0004680",
        "HMDB0011136",
        "HMDB0061377",
        "HMDB0061378",
        "HMDB0006059",
        "HMDB0001509",
        "HMDB0005998",
        "HMDB0002343",
        "HMDB0002190",
        "HMDB0061111",
        "HMDB0011134",
        "HMDB0011135",
        "HMDB0010217",
        "HMDB0002886",
        "HMDB0004241",
        "HMDB0004699",
        "HMDB0002311",
        "HMDB0002232",
        "HMDB0004679",
        "HMDB0004659",
        "HMDB0001043",
        "HMDB0000464",
        "HMDB0012943",
        "HMDB0000125",
        "HMDB0003178",
        "HMDB0014608",
        "HMDB0000148",
        "HMDB0001337",
        "HMDB0001085",
        "HMDB0001198",
        "HMDB0003080",
        "HMDB0010379",
        "HMDB0000547",
        "HMDB0000217",
        "HMDB0000221",
        "HMDB0003337",
        "HMDB0001377",
        "HMDB0007883",
        "HMDB0002752",
        "HMDB0004236",
        "HMDB0001403",
        "HMDB0001220",
        "HMDB0001139",
        "HMDB0003235",
        "HMDB0001381",
        "HMDB0001335",
        "HMDB0002710",
        "HMDB0060095",
        "HMDB0001452",
        "HMDB0003252",
        "HMDB0002111",
        "HMDB0001303",
        "HMDB0004238"
    ],
    "prot_link": [
        "P42330",
        "O75342",
        "P18054",
        "P16050",
        "O15296",
        "P09917",
        "P34913",
        "P16152",
        "P20813",
        "P10632",
        "P05181",
        "P51589",
        "Q7Z449",
        "Q02928",
        "P98187",
        "P0C869",
        "P19440",
        "P07203",
        "P09960",
        "Q16873",
        "P78329",
        "Q08477",
        "Q16647",
        "O14684",
        "P23219",
        "P35354",
        "P41222",
        "Q8TBF2",
        "P24557"
    ]
}