{
    "smpdb": "SMP0000322",
    "name": "Vasopressin Regulation of Water Homeostasis",
    "class": "Protein",
    "description": "Lamivudine (2'-deoxy-3'-thiacytidine, 3TC) is a pyrimidine analog reverse transcriptase enzyme inhibitor used to treat human immunodeficiency virus type I (HIV-1), HIV-2, and Hepatitis B. When metabolized to its active triphosphate form, it competes with deoxycytidine triphosphate for binding to reverse transcriptase, resulting in chain termination when incorporated into the viral DNA. Lamivudine may enter the cells by passive diffusion or by active transported via SLC22A1, SLC22A2, and SLC22A3. Intracellularly, it is phosphorylated to its active triphosphate from via deoxycytidine kinase (3TC to 3TC-monophosphate), followed by cytidine monophosphate/deoxycytidine monophosphate kinase (3TC-monophosphate to 3TC-diphosphate), then 3'-phosphoglycerate kinase or nucleoside diphosphate kinase (3TC-diphosphate to 3TC-triphosphate). Dephosphorylation can occur via phosphatases or salvage pathways. Lamivudine is actively transported out of cell by efflux transporters ABCB1, ABCC1, ABCC2, ABCC3, ABCC4 and ABCG2 and primarily excreted unchanged in the urine. (less)",
    "chem_link": [
        "HMDB0001341",
        "HMDB0000538",
        "HMDB0000464",
        "HMDB0000073",
        "HMDB0014615",
        "HMDB0060607",
        "HMDB0001426",
        "HMDB0003178",
        "HMDB0000902",
        "HMDB0001487",
        "HMDB0000216",
        "HMDB0060551",
        "HMDB0061170",
        "HMDB0001377",
        "HMDB0001429",
        "HMDB0000586",
        "HMDB0000259",
        "HMDB0000588",
        "HMDB0002111"
    ],
    "prot_link": [
        "P08908",
        "P35348",
        "B7ZKV8",
        "P01203",
        "P33261",
        "P11712",
        "P10635",
        "P08684",
        "P20815",
        "P21728",
        "Q8TCU5",
        "Q12879",
        "Q05586",
        "Q9NS61",
        "P35372",
        "P16519",
        "P43681",
        "P17787",
        "Q9NZV8",
        "P01189",
        "Q9Y5Y9",
        "Q07699",
        "Q01959",
        "P23975",
        "P31645",
        "P05023",
        "P50993",
        "P13637",
        "Q13733",
        "P05026",
        "P14415",
        "P54709",
        "P54710",
        "Q9NY47",
        "Q02641",
        "O00555"
    ]
}