{
    "smpdb": "SMP0000185",
    "name": "Glutaric Aciduria Type I",
    "class": "Disease",
    "description": "Long-chain 3-hydroxyacyl-CoA dehydrogenase deficiency, which is also known LCHADD, is a rare inherited inborn error of metabolism (IEM) of long-chain fatty acid metabolism. The estimated birth prevalence of LCHADD is 1 in 62 000 in Northern European individuals. The worldwide birth prevalence is estimated at 1 in 250 000. MCADD is an autosomal recessive disorder associated with a mutation in the enzyme known as hydroxyacyl-CoA dehydrogenase (HADHA). HADHA catalyzes the last three steps of mitochondrial beta-oxidation of long chain fatty acids. HADHA converts medium- and long-chain 2-enoyl-CoA compounds into the corresponding 3-ketoacyl-CoA compounds when NAD is present, and acetyl-CoA when NAD and CoASH are present. Deficiencies in this enzyme prevent the body from converting certain fats to energy, particularly during periods without food (fasting). Signs and symptoms of LCHAD deficiency typically manifest during infancy or early childhood and can include feeding difficulties, hypoglycemia, hypotonia, lethargy, liver problems, and retinal abnormalities. During late childhood, people may experience muscle pain and peripheral neuropathy. LCHAD-deficiency individuals are also at risk for breathing difficulties, serious heart problems, coma, and sudden death. Fasting or illnesses (e.g. viral infections) can trigger related problems. LCHADD is associated with some pregnancy-specific disorders, including preeclampsia, HELLP syndrome (hemolysis, elevated liver enzymes, low platelets), hyperemesis gravidarum, acute fatty liver of pregnancy, and maternal floor infarction of the placenta. (less)",
    "chem_link": [
        "HMDB0000037",
        "HMDB0000492",
        "HMDB0000595",
        "HMDB0000574",
        "HMDB0000586",
        "HMDB0015420",
        "HMDB0000588",
        "HMDB0000294",
        "HMDB0002111"
    ],
    "prot_link": [
        "P08195",
        "P37088",
        "P51168",
        "P51172",
        "P51170",
        "P29972",
        "P41181",
        "Q92482",
        "P48048",
        "B7ZKV8",
        "P82251",
        "P51800",
        "P43005",
        "Q01650",
        "Q9UHI5",
        "P08235",
        "Q07837",
        "Q9NP91",
        "Q969I6",
        "P05023",
        "P50993",
        "P13637",
        "Q13733",
        "P05026",
        "P14415",
        "P54709",
        "P54710",
        "Q13621",
        "P55017",
        "Q9UHW9",
        "O15244",
        "Q4U2R8",
        "Q15849",
        "Q9UM01",
        "Q92536"
    ]
}