{
    "smpdb": "SMP0000517",
    "name": "Carnitine-Acylcarnitine Translocase Deficiency",
    "class": "Disease",
    "description": "The luteinizing hormone/choriogonadotropin receptor (LHCGR) is a transmembrane G protein-coupled receptor located most prominently in the ovary and testis but also found in organs such as the uterus, breasts, prostate, and seminal vesicles. As its name suggests, the receptor is activated by both luteinizing hormone (LH) and chorionic gonadotropins (e.g. hCG) and plays an important role in the regulation of reproduction. In the ovaries, activation of LHCGR by follicle-stimulating hormone (FSH) leads to follicular maturation and ovulation. In the testis, LHCGR activation is essential for testosterone production and spermatogenesis. The LHCGR receptor activates G(s) proteins which leads to the activation of adenylyl cyclase and produces the secondary messenger cAMP. cAMP then activates protein kinase A (PKA) which phosphorylates downstream effectors that lead to a specific cellular response. Specifically, LHCGR upregulates the mitochondrial enzyme P450scc (cholesterol side-chain cleavage enzyme) which increases the production of steroid hormones such as testosterone and estrogen. (less)",
    "chem_link": [
        "HMDB0000464",
        "HMDB0000015",
        "HMDB0001394",
        "HMDB0004198"
    ],
    "prot_link": [
        "P01008",
        "P00740",
        "P12259",
        "P08709",
        "P00451",
        "P00742",
        "P03951",
        "P00748",
        "P00488",
        "P05160",
        "P02452",
        "P02671",
        "P02675",
        "P02679",
        "P03952",
        "P00747",
        "P00734",
        "P13726",
        "P00750",
        "Q9BQB6",
        "P38435"
    ]
}