{
    "smpdb": "SMP0000214",
    "name": "S-Adenosylhomocysteine (SAH) Hydrolase Deficiency",
    "class": "Disease",
    "description": "Myoadenylate deaminase deficiency, also called adenosine monophosphate (AMP) deaminase deficiency, is an common autosomal recessive disorder caused by a defective AMP deaminase 1. AMP deaminase 1 catalyzes the conversion of inosinic acid into adenosine monophosphate or other way around. Symptoms of the disorder is not common but could include fatigue, myalgia (i.e. muscle pain) and cramps after exercise. Treatment with methotrexate is very effective. It is estimated that  affects 1 in 50 to 100 people in white population and affecting African American 1 in 40,000 people.  (less)",
    "chem_link": [
        "P08195",
        "P37088",
        "P51168",
        "P51172",
        "P51170",
        "P29972",
        "P41181",
        "Q92482",
        "P48048",
        "B7ZKV8",
        "P82251",
        "P51800",
        "P43005",
        "Q01650",
        "Q9UHI5",
        "P08235",
        "Q07837",
        "Q9NP91",
        "Q969I6",
        "P05023",
        "P50993",
        "P13637",
        "Q13733",
        "P05026",
        "P14415",
        "P54709",
        "P54710",
        "Q13621",
        "P55017",
        "Q9UHW9",
        "O15244",
        "Q4U2R8",
        "Q15849",
        "Q9UM01",
        "Q92536"
    ],
    "prot_link": [
        "HMDB0000037",
        "HMDB0015024",
        "HMDB0000492",
        "HMDB0000595",
        "HMDB0000574",
        "HMDB0000586",
        "HMDB0000588",
        "HMDB0000294",
        "HMDB0002111"
    ]
}