{
    "smpdb": "SMP0000475",
    "name": "Panitumumab Action Pathway",
    "class": "Drug Action",
    "description": "Levallorphan (also known as Lorfan and Naloxifan) is a type of medication that can be used for treating drug overdoses and respirotry depression. Levallorphan can bind to mu-type opioid receptor and kappa-type opioid receptor on neuron of central nerves system (CNS). Effects of opioids such as respiratory depression, hypotension and sedation can be prevented or reversed by levallorphan. Levallorphan can also be used for treating pentazocine which is a type of psychotomimetic and dysphoric effects of agonist-antagonists. (less)",
    "chem_link": [],
    "prot_link": []
}