{
    "smpdb": "SMP0000529",
    "name": "D-Glyceric Acidura",
    "class": "Disease",
    "description": "Apparent mineralocorticoid excess (AME), also known as cortisol 11-beta-ketoreductase deficiency, is an extremely rare inborn error of metabolism (IEM) and autosomal recessive disorder of the steroidogenesis pathway. It is caused by a mutation in the HSD11B2 gene which encodes for corticosteroid 11-beta-dehydrogenase isozyme 2, and enzyme that converts cortisol to cortisone in the cell. Without this enzyme being functional, an accumulation of tetrahydrocortisol builds up, while tetrahydrocortisone levels dissipate. AME is characterized excessive thirst and urination, and along with this, symptoms include low levels of aldosterone, failure to thrive and hypertension. Treatment with corticoids that suppress the secretion of cortisol within the body can affect blood pressure and aldosterone levels. Antihypertensive agents are also effective. It is estimated that AME affects less than 1 in 1,000,000 individuals, with less than 100 reported cases as of 2019. (less)",
    "chem_link": [
        "P08195",
        "P37088",
        "P51168",
        "P51172",
        "P51170",
        "P29972",
        "P41181",
        "Q92482",
        "P48048",
        "B7ZKV8",
        "P82251",
        "P51800",
        "P43005",
        "Q01650",
        "Q9UHI5",
        "P08235",
        "Q07837",
        "Q9NP91",
        "Q969I6",
        "P05023",
        "P50993",
        "P13637",
        "Q13733",
        "P05026",
        "P14415",
        "P54709",
        "P54710",
        "Q13621",
        "P55017",
        "Q9UHW9",
        "O15244",
        "Q4U2R8",
        "Q15849",
        "Q9UM01",
        "Q92536"
    ],
    "prot_link": [
        "HMDB0000037",
        "HMDB0000492",
        "HMDB0000595",
        "HMDB0000574",
        "HMDB0000586",
        "HMDB0000588",
        "HMDB0015156",
        "HMDB0000294",
        "HMDB0002111"
    ]
}