{
    "smpdb": "SMP0000072",
    "name": "Glutamate Metabolism",
    "class": "Metabolic",
    "description": "Glutamate is one of the non-essential amino acids that is produced by the body. Glutamate is precursor for many nucleic acids and proteins in addition to its role in the central nervous system. It is an excitatory neurotransmitter and has a role in neuronal plasticity, affecting memory and learning.  Glutamate plays a role in numerous metabolic pathways. Dysfunctional glutamate metabolism may cause disorders such as: gyrate atrophy, hyperammonemia, \u03b3-hydoxybutyric aciduria, hemolytic anemia, and 5-oxoprolinuria.  (less)",
    "chem_link": [
        "HMDB0002123",
        "HMDB0011103",
        "HMDB0003099",
        "HMDB0010738",
        "HMDB0061344",
        "HMDB0001982",
        "HMDB0004400",
        "HMDB0011105",
        "HMDB0011107",
        "HMDB0001991",
        "HMDB0001206",
        "HMDB0001847",
        "HMDB0001423",
        "HMDB0001248",
        "HMDB0001426",
        "HMDB0003178",
        "HMDB0003125",
        "HMDB0002206",
        "HMDB0000902",
        "HMDB0001487",
        "HMDB0001377",
        "HMDB0001860",
        "HMDB0002825",
        "HMDB0001889",
        "HMDB0002111"
    ],
    "prot_link": [
        "A4Z6T9",
        "P05177",
        "P11509",
        "P10632",
        "P11712",
        "P05181",
        "P08684",
        "P47989"
    ]
}