{
    "smpdb": "SMP0000223",
    "name": "Non-Ketotic Hyperglycinemia",
    "class": "Disease",
    "description": "Imatinib is a tyrosine kinase inhibitor used to treat cancers such as chronic myelogenous leukemia (CML), a cancer characterized by increased and unregulated growth of white blood cells in the bone marrow and the accumulation of these cells in the blood. The cause of CML pathophysiology is the BCR-ABL fusion protein - the result of a genetic abnormality known as the Philadelphia chromosome in which Abelson Murine Leukemia viral oncogene homolog 1 (ABL1) translocates within the Breakpoint Cluster Region (BCR) gene on chromosome 22. BCR-ABL is a cytoplasm-targeted constitutively active tyrosine kinase that activates several oncogenic pathways which promote increased cell proliferation and survival including the MAPK/ERK Pathway, the JAK-STAT Pathway, and the PI3K/Akt pathway. Imatinib inhibits BCR-ABL activity by binding a highly conserved ATP binding site to effectively lock the tyrosine kinase in an inactive conformation. As a result, phosphate is unable to be transferred from ATP to activate oncogenic signalling cascades. For greater detail, refer to the pathway titled BCR-ABL Action in CML Pathogenesis. Imatinib resistance in the form of BCR-ABL mutations (e.g. T315I) is an ongoing challenge. Next generation inhibitors have been developed to combat this resistance, but further research is necessary. (less)",
    "chem_link": [
        "Q9NQ66",
        "Q08828",
        "P62873",
        "P59768",
        "Q14643",
        "Q9HBW0",
        "P31749",
        "Q13464",
        "P11831"
    ],
    "prot_link": [
        "HMDB0000045",
        "HMDB0000538",
        "HMDB0000696"
    ]
}