{
    "smpdb": "SMP0000523",
    "name": "Isobutyryl-CoA Dehydrogenase Deficiency",
    "class": "Disease",
    "description": "Glycogenosis, Type IA, also called Von Gierke Disease, is a rare inborn error of metabolism (IEM) and autosomal recessive disorder and caused by a defective glucose-6-phosphatase. Glucose-6-phosphatase catalyzes the conversion of glucose 6-phosphate into D-glucose and conversion of D-glucose to glucose 6-phosphate. Symptoms of the disorder include hypoglycemic seizures, lactic acidosis, hyperuricemia, etc. Treatment with diet management is very effective. (less)",
    "chem_link": [
        "P24298",
        "P05089",
        "P04424",
        "P00966",
        "P00505",
        "O75746",
        "P31327",
        "P00367",
        "Q9UI32",
        "Q9Y619",
        "P43007",
        "Q15758",
        "P00480"
    ],
    "prot_link": [
        "HMDB0000807",
        "HMDB0001341",
        "HMDB0000538",
        "HMDB0003403",
        "HMDB0000464",
        "HMDB0000492",
        "HMDB0000660",
        "HMDB0000127",
        "HMDB0000163",
        "HMDB0006857",
        "HMDB0001586",
        "HMDB0001401",
        "HMDB0001270",
        "HMDB0000757",
        "HMDB0002091",
        "HMDB0000547",
        "HMDB0000902",
        "HMDB0001487",
        "HMDB0001429",
        "HMDB0001491",
        "HMDB0000250",
        "HMDB0000258",
        "HMDB0000295",
        "HMDB0000286",
        "HMDB0000935",
        "HMDB0000285",
        "HMDB0002111",
        "HMDB0003345",
        "HMDB0003514",
        "HMDB0003971"
    ]
}