{
    "smpdb": "SMP0000345",
    "name": "Congenital Erythropoietic Porphyria (CEP) or Gunther Disease",
    "class": "Disease",
    "description": "Medium-chain acyl-CoA dehydrogenase deficiency, which is also known as MCADD, is a rare inherited inborn error of metabolism (IEM) medium-chain fatty acid metabolism. The estimated birth prevalence of MCADD is between 1 in 4 900 to 1 in 27 000 in Caucasian populations and is highest in Northern European individuals. Worldwide birth prevalence is 1 in 14 600. MCADD is an autosomal recessive disorder associated with a mutation in the enzyme medium-chain acyl-CoA dehydrogenase (MCAD). MCAD is an enzyme that catalyzes the initial step in each cycle of medium-chain fatty acid beta-oxidation in the mitochondria of cells. MCAD\u2019s action results in the introduction of a trans-double-bond between C2 and C3 of the acyl-CoA thioester substrate. Defects in MCAD leads to the accumulation of medium-chain fatty acids in the blood, lowering the blood's pH and causing acidosis. Likewise, individuals with MCADD have difficulty metabolizing fats. As a result, MCADD is characterized by intolerance to prolonged fasting, recurrent episodes of hypoglycemic coma with medium-chain aciduria, impaired ketogenesis, and low plasma and tissue carnitine levels. Intolerance to fasting and hypoglycemia result from the inability to gain energy and make sugar from fat stores, which is how most excess energy from food is stored. It is rare for the signs and symptoms of MCADD to first appear during adulthood. Typically, they manifest during infancy or early childhood and can include lethargy, hypoglycemia, and vomiting. MCAD-deficient individuals are at risk for breathing difficulties, liver problems, seizures, brain damage, coma, and sudden death. Fasting or illnesses (e.g. viral infections) can trigger related problems. Infants and young children with MCADD need to eat frequently to prevent hypoglycemia or a metabolic crisis. MCADD is occasionally mistaken for Reye syndrome, a severe disorder that may manifest in children during apparent recovery from viral infections such as flu or chickenpox. The majority of Reye syndrome cases are associated with aspirin use during these viral infections. (less)",
    "chem_link": [
        "HMDB0000895",
        "HMDB0061275",
        "HMDB0001341",
        "HMDB0000538",
        "HMDB0001967",
        "HMDB0000492",
        "HMDB0000870",
        "HMDB0001362",
        "HMDB0000595",
        "HMDB0059597",
        "HMDB0001913",
        "HMDB0001429",
        "HMDB0000586",
        "HMDB0002111",
        "HMDB0001303"
    ],
    "prot_link": [
        "P00915",
        "O15247",
        "P01350",
        "P32239",
        "P25021",
        "P20309",
        "Q9Y6J6",
        "P51787",
        "P20648",
        "P51164",
        "P61278",
        "P30874"
    ]
}