{
    "smpdb": "SMP0000478",
    "name": "Nucleotide Excision Repair",
    "class": "Metabolic",
    "description": "In order to pass genetic information from one generation to the next, all organisms must accurately replicate their genomes during each cell division. This includes the nuclear genome and mitochondrial and chloroplast genomes. These are normally replicated with high fidelity that is achieved through the action of accurate DNA repair. Nucleotide Excision Repair is one os several mechanisms of DNA repair.  Nucleotide excision repair (NER) operates on base damage caused by exogenous agents (such as mutagenic and carcinogenic chemicals and photoproducts generated by sunlight exposure) that cause alterations in the chemistry and structure of the DNA duplex . Such damage is recognized by a protein called XPC, which is stably bound to another protein called HHRAD23B (R23). The binding of the XPC\u2013HHRAD23 heterodimeric subcomplex is followed by the binding of several other proteins (XPA, RPA, TFIIH and XPG). Of these, XPA and RPA are believed to facilitate specific recognition of base damage. TFIIH is a subcomplex of the RNA polymerase II transcription initiation machinery which also operates during NER. It consists of six subunits and contains two DNA helicase activities (XPB and XPD) that unwind the DNA duplex in the immediate vicinity of the base damage. This local denaturation generates a bubble in the DNA, the ends of which comprise junctions between duplex and single-stranded DNA. The subsequent binding of the ERCC1\u2013XPF heterodimeric subcomplex generates a completely assembled NER multiprotein complex. XPG is a duplex/single-stranded DNA endonuclease that cuts the damaged strand at such junctions 3\u2019 to the site of base damage. Conversely, the ERCC1\u2013XPF heterodimeric protein is a duplex/single-stranded DNA endonuclease that cuts the damaged strand at such junctions 5\u2019 to the site of base damage. This bimodal incision generates an oligonucleotide fragment 27\u201330 nucleotides in length which includes the damaged base. This fragment is excised from the genome, concomitant with restoring the potential 27\u201330 nucleotide gap by repair synthesis. Repair synthesis requires DNA polymerases or , as well as the accessory replication proteins PCNA, RPA and RFC. The covalent integrity of the damaged strand is then restored by DNA ligase. Collectively, these biochemical events return the damaged DNA to its native chemistry and configuration. ERCC1, excision repair cross-complementing 1; PCNA, proliferating cell nuclear antigen; POL, polymerase; RFC, replication factor C; RPA, replication protein A; TFIIH, transcription factor IIH; XP, xeroderma pigmentosum. (less)",
    "chem_link": [
        "Q9NQ66",
        "Q96PN6",
        "Q09428",
        "Q8N5S9",
        "P43220",
        "P50148",
        "P62873",
        "P59768",
        "Q14573",
        "P20309",
        "P17252",
        "Q8WZA2",
        "P20336",
        "Q9UQ26",
        "P11168",
        "P63027",
        "Q9NY47",
        "Q02641",
        "O00555"
    ],
    "prot_link": [
        "HMDB0001423",
        "HMDB0001473",
        "HMDB0000126",
        "HMDB0059597",
        "HMDB0000547",
        "HMDB0000902",
        "HMDB0001487",
        "HMDB0001429",
        "HMDB0002111"
    ]
}