{
    "smpdb": "SMP0000266",
    "name": "Eptifibatide Action Pathway",
    "class": "Drug Action",
    "description": "Pindolol (also known as Visken) a beta blocker (non-selective) that block beta-1 adrenergic receptor in heart. Blocking beta-1 adrenergic receptor could prevent the binding of epinephrine and norepinephrine, which could efficiently reduce blood pressure and heart rate. In the juxtaglomerular apparatus, pindolol can also bind to beta-2 receptors to prevent the production and release of renin (also known as angiotensinogenase). Without renin, angiotensin II and aldosterone could not be produced, which ultimately prevent water retention and vasoconstriction. (less)",
    "chem_link": [
        "HMDB0000045",
        "HMDB0000538",
        "HMDB0000182"
    ],
    "prot_link": [
        "P46783",
        "P62280",
        "P25398",
        "P62277",
        "P62263",
        "P62841",
        "P62244",
        "P62249",
        "P08708",
        "P62269",
        "P39019",
        "P15880",
        "P60866",
        "P63220",
        "P62266",
        "P62847",
        "P62851",
        "P62854",
        "P42677",
        "P62857",
        "P62273",
        "P23396",
        "P62861",
        "P61247",
        "P62701",
        "P46782",
        "P62753",
        "P62081",
        "P62241",
        "P46781",
        "P08865",
        "P05388",
        "P05386",
        "P05387",
        "P27635",
        "P62906",
        "P62913",
        "P30050",
        "P26373",
        "P40429",
        "P50914",
        "P61313",
        "P18621",
        "Q07020",
        "Q02543",
        "P84098",
        "P46778",
        "P35268",
        "P62829",
        "P62750",
        "P83731",
        "P61254",
        "P61353",
        "P46776",
        "P46779",
        "P47914",
        "P39023",
        "P62888",
        "P62899",
        "P62910",
        "P49207",
        "P42766",
        "P18077",
        "Q9Y3U8",
        "P83881",
        "P61927",
        "P61513",
        "P63173",
        "P62891",
        "P36578",
        "P62945",
        "P46777",
        "Q02878",
        "P18124",
        "P62424",
        "P62917",
        "P32969",
        "Q15046",
        "P63244",
        "P62987"
    ]
}