{
    "smpdb": "SMP0000018",
    "name": "Alpha Linolenic Acid and Linoleic Acid Metabolism",
    "class": "Metabolic",
    "description": "Linoleic acid (LNA) is a polyunsaturated fatty acid (PUFA) precursor to the longer n\u22126 fatty acids commonly known as omega-6 fatty acids. Omega-6 fatty acids are characterized by a carbon-carbon double bond at the sixth carbon from the methyl group. Similarly, the PUFA alpha-linoleic acid (ALA) is the precursor to n-3 fatty acids known as omega-3 fatty acids which is characterized by a carbon-carbon double bond at the third carbon from the methyl group. \nBoth LNA and ALA are essential dietary requirements for all mammals since they cannot be synthesized natively in the body. Both undergo a series of similar conversions to reach their final fatty acid form. LNA enters the cell and is catalyzed to gamma-linolenic acid (GLA) by acyl-CoA 6-desaturase (delta-6-desaturase/fatty acid desaturase 2). GLA is then converted to dihomo-gammalinolenic acid (DGLA) by elongation of very long chain fatty acids protein 5 (ELOVL5). DGLA is then converted to arachidonic acid (AA) by acyl-CoA (8-3)-desaturase (delta-5-desaturase/fatty acid desaturase 1). Arachidonic acid is then converted to a series of short lived metabolites called eicosanoids before finally reaching it's final fatty acid form. \n (less)",
    "chem_link": [
        "HMDB0001117",
        "HMDB0001341",
        "HMDB0000045",
        "HMDB0000538",
        "HMDB0000464",
        "HMDB0001967",
        "HMDB0001423",
        "HMDB0002991",
        "HMDB0000095",
        "HMDB0000082",
        "HMDB0001016",
        "HMDB0006834",
        "HMDB0001373",
        "HMDB0001520",
        "HMDB0000574",
        "HMDB0003426",
        "HMDB0001416",
        "HMDB0000210",
        "HMDB0004231",
        "HMDB0000250",
        "HMDB0002111"
    ],
    "prot_link": [
        "Q13057",
        "P22413",
        "O95497",
        "Q8TE04",
        "Q9HAB8",
        "Q96CD2"
    ]
}