{
    "smpdb": "SMP0000377",
    "name": "Felodipine Action Pathway",
    "class": "Drug Action",
    "description": "Cardiolipin (CL) is an important component of the inner mitochondrial membrane where it constitutes about 20% of the total lipid composition. It is essential for the optimal function of numerous enzymes that are involved in mitochondrial energy metabolism.  Cardiolipin biosynthesis occurs mainly in the mitochondria, but there also exists an alternative synthesis route for CDP-diacylglycerol that takes place in the endoplasmic reticulum. This second route may supplement this pathway. All membrane-localized enzymes are coloured dark green in the image. First, dihydroxyacetone phosphate (or glycerone phosphate) from glycolysis is used by the cytosolic enzyme glycerol-3-phosphate dehydrogenase [NAD(+)] to synthesize sn-glycerol 3-phosphate. Second, the mitochondrial outer membrane enzyme glycerol-3-phosphate acyltransferase esterifies an acyl-group to the sn-1 position of sn-glycerol 3-phosphate to form 1-acyl-sn-glycerol 3-phosphate (lysophosphatidic acid or LPA). Third, the enzyme 1-acyl-sn-glycerol-3-phosphate acyltransferase converts LPA into phosphatidic acid (PA or 1,2-diacyl-sn-glycerol 3-phosphate) by esterifying an acyl-group to the sn-2 position of the glycerol backbone. PA is then transferred to the inner mitochondrial membrane to continue cardiolipin synthesis. Fourth, magnesium-dependent phosphatidate cytidylyltransferase catalyzes the conversion of PA into CDP-diacylglycerol. Fifth, CDP-diacylglycerol--glycerol-3-phosphate 3-phosphatidyltransferase synthesizes phosphatidylglycerophosphate (PGP). Sixth, phosphatidylglycerophosphatase and protein-tyrosine phosphatase dephosphorylates PGP to form phosphatidylglycerol (PG). Last, cardiolipin synthase catalyzes the synthesis of cardiolipin by transferring a phosphatidyl group from a second CDP-diacylglycerol to PG. It requires a divalent metal cation cofactor. Newly synthesized cardiolipins undergo remodeling, a process carried out by the enzyme tafazzin. A mutated tafazzin gene disrupts this post-synthetic remodeling and causes Barth syndrome (BTHS), an X-linked human disease (PMID: 16973164). BTHS patients seem to lack acyl specificity and consequently, many potential cardiolipin species can exist (PMID: 16226238). (less)",
    "chem_link": [
        "P23526",
        "Q93088",
        "Q8NE62",
        "P35520",
        "P32929",
        "Q14749",
        "Q96RQ9",
        "Q9NZL9",
        "Q99707",
        "P56192",
        "Q9Y3D2",
        "Q8IXL7",
        "Q96DP5",
        "P42898",
        "P17707",
        "P31153",
        "Q13126",
        "P34896",
        "P19623"
    ],
    "prot_link": [
        "Q16880",
        "Q06136",
        "Q8TDN7",
        "Q9NUN7",
        "P06280",
        "P15289",
        "Q9UBX8",
        "P16278",
        "Q16739",
        "Q8TCT0",
        "Q6UWV6",
        "P54803",
        "Q99999",
        "P04062",
        "O14494",
        "Q86VZ5",
        "O15269",
        "O15270",
        "Q9UQ49",
        "Q6QHC5",
        "Q9NRA0",
        "O95470",
        "Q8IWX5"
    ]
}