{
    "smpdb": "SMP0000032",
    "name": "Valine, Leucine, and Isoleucine Degradation",
    "class": "Metabolic",
    "description": "Valine, isoleuciine, and leucine are essential amino acids and are identified as the branched-chain amino acids (BCAAs).  The catabolism of all three amino acids starts in muscle and yields NADH and FADH2 which can be utilized for ATP generation.  The catabolism of all three of these amino acids uses the same enzymes in the first two steps.  The first step in each case is a transamination using a single BCAA aminotransferase, with \u03b1-ketoglutarate as the amine acceptor.  As a result, three different \u03b1-keto acids are produced and are oxidized using a common branched-chain \u03b1-keto acid dehydrogenase (BCKD), yielding the three different CoA derivatives.  Isovaleryl-CoA is produced from leucine by these two reactions, alpha-methylbutyryl-CoA from isoleucine, and isobutyryl-CoA from valine.  These acyl-CoA\u2019s undergo dehydrogenation, catalyzed by three different but related enzymes, and the breakdown pathways then diverge.  Leucine is ultimately converted into acetyl-CoA and acetoacetate; isoleucine into acetyl-CoA and succinyl-CoA; and valine into propionyl-CoA (and subsequently succinyl-CoA).  Under fasting conditions, substantial amounts of all three amino acids are generated by protein breakdown.  In muscle, the final products of leucine, isoleucine, and valine catabolism can be fully oxidized via the citric acid cycle; in the liver, they can be directed toward the synthesis of ketone bodies (acetoacetate and acetyl-CoA) and glucose (succinyl-CoA).  Because isoleucine catabolism terminates with the production of acetyl-CoA and propionyl-CoA, it is both glucogenic and ketogenic.  Because leucine gives rise to acetyl-CoA and acetoacetyl-CoA, it is classified as strictly ketogenic.  (less)",
    "chem_link": [
        "HMDB0001341",
        "HMDB0000538",
        "HMDB0000660",
        "HMDB0001047",
        "HMDB0001112",
        "HMDB0000169",
        "HMDB0006330",
        "HMDB0001473",
        "HMDB0001058",
        "HMDB0001076",
        "HMDB0000124",
        "HMDB0001265",
        "HMDB0001346",
        "HMDB0001095",
        "HMDB0001051",
        "HMDB0001163",
        "HMDB0001273",
        "HMDB0000174",
        "HMDB0000547",
        "HMDB0001078",
        "HMDB0000902",
        "HMDB0001487",
        "HMDB0000217",
        "HMDB0000221",
        "HMDB0001429",
        "HMDB0002142",
        "HMDB0000250",
        "HMDB0000247",
        "HMDB0002111",
        "HMDB0001303",
        "HMDB0003345",
        "HMDB0006800"
    ],
    "prot_link": [
        "Q9NRX4",
        "P16118",
        "P17858",
        "P15121",
        "P09467",
        "P04075",
        "P05062",
        "O14772",
        "Q13630",
        "O60547",
        "P19367",
        "P50053",
        "Q8N0W3",
        "Q9Y5P6",
        "P34949",
        "Q92871",
        "Q00796",
        "P60174"
    ]
}