{
    "smpdb": "SMP0000429",
    "name": "Disulfiram Action Pathway",
    "class": "Drug Action",
    "description": "Mevalonic aciduria, also called MVA, is an extremely rare inherited inborn error of metabolism (IEM) and an autosomal recessive disorder caused by a defective mevalonate kinase gene.  It is manifested by high levels of mevalonic acid in the urine and other body fluids. Approximately 30 patients with mevalonic aciduria (MVA) have been reported worldwide. MVA is classified as a disorder of branched-chain organic acid metabolism because the substrate for the reaction with mevalonate kinase, HMG-CoA, is a product of leucine catabolism.  Mevalonate kinase is an enzyme that plays a critical role in the synthesis of cholesterol, ubiquinone for the electron transport chain, and dolichol for the synthesis of the oligosaccharides for glycoproteins. MVA is also considered a disorder of cholesterol metabolism and isoprenoid biosynthesis. Affected individuals have short stature, psychomotor retardation, progressive cerebellar ataxia, febrile crises, hepatosplenomegaly, lymphadenopathy, arthralgia, and skin rashes.  Individuals also exhibit dysmorphic features and progressive visual impairment. Life expectancy with individuals with MVA is relatively short and death may occur from infancy to late childhood. MVA is one of two types of mevalonate kinase deficiency. MVA is the most severe type while the less severe type is called hyperimmunoglobulinemia D syndrome (HIDS). (less)",
    "chem_link": [
        "HMDB0003540",
        "HMDB0003911",
        "HMDB0001533",
        "HMDB0001227",
        "HMDB0001341",
        "HMDB0000538",
        "HMDB0000051",
        "HMDB0000464",
        "HMDB0001096",
        "HMDB0001967",
        "HMDB0001546",
        "HMDB0000089",
        "HMDB0000095",
        "HMDB0000082",
        "HMDB0001245",
        "HMDB0001202",
        "HMDB0000998",
        "HMDB0000014",
        "HMDB0001351",
        "HMDB0000012",
        "HMDB0001191",
        "HMDB0001056",
        "HMDB0000079",
        "HMDB0000076",
        "HMDB0001274",
        "HMDB0001000",
        "HMDB0001409",
        "HMDB0001248",
        "HMDB0000692",
        "HMDB0001520",
        "HMDB0000595",
        "HMDB0003349",
        "HMDB0000641",
        "HMDB0000547",
        "HMDB0000217",
        "HMDB0000221",
        "HMDB0000226",
        "HMDB0000218",
        "HMDB0001429",
        "HMDB0000280",
        "HMDB0002142",
        "HMDB0000250",
        "HMDB0003364",
        "HMDB0001489",
        "HMDB0000273",
        "HMDB0001342",
        "HMDB0000262",
        "HMDB0000300",
        "HMDB0002031",
        "HMDB0000026",
        "HMDB0000828",
        "HMDB0000296",
        "HMDB0000295",
        "HMDB0000288",
        "HMDB0000285",
        "HMDB0002111",
        "HMDB0015532",
        "HMDB0001303",
        "HMDB0000056"
    ],
    "prot_link": [
        "Q9UBR1",
        "P27708",
        "P17812",
        "P32320",
        "P49902",
        "P32321",
        "P33316",
        "Q02127",
        "Q14117",
        "Q12882",
        "Q9UIJ7",
        "Q9Y2T3",
        "Q9BY32",
        "O75414",
        "P31350",
        "Q7LG56",
        "Q8WVQ1",
        "P04183",
        "P19971",
        "P04818",
        "Q5EBM0",
        "A8K5J1",
        "O95045",
        "Q9NWZ5"
    ]
}