{
    "smpdb": "SMP0000402",
    "name": "Procaine Action Pathway",
    "class": "Drug Action",
    "description": "Ropivacaine exerts its local anaesthetic effect by blocking voltage-gated sodium channels in peripheral neurons. Ropivacaine diffuses across the neuronal plasma membrane in its uncharged base form. Once inside the cytoplasm, it is protonated and this protonated form enters and blocks the pore of the voltage-gated sodium channel from the cytoplasmic side. For this to happen, the sodium channel must first become active so that so that gating mechanism is in the open state. Therefore ropivacaine preferentially inhibits neurons that are actively firing.  (less)",
    "chem_link": [],
    "prot_link": []
}