{
    "smpdb": "SMP0000111",
    "name": "Cerivastatin Action Pathway",
    "class": "Drug Action",
    "description": "Porphyria variegata (PV) is a rare inborn error of metabolism (IEM) which arises from a defective gene called PPOX. PPOX is responsible for protoporphyrinogen oxidase. A defect in this enzyme results in the build up of several compounds, including porphobilinogen, 5-aminolevulinic acid, and in feces and urine, porphyrin and coproporphyrin. Of the wide range of symptoms which present themselves in affected individuals, some include abdominal pain, vomiting, and diarrhea. As well as seizures, hallucinations and skin sensitivity to light. Indeed, the skin sensitivity can be so extreme that skin pigmentation changes, scarring and blistering and even hair growth can ensue on exposed areas. (less)",
    "chem_link": [
        "O75600",
        "P13196",
        "P05091",
        "P21397",
        "P48728",
        "Q93088",
        "P35520",
        "P32929",
        "O43175",
        "P09622",
        "Q9UI17",
        "Q8IVS8",
        "P50440",
        "P23378",
        "Q14749",
        "P41250",
        "Q14353",
        "P20132",
        "Q9Y617",
        "P78330",
        "Q9UL12",
        "P34896",
        "P34897",
        "Q9GZT4",
        "P21549",
        "P49591"
    ],
    "prot_link": [
        "HMDB0000895",
        "HMDB0061273",
        "HMDB0001341",
        "HMDB0000538",
        "HMDB0001967",
        "HMDB0000492",
        "HMDB0014874",
        "HMDB0000870",
        "HMDB0000595",
        "HMDB0059597",
        "HMDB0001429",
        "HMDB0000586",
        "HMDB0002111",
        "HMDB0001303"
    ]
}