{
    "smpdb": "SMP0000095",
    "name": "Alendronate Action Pathway",
    "class": "Drug Action",
    "description": "Cerivastatin inhibits cholesterol synthesis via the mevalonate pathway by inhibiting 3-hydroxy-3-methylglutaryl-coenzyme A (HMG-CoA) reductase. HMG-CoA reductase is the enzyme responsible for the conversion of HMG-CoA to mevalonic acid, the rate-limiting step of cholesterol synthesis by this pathway. Cerivastatin bears a chemical resemblance to the reduced HMG-CoA reaction intermediate that is formed during catalysis. Cerivastatin, like fluvastatin, atorvastatin and rosuvastatin, is one of the synthetically derived statins. Cholesterol biosynthesis accounts for approximately 80% of cholesterol in the body; thus, inhibiting this process can significantly lower cholesterol levels.  (less)",
    "chem_link": [
        "O75600",
        "P13196",
        "P05091",
        "P21397",
        "P48728",
        "Q93088",
        "P35520",
        "P32929",
        "O43175",
        "P09622",
        "Q9UI17",
        "Q8IVS8",
        "P50440",
        "P23378",
        "Q14749",
        "P41250",
        "Q14353",
        "P20132",
        "Q9Y617",
        "P78330",
        "Q9UL12",
        "P34896",
        "P34897",
        "Q9GZT4",
        "P21549",
        "P49591"
    ],
    "prot_link": [
        "HMDB0001341",
        "HMDB0000538",
        "HMDB0000051",
        "HMDB0061204",
        "HMDB0012943",
        "HMDB0014584",
        "HMDB0060639",
        "HMDB0061262",
        "HMDB0060638",
        "HMDB0000547",
        "HMDB0002111",
        "HMDB0015532"
    ]
}