{
    "smpdb": "SMP0000449",
    "name": "Ethanol Degradation",
    "class": "Metabolic",
    "description": "Ethanol metabolism in humans occurs mainly in the liver, though degradation has also been shown in gastric, pancreatic, and lung tissue. Ethanol degradation occurs via four pathways, three of which are oxidative pathways and are depicted here. The fourth is a nonoxidative pathway which is less well studied but known to produce fatty acid ethyl esters. Each of the three oxidative pathways is differentiated by the mechanism utilized to oxidize ethanol to acetaldehyde in the first step. In the alcohol dehydrogenase mediated ethanol degradation pathway (I), cytoplasmic alcohol dehydrogenase produces the acetaldehyde from the ethanol. In the MEOS mediated ethanol degradation pathway (II), the ethanol enters the endoplasmic reticulum, where the Microsomal Ethanol Oxidising System (MEOS), also know as also known as cytochrome P-450 2E1, does the oxidizing and returns the acetaldehyde to the cytoplasm. In the catalase mediated ethanol degradation pathway (III), the oxidation occurs in the peroxisome via peroxisomal catalase, with the resulting acetaldehyde being released to the cytoplasm. In each of the three oxidative pathways the cytosolic acetaldehyde then enters the mitochondrial compartment, where it is converted to acetate by mitochondrial aldehyde dehydrogenase. The acetate leaves the mitochondria and moves to extra-hepatic tissues for further metabolism. In extra-hepatic cells the acetate is converted to acetyl-CoA via either cytoplasmic or mitochondrial acetyl-CoA synthetase. The alcohol dehydrogenase mediated ethanol degradation pathway (I) is the predominant mechanism of catabolism under conditions of acute alcohol consumption. However, under conditions of chronic ethanol consumption the MEOS mediated ethanol degradation pathway (II) and nonoxidative pathway are induced to assist with ethanol degradation. (less)",
    "chem_link": [
        "B7ZKV8",
        "P09848",
        "P13866",
        "P05023",
        "P50993",
        "P13637",
        "Q13733",
        "P05026",
        "P14415",
        "P54709",
        "P54710",
        "P11168"
    ],
    "prot_link": [
        "HMDB0003948",
        "HMDB0003712",
        "HMDB0003949",
        "HMDB0003938",
        "HMDB0003936",
        "HMDB0003940",
        "HMDB0003939",
        "HMDB0003937",
        "HMDB0003941",
        "HMDB0001206",
        "HMDB0000045",
        "HMDB0000538",
        "HMDB0001423",
        "HMDB0006404",
        "HMDB0000638",
        "HMDB0001248",
        "HMDB0002845",
        "HMDB0059597",
        "HMDB0003571",
        "HMDB0000547",
        "HMDB0000902",
        "HMDB0001487",
        "HMDB0001070",
        "HMDB0000250",
        "HMDB0002111"
    ]
}