{
    "smpdb": "SMP0000445",
    "name": "Spermidine and Spermine Biosynthesis",
    "class": "Metabolic",
    "description": "The Spermidine and Spermine Biosynthesis pathway highlights the creation of these cruicial polyamines. Spermidine and spermine are produced in many tissues, as they are involved in the regulation of genetic processes from DNA synthesis to cell migration, proliferation, differentiation and apoptosis. These positiviely charged amines interact with negatively charged phosphates in nucleic acids to exert their regulatory effects on cellular processes. Spermidine originates from the action of spermidine synthase, which converts the methionine derivative S-adenosylmethionine and the ornithine derivative putrescine into spermidine 5'-methylthioadenosine. Spermidine is subsequently processed into spermine by spermine synthase in the presence of the aminopropyl donor, S-adenosylmethioninamine. (less)",
    "chem_link": [
        "HMDB0001341",
        "HMDB0000538",
        "HMDB0000464",
        "HMDB0000073",
        "HMDB0000216",
        "HMDB0001429",
        "HMDB0000586",
        "HMDB0000259",
        "HMDB0000588",
        "HMDB0002111"
    ],
    "prot_link": [
        "P08908",
        "P35348",
        "B7ZKV8",
        "P01203",
        "P21728",
        "Q8TCU5",
        "Q12879",
        "Q05586",
        "Q9NS61",
        "P35372",
        "P16519",
        "P43681",
        "P17787",
        "Q9NZV8",
        "P01189",
        "Q9Y5Y9",
        "Q07699",
        "Q01959",
        "P23975",
        "P31645",
        "P05023",
        "P50993",
        "P13637",
        "Q13733",
        "P05026",
        "P14415",
        "P54709",
        "P54710",
        "Q9NY47",
        "Q02641",
        "O00555"
    ]
}