{
    "smpdb": "SMP0000091",
    "name": "Quinethazone Action Pathway (old)",
    "class": "Drug Action",
    "description": "Teniposide is a type of chemotherapy drug, derived from the epipodophyllotoxin form the American Mayapple plant. Teniposide is related to etoposide, another anti-cancer drug. It works in a similar way, inhibiting topoisomerase II. This causes single- and double-stranded DNA breaks. These breaks cause cell growth to stop and prevents cancer cells from entering mitosis. It is administered through an intravenous infusion. It is used to treat many cancers such as lymphoma, leukemia (acute lymphocytic), and neuroblastoma. \n (less)",
    "chem_link": [
        "Q9NY47",
        "Q13936"
    ],
    "prot_link": [
        "HMDB0000037",
        "HMDB0061196",
        "HMDB0001035",
        "HMDB0000492",
        "HMDB0015434",
        "HMDB0001362",
        "HMDB0000586",
        "HMDB0000588",
        "HMDB0001980",
        "HMDB0002111",
        "HMDB0001303"
    ]
}