{
    "smpdb": "SMP0000511",
    "name": "Wolman Disease",
    "class": "Disease",
    "description": "\tFructose-1,6-bisphosphatase deficiency (FBP1D) is an autosomal recessive inborn error of metabolism (IEM) caused by  a mutation in the FBP1 gene which encodes for fructose-1,6-bisphosphatase-1. This enzyme is responsible for catalyzing the conversion of fructose 1,6-bisophosphate into fructose 5-phosphate by removing a phosphate group from it as part of the gluconeogenesis pathway. FBP1D is characterized by hypoglycemia and acidosis after fasting, caused by the impairment of gluconeogenesis. Symptoms can also include hyperventilation. Treatment includes feeding more often with foods enriched with glucose, as well as avoiding foods high in fructose and sucrose, as well as avoiding fasting for longer than overnight. It is estimated that FBP1D affects between 1 in 350,000 and 1 in 900,000 individuals. (less)",
    "chem_link": [
        "P24298",
        "P05089",
        "P04424",
        "P00966",
        "P00505",
        "O75746",
        "P31327",
        "P00367",
        "Q9UI32",
        "Q9Y619",
        "P43007",
        "Q15758",
        "P00480"
    ],
    "prot_link": [
        "HMDB0001341",
        "HMDB0000045",
        "HMDB0000538",
        "HMDB0000051",
        "HMDB0000052",
        "HMDB0000464",
        "HMDB0001096",
        "HMDB0001967",
        "HMDB0000904",
        "HMDB0000134",
        "HMDB0000161",
        "HMDB0000517",
        "HMDB0000191",
        "HMDB0000148",
        "HMDB0000641",
        "HMDB0001333",
        "HMDB0000902",
        "HMDB0001487",
        "HMDB0000214",
        "HMDB0000223",
        "HMDB0000208",
        "HMDB0001429",
        "HMDB0002142",
        "HMDB0001491",
        "HMDB0000250",
        "HMDB0000243",
        "HMDB0000294",
        "HMDB0002111"
    ]
}