{
    "smpdb": "SMP0000426",
    "name": "Fluoxetine Action Pathway",
    "class": "Drug Action",
    "description": "Morphine exerts its analgesic by acting on the mu-opioid receptor of sensory neurons. Binding to the mu-opioid receptor activates associated G(i) proteins. These subsequently act to inhibit adenylate cyclase, reducing the level of intracellular cAMP. G(i) also activates potassium channels and inactivates calcium channels causing the neuron to hyperpolarize. The end result is decreased nerve conduction and reduced neurotransmitter release, which blocks the perception of pain signals. (less)",
    "chem_link": [
        "HMDB0001341",
        "HMDB0000538",
        "HMDB0000464",
        "HMDB0004995",
        "HMDB0060464",
        "HMDB0000073",
        "HMDB0001426",
        "HMDB0003178",
        "HMDB0014440",
        "HMDB0000902",
        "HMDB0001487",
        "HMDB0060657",
        "HMDB0000216",
        "HMDB0001377",
        "HMDB0001429",
        "HMDB0000586",
        "HMDB0000259",
        "HMDB0000588",
        "HMDB0000295",
        "HMDB0000935",
        "HMDB0002111"
    ],
    "prot_link": [
        "P08908",
        "P35348",
        "B7ZKV8",
        "P01203",
        "P10635",
        "P08684",
        "P21728",
        "Q8TCU5",
        "Q12879",
        "Q05586",
        "Q9NS61",
        "P35372",
        "P16519",
        "P43681",
        "P17787",
        "Q9NZV8",
        "P01189",
        "Q9Y5Y9",
        "Q07699",
        "Q01959",
        "P23975",
        "P31645",
        "P05023",
        "P50993",
        "P13637",
        "Q13733",
        "P05026",
        "P14415",
        "P54709",
        "P54710",
        "P16662",
        "Q9NY47",
        "Q02641",
        "O00555"
    ]
}