{
    "smpdb": "SMP0000487",
    "name": "Hyperphenylalaninemia Due to Guanosine Triphosphate Cyclohydrolase Deficiency",
    "class": "Disease",
    "description": "Indapamide (also named as Noranat or Veroxil) is a thiazide-like diuretic drug that can be used to treat hypertension and decompensated heart failure. Indapamide can inhibit sodium-chloride symporter in distal convoluted tubule to prevent sodium reabsorption (5% of total sodium reabsorption), so that the osmotic gradient is decreased which lead to reduced water reabsorption or totally inhibition of water reabsorption in nephron. Sodium-chloride symporter (also known as solute carrier family 12 member 3) can translocate chloride and sodium from lumen to epithelial cell. Sodium-potassium ATPase can export sodium from cell to basolateral interstitium, which lead to increased osmolarity in interstitum for later water reabsorption.  (less)",
    "chem_link": [
        "HMDB0003540",
        "HMDB0003911",
        "HMDB0001533",
        "HMDB0001227",
        "HMDB0001341",
        "HMDB0000538",
        "HMDB0000051",
        "HMDB0000464",
        "HMDB0001096",
        "HMDB0001967",
        "HMDB0001546",
        "HMDB0000089",
        "HMDB0000095",
        "HMDB0000082",
        "HMDB0001245",
        "HMDB0001202",
        "HMDB0000998",
        "HMDB0000014",
        "HMDB0001351",
        "HMDB0000012",
        "HMDB0001191",
        "HMDB0001056",
        "HMDB0000079",
        "HMDB0000076",
        "HMDB0001274",
        "HMDB0001000",
        "HMDB0001409",
        "HMDB0001248",
        "HMDB0000692",
        "HMDB0001520",
        "HMDB0000595",
        "HMDB0003349",
        "HMDB0000641",
        "HMDB0000547",
        "HMDB0000217",
        "HMDB0000221",
        "HMDB0000226",
        "HMDB0000218",
        "HMDB0001429",
        "HMDB0000280",
        "HMDB0002142",
        "HMDB0000250",
        "HMDB0003364",
        "HMDB0001489",
        "HMDB0000273",
        "HMDB0001342",
        "HMDB0000262",
        "HMDB0000300",
        "HMDB0002031",
        "HMDB0000026",
        "HMDB0000828",
        "HMDB0000296",
        "HMDB0000295",
        "HMDB0000288",
        "HMDB0000285",
        "HMDB0002111",
        "HMDB0015532",
        "HMDB0001303",
        "HMDB0000056"
    ],
    "prot_link": [
        "Q9UBR1",
        "P27708",
        "P17812",
        "P32320",
        "P49902",
        "P32321",
        "P33316",
        "Q02127",
        "Q14117",
        "Q12882",
        "Q9UIJ7",
        "Q9Y2T3",
        "Q9BY32",
        "O75414",
        "P31350",
        "Q7LG56",
        "Q8WVQ1",
        "P04183",
        "P19971",
        "P04818",
        "Q5EBM0",
        "A8K5J1",
        "O95045",
        "Q9NWZ5"
    ]
}