{
    "smpdb": "SMP0000399",
    "name": "Mepivacaine Action Pathway",
    "class": "Drug Action",
    "description": "Chloroprocaine exerts its local anaesthetic effect by blocking voltage-gated sodium channels in peripheral neurons. Chloroprocaine diffuses across the neuronal plasma membrane in its uncharged base form. Once inside the cytoplasm, it is protonated and this protonated form enters and blocks the pore of the voltage-gated sodium channel from the cytoplasmic side. For this to happen, the sodium channel must first become active so that so that gating mechanism is in the open state. Therefore chloroprocaine preferentially inhibits neurons that are actively firing.  (less)",
    "chem_link": [
        "P42575",
        "P18846",
        "P78560",
        "P46734",
        "P45985",
        "P52564",
        "O14733",
        "O15111",
        "O14920",
        "Q16539",
        "P45983",
        "Q13233",
        "Q12851",
        "Q9Y6K9",
        "P25963",
        "P19838",
        "Q13546",
        "Q12933",
        "Q92844",
        "P05412",
        "P01375",
        "P19438",
        "Q15628"
    ],
    "prot_link": [
        "HMDB0000538",
        "HMDB0000464",
        "HMDB0000058",
        "HMDB0001201",
        "HMDB0001273",
        "HMDB0001498",
        "HMDB0000547",
        "HMDB0000250",
        "HMDB0002111"
    ]
}