{
    "smpdb": "SMP0000013",
    "name": "Cysteine Metabolism",
    "class": "Metabolic",
    "description": "The semi-essential amino aid cysteine is tightly regulated in the body to ensure proper levels for metabolism but maintaining levels below toxic thresholds. Cysteine can be obtained from diet or synthesized from  O-acetyl-L-serine. Cystine is the dimeric form of cysteine. Cysteine is a precursor for protein synthesis and an antioxidant. Impaired cysteine metabolism has been linked with neurodegenerative disorders.  (less)",
    "chem_link": [
        "HMDB0013642",
        "HMDB0006823",
        "HMDB0006821",
        "HMDB0002065",
        "HMDB0002275",
        "HMDB0000038",
        "HMDB0000980",
        "HMDB0001195",
        "HMDB0006822",
        "HMDB0000142",
        "HMDB0001273",
        "HMDB0000902",
        "HMDB0001487",
        "HMDB0000217",
        "HMDB0000221",
        "HMDB0000845",
        "HMDB0012282",
        "HMDB0000238",
        "HMDB0000027",
        "HMDB0002111",
        "HMDB0015532"
    ],
    "prot_link": [
        "Q03393",
        "P15121",
        "P16152",
        "P00374",
        "P09417",
        "P30793",
        "P30047",
        "P35270",
        "nknown"
    ]
}