{
    "smpdb": "SMP0000311",
    "name": "Excitatory Neural Signalling Through 5-HTR 7 and Serotonin",
    "class": "Protein",
    "description": "Isoprenaline (also known as isoproterenol) is a selective beta adrenergic bronchodilator that can be used for treating slow heart rate (bradycardia), heart block, and rarely for asthma. Isoprenaline can bind and inhibit beta-1 adrenergic receptor on both vascular smooth muscle, which lead to inhibition of vasoconstriction in peripheral blood vessels and adrenergic stimulation of endothelial cell function.  (less)",
    "chem_link": [
        "P06276",
        "O00748",
        "P23141"
    ],
    "prot_link": []
}