{
    "smpdb": "SMP0000172",
    "name": "beta-Ureidopropionase Deficiency",
    "class": "Disease",
    "description": "Fanconi-Bickel Syndrome is a syndrome first described in 1949, by Falconi and Bickel, where the body is missing a glucose transport, causing glycogen stores to accumulate and cause symptoms such as swelling of the liver and spleen, rickets, and failure to thrive. Hypoglycemia may occur in between meals for patients with this condition. This condition happens through a mutation on the SLC2A2 gene, which has the instructions on how to create a protein which is the glucose-transporter protein 2 (GLUT2). GLUT2 does not work properly when there is an SLC2A2 gene mutation, which makes glycogen build up in the liver and kidneys, causing the symptoms of this condition. \n (less)",
    "chem_link": [
        "P08195",
        "P37088",
        "P51168",
        "P51172",
        "P51170",
        "P29972",
        "P41181",
        "Q92482",
        "P48048",
        "B7ZKV8",
        "P82251",
        "P51800",
        "P43005",
        "Q01650",
        "Q9UHI5",
        "P08235",
        "Q07837",
        "Q9NP91",
        "Q969I6",
        "P05023",
        "P50993",
        "P13637",
        "Q13733",
        "P05026",
        "P14415",
        "P54709",
        "P54710",
        "Q13621",
        "P55017",
        "Q9UHW9",
        "O15244",
        "Q4U2R8",
        "Q15849",
        "Q9UM01",
        "Q92536"
    ],
    "prot_link": [
        "HMDB0000037",
        "HMDB0000492",
        "HMDB0000595",
        "HMDB0000574",
        "HMDB0014377",
        "HMDB0000586",
        "HMDB0000588",
        "HMDB0000294",
        "HMDB0002111"
    ]
}