{
    "smpdb": "SMP0000427",
    "name": "Azathioprine Action Pathway",
    "class": "Drug Action",
    "description": "Leigh Syndrome, also called Leigh Disease or infantile subacute necrotizing encephalopathy, is a rare inborn error of metabolism (IEM) and autosomal recessive disorder that is caused by a mutation of any one of 75 different genes. Disruptions of the complexes I or IV are the most common reasons for Leigh syndrome. Complex IV is crucial in the electron transfer steps of oxidative phosphorylation, which is needed to provide energy to the mitochondria. This disorder is characterized by a large accumulation of lactate in the body. Symptoms of the disorder include diarrhea, dysphagia and vomiting. There is no cure for Leigh syndrome and the loss motor skills degenerate rapidly. It is estimated that Leigh syndrome affects 1 in 40,000 individuals.\n (less)",
    "chem_link": [
        "P00915",
        "O15247",
        "P01350",
        "P32239",
        "P25021",
        "P20309",
        "Q9Y6J6",
        "P51787",
        "P20648",
        "P51164",
        "P61278",
        "P30874"
    ],
    "prot_link": [
        "HMDB0061276",
        "HMDB0059597"
    ]
}