{
    "smpdb": "SMP0000328",
    "name": "Lidocaine (Antiarrhythmic) Action Pathway",
    "class": "Drug Action",
    "description": "The 5-HT6 receptor is primarily expressed in the brain and is involved in glutamatergic and cholinergic neuronal activity.  The 5-HT6 receptor activates G(s) proteins which lead to the activation of adenylyl cyclase which produces the secondary messenger cAMP. cAMP activates PKA (protein kinase A) which phosphorylates downstream effectors that lead to a specific cellular response. (less)",
    "chem_link": [
        "HMDB0014615",
        "HMDB0060607",
        "HMDB0001426",
        "HMDB0003178",
        "HMDB0000902",
        "HMDB0001487",
        "HMDB0060551",
        "HMDB0061170",
        "HMDB0001377",
        "HMDB0002111"
    ],
    "prot_link": [
        "P33261",
        "P11712",
        "P10635",
        "P08684",
        "P20815",
        "P31645"
    ]
}