{
    "smpdb": "SMP0000392",
    "name": "Benzocaine Action Pathway",
    "class": "Drug Action",
    "description": "Candesartan (also named Blopress or Atacand) is an active metabolite of angiotensin II receptor blockers (ARBs) pro drug, candesartan cilexetil. Candesartan cilexetil converts to candesartan rapidly in gastrointestinal tract during absorption. Candesartan competes with angiotensin II to bind type-1 angiotensin II receptor (AT1) in many tissues (e.g. vascular smooth muscle, the adrenal glands, etc.) to prevent increasing sodium, water reabsorption and peripheral resistance (that will lead to increasing blood pressure) via aldosterone secretion that is caused by angiotensin II. Therefore, action of candesartan binding to AT1 will result in decreasing blood pressure. For more information on the effects of aldosterone on electrolyte and water excretion, refer to the description of the spironolactone or triamterene pathways, which describes the mechanism of direct aldosterone antagonists. Candesartan is an effective agent for reducing blood pressure and may be used to treat essential hypertension and heart failure. (less)",
    "chem_link": [
        "HMDB0001341",
        "HMDB0000538",
        "HMDB0015234",
        "HMDB0000464",
        "HMDB0001429",
        "HMDB0000586",
        "HMDB0000588",
        "HMDB0002111"
    ],
    "prot_link": [
        "Q13424",
        "Q09428",
        "O60706",
        "Q14654",
        "Q15842",
        "B7ZKV8",
        "P08588",
        "Q13884",
        "Q13425",
        "P17612",
        "P10644",
        "P26678",
        "Q12959",
        "P48549",
        "P48544",
        "P63252",
        "P48050",
        "Q9NS61",
        "P08172",
        "O00180",
        "P22460",
        "Q9UK17",
        "P15382",
        "Q9Y6J6",
        "Q12809",
        "P51787",
        "Q9Y3Q4",
        "Q5I7T1",
        "Q92736",
        "P16615",
        "Q14524",
        "P32418",
        "P05023",
        "P50993",
        "P13637",
        "Q13733",
        "P05026",
        "P14415",
        "P54709",
        "P54710",
        "P09493",
        "P07951",
        "Q9NY47",
        "Q13936",
        "Q02641",
        "O43497",
        "O95180"
    ]
}