{
    "smpdb": "SMP0000505",
    "name": "Hyperornithinemia with Gyrate Atrophy (HOGA)",
    "class": "Disease",
    "description": "Methylcobalamin (MeCbl) is the cofactor of methionine synthase and involved in the conversion of homocysteine to methionine. Adenosylcobalamin (AdoCbl) is a cofactor for methylmalonyl CoA mutase converting methylmalonic acid into succinic acid. Methylmalonyl-CoA mutase is involved in key metabolic pathways, catalyzing the isomerization of methylmalonyl-CoA to succinyl-CoA. It requires its Vitamin B12 derived prosthetic group, adenosylcobalamin, to function.It catalyzes the isomerization of methylmalonyl-CoA to succinyl-CoA. It requires its Vitamin B12 derived prosthetic group, adenosylcobalamin, to function. Defects in these cofactors for methylmalonyl CoA mutase cause accumulation of ammonia in blood; methylmalonic acid in plasma; creatinine and uric acid in serum; 3-Aminoisobutyric acid, 3-Hydroxypropionic acid, 3-Hydroxyvaleric acid, glycine, methylcitric acid and methylmalonic acid in urine; and methylmalonic acid in spinal fluid. Symptoms include anemia, dehydration, growth retardation, nephrosis, respiratory distress and metabolic acidosis. (less)",
    "chem_link": [
        "Q9JKJ9",
        "Q60991",
        "Q9EQC1",
        "O88962",
        "Q9JII6",
        "O09174",
        "Q91X34",
        "Q4LDG0",
        "Q9WVK8",
        "Q9Z0F5",
        "Q64505",
        "Q9Z0M5",
        "P32020",
        "Q9QXD1",
        "P51660",
        "Q9DBG1"
    ],
    "prot_link": [
        "HMDB0000807",
        "HMDB0001341",
        "HMDB0000538",
        "HMDB0001423",
        "HMDB0007098",
        "HMDB0001473",
        "HMDB0001248",
        "HMDB0001051",
        "HMDB0000139",
        "HMDB0000131",
        "HMDB0000126",
        "HMDB0002434",
        "HMDB0007853",
        "HMDB0011533",
        "HMDB0000902",
        "HMDB0001487",
        "HMDB0000217",
        "HMDB0000221",
        "HMDB0000674",
        "HMDB0000220",
        "HMDB0001338",
        "HMDB0001429",
        "HMDB0003364",
        "HMDB0005356",
        "HMDB0002111"
    ]
}