{
    "smpdb": "SMP0000088",
    "name": "Bumetanide Action Pathway",
    "class": "Drug Action",
    "description": "Orphenadrine is a first-generation ethanolamine H1-antihistamine. H1-antihistamines interfere with the agonist action of histamine at the H1 receptor and are administered to attenuate inflammatory process in order to treat conditions such as allergic rhinitis, allergic conjunctivitis, and urticaria. Reducing the activity of the NF-\u03baB immune response transcription factor through the phospholipase C and the phosphatidylinositol (PIP2) signalling pathways also decreases antigen presentation and the expression of pro-inflammatory cytokines, cell adhesion molecules, and chemotactic factors. Furthermore, lowering calcium ion concentration leads to increased mast cell stability which reduces further histamine release. First-generation antihistamines readily cross the blood-brain barrier and cause sedation and other adverse central nervous system (CNS) effects (e.g. nervousness and insomnia). Second-generation antihistamines are more selective for H1-receptors of the peripheral nervous system (PNS) and do not cross the blood-brain barrier. Consequently, these newer drugs elicit fewer adverse drug reactions. Structurally, orphenadrine is similar to diphenhydramine. As a \"dirty drug\", orphenadrine acts on various receptors in the CNS. Orphenadrine can antagonize H1 receptors, NMDA receptors, and non-selectively antagonize muscarinic acetylcholine receptors (hence its use as an anticholinergic). It also blocks the HERG potassium channel along with Nav1.7, Nav1.8, and Nav1.9 sodium channels, and is a norepinephrine and dopamine reuptake inhibitor. Orphenadrine acts as an anticholinergic to treat muscle pain and relax skeletal muscle, though its use is reducing as better drugs are developed for motor control management with fewer off-target effects. By acting as a muscarinic antagonist, it can be used as an adjunct symptomatic treatment for parkinsonism and to relieve discomfort or pain from muscle spasm. In parkinsonism, there is reduced CNS dopamine - this dopamine deficiency in the striatum increases the stimulating effects of the cholinergic system, which often presents as hyperkinesia, tremor, and muscle rigidity. This excess stimulation is counteracted by the anticholinergic effect of orphenadrine. It may have a relaxing effect on skeletal muscle spasms and it has a mood elevating effect, though exact mechanisms for these effects are currently unclear (i.e. it is known to be due to a combination of neurotransmitter modulation, but the exact molecular signalling is not yet elucidated). It is metabolized in the liver. (less)",
    "chem_link": [
        "Q9NQ66",
        "P50148",
        "P62873",
        "P59768",
        "P35367",
        "Q14643",
        "P19838",
        "P05771"
    ],
    "prot_link": [
        "HMDB0006875",
        "HMDB0002234",
        "HMDB0001301",
        "HMDB0002070",
        "HMDB0002273",
        "HMDB0000725",
        "HMDB0001341",
        "HMDB0000045",
        "HMDB0000538",
        "HMDB0000051",
        "HMDB0000052",
        "HMDB0001096",
        "HMDB0001967",
        "HMDB0000904",
        "HMDB0000064",
        "HMDB0003411",
        "HMDB0001248",
        "HMDB0001520",
        "HMDB0000134",
        "HMDB0000123",
        "HMDB0000128",
        "HMDB0003178",
        "HMDB0059597",
        "HMDB0003125",
        "HMDB0006556",
        "HMDB0000517",
        "HMDB0000191",
        "HMDB0000148",
        "HMDB0002104",
        "HMDB0000162",
        "HMDB0001333",
        "HMDB0004224",
        "HMDB0000902",
        "HMDB0001487",
        "HMDB0000217",
        "HMDB0000221",
        "HMDB0003378",
        "HMDB0000214",
        "HMDB0000223",
        "HMDB0000208",
        "HMDB0001377",
        "HMDB0001429",
        "HMDB0001511",
        "HMDB0002142",
        "HMDB0001491",
        "HMDB0000250",
        "HMDB0001369",
        "HMDB0000939",
        "HMDB0001185",
        "HMDB0000254",
        "HMDB0000027",
        "HMDB0000294",
        "HMDB0002111"
    ]
}