{
    "smpdb": "SMP0000272",
    "name": "Enoxaparin.",
    "class": "Drug Action",
    "description": "Bivalirudin, trade name angiomax, is a direct thrombin inhibitor. It is often prescribed to patients who cannot take unfractionated or low molecular weight heparin. Bivalirudin does not need cofactor antithrobin to act. It binds circulating and clot-bound thrombin at the catalytic site and the anion binding exosite. The inhibition of fibrin prevents the cleavage of fibrinogen into fibrin which activates Factor XIII and Factor XIIIa. This destabilizes the thrombus and inhibits the promotion of thrombin production and platelet activation. As a result, bivalirudin prevents or reduces clot formation.  (less)",
    "chem_link": [
        "P14060",
        "P26439",
        "P51857",
        "P17516",
        "P05108",
        "P28845",
        "P80365",
        "P15538",
        "P19099",
        "P05093",
        "P08686"
    ],
    "prot_link": []
}