{
    "smpdb": "SMP0000373",
    "name": "Adrenal Hyperplasia Type 3 or Congenital Adrenal Hyperplasia Due to 21-Hydroxylase Deficiency",
    "class": "Disease",
    "description": "Gemcitabine is a cytidine analogue used in the treatment of certain cancers. Gemcitabine enters the cell via sodium nucleoside co-transporters (SLC29A1, SLC28A1, and SLC28A3), where it acts through multiple mechanisms to produce a cytotoxic effect. Gemcitabine is phosphorylated into gemcitabine monophosphate by deoxycytidine kinase, which is then subsequently phosphorylated into the diphosphate and triphosphate nucleotides by UMP-CMP kinase and nucleoside diphosphate kinase respectively. Gemcitabine diphosphate inhibits ribonucleoside-diphosphate reductase, a crucial enzyme in the conversion of ribonucleotides into deoxyribonucleotides for DNA synthesis. Gemcitabine triphosphate on the other hand can be incorporated into DNA, causing chain termination. Furthermore, gemcitabine monophosphate can be deaminated into difluoro-deoxyuridine monophosphate, which inhibits thymidylate synthase, an enzyme involved in the production of dTTP for DNA synthesis. (less)",
    "chem_link": [
        "Q9NQ66",
        "Q08828",
        "P62873",
        "P59768",
        "Q14643",
        "Q92633",
        "P31749",
        "Q13464",
        "P11831"
    ],
    "prot_link": [
        "HMDB0000538",
        "HMDB0000464",
        "HMDB0000058",
        "HMDB0001201",
        "HMDB0001273",
        "HMDB0001498",
        "HMDB0000547",
        "HMDB0000250",
        "HMDB0002111"
    ]
}