{
    "smpdb": "SMP0000244",
    "name": "Sarcosinemia",
    "class": "Disease",
    "description": "Nonketotic hyperglycinemia (GCE) is a rare inborn error of metabolism (IEM) and autosomal recessive disorder caused by a defective GLDC gene. GLDC encodes for the enzymes involved in the conversion of glycine to CO2, NH3 and hydroxymethyltetrahydrofolic acid. Most patients have abnormally low oxalate excretion in the urine. Other symptoms start presenting in the first few days of life and include lethargy, hypotonia, and myoclonic jerks, and progressing to apnea. GCE often leads to death, and those who regain spontaneous respiration develop intractable seizures and profound mental retardation. Currently there is no cure for Nonketotic hyperglycinemia therefore treatment involves managing symptoms. Frequency for Nonketotic hyperglycinemia has not been documented worldwide. (less)",
    "chem_link": [
        "Q9NQ66",
        "P50148",
        "P62873",
        "P59768",
        "P35367",
        "Q14643",
        "P19838",
        "P05771"
    ],
    "prot_link": [
        "HMDB0000464",
        "HMDB0001201",
        "HMDB0001273",
        "HMDB0000870",
        "HMDB0001498",
        "HMDB0240247",
        "HMDB0002111"
    ]
}