{
    "smpdb": "SMP0000354",
    "name": "Intracellular Signalling Through Prostacyclin Receptor and Prostacyclin",
    "class": "Signaling",
    "description": "Hypoxia-inducible factor In many tumours, oxygen availability becomes limited (hypoxia) very quickly during cancer development. The major regulator of the response to hypoxia is the HIF transcription factor. Under normal oxygen levels, the protein levels of HIF alpa is very low due to constant degradation, mediated by a sequence of post-translational modification events catalyzed by the enzymes PHD1,2 and 3, (also known as EglN2,1 and 3). Under hypoxic conditions, HIF alpha escapes hydroxylation and degration. \nSuccinate dehydrogenase (SDH)  is a collection of housekeeping genes (SDHA,B,C,D), but mutations in those genes allows for succinate to accumulate and cross the mitochondrial barrier through a dicarboxylate carrier.  Once in the cytosol, it inhibits the activity of the PHD1,2 and 3 since succinate is a product of the enzyme, it acts as feedback inhibition. (less)",
    "chem_link": [
        "P00915",
        "O15247",
        "P01350",
        "P32239",
        "P25021",
        "P20309",
        "Q9Y6J6",
        "P51787",
        "P20648",
        "P51164",
        "P61278",
        "P30874"
    ],
    "prot_link": [
        "HMDB0000464",
        "HMDB0000015",
        "HMDB0004198",
        "HMDB0002972"
    ]
}