{
    "smpdb": "SMP0000451",
    "name": "Refsum Disease",
    "class": "Disease",
    "description": "Isobutyryl-CoA dehydrogenase deficiency, also called IBDD, is an extremely rare inherited inborn error of metabolism (IEM) of valine metabolism. It is an autosomal recessive disorder that is caused by a defective isobutyryl-coenzyme A dehydrogenase. Approximately 30 people have been identified with this condition, although the frequency may be much higher since it is relatively asymptomatic. Isobutyryl-coenzyme A dehydrogenase is a mitochondrial protein that belongs to the acyl-CoA dehydrogenase family of enzymes. Its main function is to catalyze the dehydrogenation of acyl-CoA derivatives in the metabolism of branched-chain amino acids, specifically valine. This enzyme is responsible for the third step in the breakdown of valine and converts isobutyryl-CoA into methylacrylyl-CoA. Defects in the IBD enzyme function lead to elevated levels of valine in blood and other biofluids (valinemia). IBDD can be identified by elevated levels of C4-acylcarnitine via newborn screening. Most people with IBDD are asymptomatic. Some individuals with IBDD have developed features such as a weakened and enlarged heart (dilated cardiomyopathy), weak muscle tone (hypotonia), and developmental delay. This condition may also result in low numbers of red blood cells (anemia) and very low levels of carnitine in the blood, which is a compound that plays a role in converting certain foods into energy. Symptoms may be worsened by long periods of fasting or infections that increase the body's demand for energy. Treatment may include the use of L-carnitine supplements, frequent meals, and a low-valine diet. (less)",
    "chem_link": [
        "HMDB0000972",
        "HMDB0000005",
        "HMDB0001553",
        "HMDB0001173",
        "HMDB0001533",
        "HMDB0001396",
        "HMDB0000963",
        "HMDB0000050",
        "HMDB0000045",
        "HMDB0000538",
        "HMDB0000051",
        "HMDB0001967",
        "HMDB0000097",
        "HMDB0000092",
        "HMDB0001248",
        "HMDB0000123",
        "HMDB0000742",
        "HMDB0003125",
        "HMDB0000099",
        "HMDB0000574",
        "HMDB0000719",
        "HMDB0000696",
        "HMDB0000187",
        "HMDB0000547",
        "HMDB0002005",
        "HMDB0000902",
        "HMDB0001487",
        "HMDB0001377",
        "HMDB0001429",
        "HMDB0000586",
        "HMDB0001414",
        "HMDB0001491",
        "HMDB0000250",
        "HMDB0000939",
        "HMDB0000988",
        "HMDB0001185",
        "HMDB0000271",
        "HMDB0001257",
        "HMDB0001846",
        "HMDB0002111",
        "HMDB0015532",
        "HMDB0001303",
        "HMDB0000043"
    ],
    "prot_link": [
        "P23526",
        "Q93088",
        "Q8NE62",
        "P35520",
        "P32929",
        "Q14749",
        "Q96RQ9",
        "Q9NZL9",
        "Q99707",
        "P56192",
        "Q9Y3D2",
        "Q8IXL7",
        "Q96DP5",
        "P42898",
        "P17707",
        "P31153",
        "Q13126",
        "P34896",
        "P19623"
    ]
}