{
    "smpdb": "SMP0000147",
    "name": "Cilazapril Action Pathway",
    "class": "Drug Action",
    "description": "Adenosine is thought to play a role in the pathophysiology of asthma. Stimulation of A2B can induce production of interleukin-8 mast cells. The adenosine receptor A2b activates G(s) proteins which lead to the activation of adenylyl cyclase which produces the secondary messenger cAMP. cAMP activates PKA (protein kinase A) which phosphorylates down stream effectors that lead to a specific cellular response. This occurs though activation of the MAPK/ERK signaling cascade. (less)",
    "chem_link": [
        "Q96PN6",
        "P17612",
        "P22694",
        "P22612",
        "P10644",
        "P31321",
        "P13861",
        "P31323",
        "P63092",
        "Q5JWF2",
        "P63211",
        "P62873"
    ],
    "prot_link": [
        "HMDB0000464",
        "HMDB0001201",
        "HMDB0001273",
        "HMDB0000547"
    ]
}