{
    "smpdb": "SMP0000276",
    "name": "Argatroban.",
    "class": "Drug Action",
    "description": "Ornithine aminotransferase deficiency (OAT deficiency, ornithine keto acid aminotransferase deficiency, OKT deficiency, ornithine-delta-aminotransferase deficiency, gyrate atrophy of the choroid and retina) is an autosomal recessive disorder of ornithine metabolism caused by a defective ornithine aminotransferase (OAT). OAT catalyzes the conversion of ornithine into proline which is a conditionally essential amino acid. This disease is characterized by a very large accumulation of ornithine in the blood. Symptoms of the disease include tunnel vision, night blindness, myopia, and progressive vision loss. (less)",
    "chem_link": [
        "P07741",
        "P00813",
        "Q96PN6",
        "P00568",
        "P30566",
        "P30520",
        "Q9UKK9",
        "Q06203",
        "P23109",
        "Q8NBU5",
        "P31939",
        "P50583",
        "Q9Y233",
        "Q08499",
        "P49902",
        "Q16854",
        "O75356",
        "Q5MY95",
        "P36959",
        "P49915",
        "Q9Y2T3",
        "P33402",
        "Q02153",
        "Q16774",
        "P00492",
        "Q9BY32",
        "P20839",
        "P22234",
        "O75414",
        "O15067",
        "P00491",
        "P23921",
        "P31350",
        "P21108",
        "P10599",
        "P22102",
        "P47989"
    ],
    "prot_link": [
        "HMDB0000042",
        "HMDB0001206",
        "HMDB0001341",
        "HMDB0000538",
        "HMDB0000051",
        "HMDB0003362",
        "HMDB0003556",
        "HMDB0001423",
        "HMDB0001176",
        "HMDB0000082",
        "HMDB0000660",
        "HMDB0000124",
        "HMDB0001514",
        "HMDB0001254",
        "HMDB0000148",
        "HMDB0000641",
        "HMDB0000547",
        "HMDB0000215",
        "HMDB0001062",
        "HMDB0001121",
        "HMDB0001367",
        "HMDB0001129",
        "HMDB0006268",
        "HMDB0000230",
        "HMDB0001429",
        "HMDB0000263",
        "HMDB0000250",
        "HMDB0000243",
        "HMDB0000295",
        "HMDB0000290",
        "HMDB0000285",
        "HMDB0002111"
    ]
}