{
    "smpdb": "SMP0000485",
    "name": "Hyperglycinemia, Non-Ketotic",
    "class": "Disease",
    "description": "5-Oxoprolinuria (5-Oxoprolinase deficiency) is a result of a defect in the gamma-glutamyl cycle due to either 5-oxoprolinase or glutathione synthetase deficiency. In the case of glutathione synthetase deficiency, the glycine is not incorporated into gamma-glutamylcysteine. In the case of 5-oxoprolinase, however, pyroglutamic acid accumulates. Symptoms include anemia, mental retardation, metabolic acidosis, respiratory distress and urolithiasis. (less)",
    "chem_link": [
        "Q9NQ66",
        "P50148",
        "P62873",
        "P59768",
        "P35367",
        "Q14643",
        "P19838",
        "P05771"
    ],
    "prot_link": [
        "HMDB0000464",
        "HMDB0001201",
        "HMDB0001273",
        "HMDB0000870",
        "HMDB0001498",
        "HMDB0014486",
        "HMDB0002111"
    ]
}