{
    "smpdb": "SMP0000415",
    "name": "Fentanyl Action Pathway",
    "class": "Drug Action",
    "description": "Lymecycline is a tetracycline antibiotic that inhibits cell growth by inhibiting translation. Lymecycline is lipophilic and can diffuse across bacterial cell membranes or travel through membrane porin channels. Once inside the bacterial cell, it reversibly binds to the bacterial 30S ribosomal subunit and prevents aminoacyl tRNA from binding to the A site of the ribosome-RNA complex; aminoacyl tRNA binding inhibition likely occurs through steric hindrance. This results in inhibition of bacterial protein synthesis and hence cell growth.  (less)",
    "chem_link": [
        "HMDB0000037",
        "HMDB0061196",
        "HMDB0001035",
        "HMDB0000492",
        "HMDB0001362",
        "HMDB0000586",
        "HMDB0015019",
        "HMDB0042005",
        "HMDB0000588",
        "HMDB0001980",
        "HMDB0002111",
        "HMDB0001303"
    ],
    "prot_link": [
        "P12821",
        "P01019",
        "P00797",
        "P00797"
    ]
}