{
    "smpdb": "SMP0000514",
    "name": "gamma-Cystathionase Deficiency (CTH)",
    "class": "Disease",
    "description": "BH4-deficient hyperphenylalaninemia has several causes. One such cause is a PTS deficiency resultant from a genetic mutation. (In particular, a mutation in the gene encoding 6-pyruvoyl-tetrahydropterin synthase.)  The mutation is autosomal recessive. Common symptoms include: muscular hypotonia, ataxia, bradykinesia, choreoathetosis, depressivity, dysphagia, hyperkinesis, hypsarrhythmia, myoclonus, and others. BH4 is a cofactor involved in many things and associated with neurotransmitter synthesis. In short, the reduction of levels of BH4 creates issues in the metabolism of phenylalanine. This cascade of reactions produces the aforementioned symptoms. (less)",
    "chem_link": [
        "P20648"
    ],
    "prot_link": [
        "HMDB0000037",
        "HMDB0061196",
        "HMDB0001035",
        "HMDB0015328",
        "HMDB0000492",
        "HMDB0001362",
        "HMDB0000586",
        "HMDB0000588",
        "HMDB0001980",
        "HMDB0002111",
        "HMDB0001303"
    ]
}