{
    "smpdb": "SMP0000333",
    "name": "Intracellular Signalling Through FSH Receptor and Follicle Stimulating Hormone",
    "class": "Protein",
    "description": "Bevantolol hydrocholride, also known as bevantolol, is a cardioselective beta blocker prescribed to treat angina pectoris and hypertension. Bevantolol is an antagonist of beta-1 adrenoreceptors to block the G protein signalling cascade and inhibit epinephrine induced sympathetic activation such as, increased heart rate. It does not have intrinsic sympathomimetic activity therefore does not stimulate beta-adrenergic receptors. This results in a decrease in preload and blood pressure.  (less)",
    "chem_link": [
        "B00002"
    ],
    "prot_link": []
}