{
    "smpdb": "SMP0000025",
    "name": "Phospholipid Biosynthesis",
    "class": "Metabolic",
    "description": "This pathway describes the synthesis of the common phospholipids, including phosphatidylcholine, phosphatidylethanolamine, phosphatidylserine, phosphatidylinositol and cardiolipins. Phospholipid synthesis is mediated by two possible mechanisms: (1) A CDP-activated polar head group for attaches to the phosphate of phosphatidic acid or (2) A CDP-activated 1,2-diacylglycerol and an inactivated polar head group. The ER membrane is the primary site of phospholipid synthesis using precursors imported into the ER from the cytosol. To initiate the process, phosphatidic acid is generated by the linkage of two fatty acids associated with coenzyme A (CoA) carriers to glycerol-3-phosphate. This new molecule is inserted into the membrane where a phosphatase converts it into diacylglycerol or alternatively it is formed into phosphatidylinositol before the conversion. If the conversion into diacylglycerol occurs, the molecule has three possible fates depending on the type of polar head group attached: phosphatidylcholine, phosphatidylethanolamine, or phosphatidylserine. \n\nAt their inception, a phospholipid is composed of a saturated fatty acid and unsaturated fatty acid on the C1 and C2 carbon of the glycerol backbone respectively. With the continuous remodelling of the phospholipid bilayer, this fatty acid distribution at these carbons changes. For example, acyl group remodelling changes the presence of acyl groups on the glycerol backbone (which were initially placed there by acyl transferases) and moves it further into the membrane as a consequence of the action of phospholipase A1 (PLA1) and phospholipase A2 (PLA2). Another modifying group that is usually added are alcohol-containing groups such as serine, ethanol amine, and choline which contain positively-charged nitrogen. (less)",
    "chem_link": [
        "HMDB0012130",
        "HMDB0001166",
        "HMDB0001484",
        "HMDB0001206",
        "HMDB0001263",
        "HMDB0000510",
        "HMDB0001967",
        "HMDB0001423",
        "HMDB0002009",
        "HMDB0001248",
        "HMDB0001339",
        "HMDB0003125",
        "HMDB0000148",
        "HMDB0000182",
        "HMDB0000716",
        "HMDB0000962",
        "HMDB0000902",
        "HMDB0001487",
        "HMDB0000217",
        "HMDB0000221",
        "HMDB0000225",
        "HMDB0000208",
        "HMDB0001377",
        "HMDB0001491",
        "HMDB0000279",
        "HMDB0001372",
        "HMDB0002111"
    ],
    "prot_link": [
        "P24752",
        "P49419",
        "Q9UDR5",
        "P09622",
        "P36957",
        "P30084",
        "Q92947",
        "Q16836",
        "Q8N5Z0",
        "P52569",
        "Q9BXI2",
        "Q9P0Z9",
        "Q96HY7",
        "nknown"
    ]
}