{
    "smpdb": "SMP0000425",
    "name": "Escitalopram Action Pathway",
    "class": "Drug Action",
    "description": "Oxycodone (also known as OxyContin or Dihydrohydroxycodeinone) is analgesic that can bind to mu-type opioid receptor to activate associated G-protein in the sensory neurons of central nervous system (CNS), which will reduce the level of intracellular cAMP by inhibiting adenylate cyclase. The binding of oxycodone will eventually lead to reduced pain because of decreased nerve conduction and release of neurotransmitter. Hyperpolarization of neuron is caused by inactivation of calcium channels and activation of potassium channels via facilitated by G-protein.  (less)",
    "chem_link": [],
    "prot_link": [
        "P10632",
        "P11712"
    ]
}