{
    "smpdb": "SMP0000208",
    "name": "Prolinemia Type II",
    "class": "Disease",
    "description": "Infantile hypophosphatasia, also called I-HPP, is a severe, rare and fatal metabolic bone disease and an inborn error of metabolism.  I-HPP is caused by a defective alkaline phosphatase, tissue-nonspecific isozyme, which catalyzes the conversion of pyridoxal 5'-phosphate into pyridoxal and conversion of pyridoxamine 5'-phosphate to pyridoxamine. Both products are important for later metabolism.  Early symptoms of the disorder include poor feeding, irritability, hypotonia (state of low muscle tone), failure to thrive and seizures.. Treatment with enzyme replacement therapy using bone-targeting recombinant alkaline phosphatase is very effective. It is a very rare genetic disease happened in infant, with 90 cases have been reported to date. (less)",
    "chem_link": [
        "Q99943",
        "P30838",
        "P15121",
        "P23743",
        "Q8IVS8",
        "P32189",
        "Q9HCL2",
        "P21695",
        "P43304",
        "P11150",
        "O14494",
        "O43688",
        "P06858"
    ],
    "prot_link": [
        "HMDB0000042",
        "HMDB0001206",
        "HMDB0001341",
        "HMDB0000538",
        "HMDB0000051",
        "HMDB0003362",
        "HMDB0003556",
        "HMDB0001423",
        "HMDB0001176",
        "HMDB0000082",
        "HMDB0000660",
        "HMDB0000124",
        "HMDB0001514",
        "HMDB0001254",
        "HMDB0000148",
        "HMDB0000641",
        "HMDB0000547",
        "HMDB0000215",
        "HMDB0001062",
        "HMDB0001121",
        "HMDB0001367",
        "HMDB0001129",
        "HMDB0006268",
        "HMDB0000230",
        "HMDB0001429",
        "HMDB0000263",
        "HMDB0000250",
        "HMDB0000243",
        "HMDB0000295",
        "HMDB0000290",
        "HMDB0000285",
        "HMDB0002111"
    ]
}