{
    "smpdb": "SMP0000386",
    "name": "Desmosterolosis",
    "class": "Disease",
    "description": "Acute intermittent porphyria (AIP), also called Swedish porphyria, is a rare inborn error of metabolism (IEM) and autosomal dominant disorder of heme biosynthesis caused by a defective HMBS gene. The HMBS gene codes for the protein hydroxymethylbilane synthase (porphobilinogen deaminase) which catalyzes the synthesis of porphobilinogen into hydroxymethylbilane. This disorder is characterized by a large accumulation of 5-aminolevulinic acid or porphobilinogen in both urine and serum. Most patients are asymptomatic between attacks. Symptoms of the disorder include abdominal pain, constipation, vomiting, hypertension, muscle weakness, seizures, delirium, coma, and depression. Treatment involves undertaking a high-carbohydrate diet and, during severe attacks, a glucose 10% infusion. It is estimated that AIP affects 5.9 per 1 000 000 people. (less)",
    "chem_link": [
        "HMDB0001316",
        "HMDB0000990",
        "HMDB0001341",
        "HMDB0000045",
        "HMDB0000538",
        "HMDB0001967",
        "HMDB0001321",
        "HMDB0001112",
        "HMDB0000283",
        "HMDB0001548",
        "HMDB0000618",
        "HMDB0001068",
        "HMDB0001351",
        "HMDB0001031",
        "HMDB0001473",
        "HMDB0000692",
        "HMDB0001058",
        "HMDB0000124",
        "HMDB0000150",
        "HMDB0001401",
        "HMDB0000547",
        "HMDB0000217",
        "HMDB0000221",
        "HMDB0001429",
        "HMDB0000280",
        "HMDB0001489",
        "HMDB0002111",
        "HMDB0000868",
        "HMDB0003498"
    ],
    "prot_link": [
        "P17858",
        "P52209",
        "O95336",
        "P09467",
        "P04075",
        "P11413",
        "P06744",
        "P36871",
        "Q9Y315",
        "Q9H477",
        "P49247",
        "P21108",
        "Q96AT9",
        "P37837",
        "P29401"
    ]
}