{
    "smpdb": "SMP0000082",
    "name": "Simvastatin Action Pathway",
    "class": "Drug Action",
    "description": "Homocarnosinosis is caused by an inherited defect in serum carnosinase, which converts homocarnosine to GABA (gamma aminobutyric acid). A defect in serum carnosinase causes accumulation of the brain specific dipeptide homocarnosine (Hca), in the CSF and brain. Symptoms include hypotonia, mental retardation, retinitis pigmentosa and spastic diplegia/quadriplegia. (less)",
    "chem_link": [
        "HMDB0001295",
        "HMDB0001206",
        "HMDB0001341",
        "HMDB0000538",
        "HMDB0000044",
        "HMDB0001967",
        "HMDB0001423",
        "HMDB0003419",
        "HMDB0015531",
        "HMDB0001243",
        "HMDB0000547",
        "HMDB0000902",
        "HMDB0001487",
        "HMDB0000208",
        "HMDB0001377",
        "HMDB0000801",
        "HMDB0001359",
        "HMDB0001958",
        "HMDB0000795",
        "HMDB0001275",
        "HMDB0000250",
        "HMDB0000254",
        "HMDB0001372",
        "HMDB0002111"
    ],
    "prot_link": [
        "Q9UJ83",
        "P33897",
        "Q9UBJ2",
        "P51648",
        "O14832",
        "O14975"
    ]
}