{
    "smpdb": "SMP0000396",
    "name": "Dibucaine Action Pathway",
    "class": "Drug Action",
    "description": "Felbamate is metabolized in the liver. One route of metabolism consists of the hydroxylation to 2-hydroxyfelbamate or p-hydroxyfelbamate, which is catalyzed by CYP2E1 and CYP3A4. Moreover, felbamate can be transformed to 2-phenyl-2-propanediol monocarbamate. This metabolite is then converted to 3-carbamoyl-2phenylpropionaldehyde via alchol dehydrogenase 1A, which in turn can be transformed into three possible metabolites: atropaldehyde, 3-carbamoyl-2-phenylpropionic acid (catalyzed by the dimeric NADP-preferring aldehyde dehydrogenase), and 4-hydroxy-5-phenyltetrahydro-1,3-oxazin-2-one. The latter is further converted by the alcohol dehydrogenase 1A to 5-phenyl-1,3-oxazinane-2,4-dione, which is subsequently transformed to 3-carbamoyl-2-phenylpropionic acid. (less)",
    "chem_link": [],
    "prot_link": []
}