{
    "smpdb": "SMP0000490",
    "name": "Segawa Syndrome",
    "class": "Disease",
    "description": "Alendronate (also known as alendronic acid) is a type of bisphosphonate medication with nitrogen that can inhibit FPP synthase, which can block the pathway that produce geranyl-PP and farnesyl pyrophosphate. Geranyl-PP and farnesyl pyrophosphate are the compounds that are required for small GTPase signalling proteins undergo post-translational farnesylation and geranylgeranylation. Therefore, lack the formation of geranyl-PP and farnesyl pyrophosphate can prevent osteoclast activity, which lead to prevention of reduced bone resorption and turnover.  (less)",
    "chem_link": [
        "P08237",
        "Q96C23",
        "P06733",
        "P07738",
        "P04075",
        "P35575",
        "P06744",
        "P04406",
        "P52789",
        "Q8TE04",
        "P18669",
        "P15259",
        "P30613",
        "P11168",
        "P60174"
    ],
    "prot_link": [
        "HMDB0004029",
        "HMDB0006760",
        "HMDB0006754",
        "HMDB0006757",
        "HMDB0004031",
        "HMDB0000374",
        "HMDB0006764",
        "HMDB0006758",
        "HMDB0000363",
        "HMDB0006762",
        "HMDB0000319",
        "HMDB0006763",
        "HMDB0006283",
        "HMDB0004030",
        "HMDB0006756",
        "HMDB0004026",
        "HMDB0004035",
        "HMDB0006753",
        "HMDB0006755",
        "HMDB0006759",
        "HMDB0001318",
        "HMDB0003759",
        "HMDB0000037",
        "HMDB0000067",
        "HMDB0000015",
        "HMDB0001547",
        "HMDB0000063",
        "HMDB0002802",
        "HMDB0000016",
        "HMDB0003259",
        "HMDB0003178",
        "HMDB0059597",
        "HMDB0000902",
        "HMDB0001487",
        "HMDB0000217",
        "HMDB0000221",
        "HMDB0001377",
        "HMDB0000253",
        "HMDB0001830",
        "HMDB0000268",
        "HMDB0000949",
        "HMDB0000903",
        "HMDB0002111"
    ]
}