{
    "smpdb": "SMP0000033",
    "name": "Methionine Metabolism",
    "class": "Metabolic",
    "description": "Methionine metabolism is a process that is necessary for humans. Methionine metabolism in mammals happens within two pathways, a methionine cycle and a transsulfuration sequence. These pathways have three common reactions with both pathways including the transformation of methionine to S-adenosylmethionine (SAM), the use of SAM in many different transmethylation reactions resulting in a methylated product plus S-adenosylhomocysteine, and the conversion of S-adenosylhomocysteine to produce the compounds homocysteine and adenosine. The reactions mentioned above not only produce cysteine, they also create a-ketobutyrate. This compound is then converted to succinyl-CoA through a three step process after being converted to propionyl-CoA. If the amino acids cysteine and methionine are available in enough quantity, the pathway will accumulate SAM and this will in turn encourage the production of cysteine and a-ketobutyrate, which are both glucogenic, through cystathionine synthase. When there is a lack of methionine, there is a decrease in the production of SAM, which limits cystathionine synthase activity. \n\n\n (less)",
    "chem_link": [
        "HMDB0002152",
        "HMDB0006216",
        "HMDB0006254",
        "HMDB0006285",
        "HMDB0012329",
        "HMDB0006218",
        "HMDB0002369",
        "HMDB0006217",
        "HMDB0001206",
        "HMDB0011618",
        "HMDB0012452",
        "HMDB0012451",
        "HMDB0001852",
        "HMDB0000561",
        "HMDB0001423",
        "HMDB0007144",
        "HMDB0000692",
        "HMDB0000086",
        "HMDB0003178",
        "HMDB0000902",
        "HMDB0001487",
        "HMDB0000217",
        "HMDB0000221",
        "HMDB0001377",
        "HMDB0008790",
        "HMDB0001358",
        "HMDB0003141",
        "HMDB0003598",
        "HMDB0003648",
        "HMDB0048523",
        "HMDB0000305",
        "HMDB0002111",
        "HMDB0015532"
    ],
    "prot_link": [
        "P11021",
        "Q58HT5",
        "P07327",
        "Q6NUM9",
        "Q9HAY6",
        "O43174",
        "Q16696",
        "P11509",
        "P20853",
        "P20813",
        "P08684",
        "Q9HB55",
        "P20815",
        "P24462",
        "Q9BTZ2",
        "Q9BPW9",
        "O75907",
        "Q9UBS4",
        "P30040",
        "Q96GW1",
        "Q6IN67",
        "O95237",
        "P41247",
        "P23284",
        "Q13087",
        "P13667",
        "Q15084",
        "P00352",
        "O94788",
        "Q16518",
        "Q8TC12",
        "Q96NR8",
        "O75452",
        "Q9NYR8",
        "O75911",
        "Q9HCN8",
        "P22309"
    ]
}