{
    "smpdb": "SMP0000531",
    "name": "Glycogenosis, Type VII. Tarui Disease",
    "class": "Disease",
    "description": "Glucose-6-phosphate dehydrogenase deficiency, also called G6PDD, is a very common inherited inborn error of metabolism (IEM) that is characterized by a defect in the glucose-6-phosphate dehydrogenase gene. Glucose-6-phosphate dehydrogenase (G6PD) is an enzyme in the pentose phosphate pathway. G6PD converts glucose-6-phosphate into 6-phosphoglucono-delta-lactone. This reaction supplies reducing energy to cells by maintaining high levels of NADPH inside cells, especially red blood cells. NADPH helps maintain the supply of reduced glutathione that is used to eliminate free radicals that cause oxidative damage in red blood cells. G6PDD is an X-linked genetic disorder that primarily affects males and predisposes affected individuals to red blood cell breakdown, which is called hemolysis. About 400 million people (1 in 20) have G6PDD globally and it is particularly common in certain parts of Africa, Asia, the Mediterranean, and the Middle East. Carriers of the G6PDD allele may be partially protected against malaria, which explains the higher incidence of this genetic defect in people coming from countries that have or historically had malaria.  While the vast majority of affected individuals are male, females can be clinically affected due to unfavourable lyonization, where random inactivation of an X-chromosome in certain cells creates a population of G6PD-deficient red blood cells coexisting with unaffected red blood cells. As noted above, G6PDD mainly affects the redox capacity of red blood cells, which carry oxygen from the lungs to tissues throughout the body. The most common medical problem associated with G6PDD is hemolytic anemia, which occurs when red blood cells are destroyed faster than the body can replace them. This type of anemia leads to paleness, yellowing of the skin and whites of the eyes (jaundice), dark urine, shortness of breath, fatigue, and a rapid heart rate. In individuals with G6PDD, hemolytic anemia is most often triggered by bacterial or viral infections or by certain drugs (such as some antibiotics, aspirin, quinine and other antimalarials derived from quinine). Hemolytic anemia can also occur after inhaling fava plant pollen or consuming fava beans (a reaction called favism). In newborns, G6PDD is also a significant cause of mild to severe jaundice. Many people with G6PDD, however, are asymptomatic. (less)",
    "chem_link": [
        "HMDB0001090",
        "HMDB0001188",
        "HMDB0006839",
        "HMDB0001375",
        "HMDB0006838",
        "HMDB0001286",
        "HMDB0006840",
        "HMDB0001023",
        "HMDB0001217",
        "HMDB0006927",
        "HMDB0006841",
        "HMDB0006842",
        "HMDB0000032",
        "HMDB0003896",
        "HMDB0002027",
        "HMDB0001484",
        "HMDB0001206",
        "HMDB0001341",
        "HMDB0000538",
        "HMDB0001967",
        "HMDB0000067",
        "HMDB0061374",
        "HMDB0001423",
        "HMDB0002719",
        "HMDB0001120",
        "HMDB0001248",
        "HMDB0000961",
        "HMDB0061373",
        "HMDB0000142",
        "HMDB0001285",
        "HMDB0003178",
        "HMDB0015531",
        "HMDB0001347",
        "HMDB0001251",
        "HMDB0001170",
        "HMDB0000547",
        "HMDB0000227",
        "HMDB0001343",
        "HMDB0000217",
        "HMDB0000221",
        "HMDB0001377",
        "HMDB0001429",
        "HMDB0000250",
        "HMDB0000256",
        "HMDB0000876",
        "HMDB0002111",
        "HMDB0006271"
    ],
    "prot_link": [
        "Q15125",
        "P04035",
        "P56937",
        "Q9BWD1",
        "O76062",
        "Q15392",
        "P53602",
        "P14324",
        "O95749",
        "Q01581",
        "Q13907",
        "Q16850",
        "P48449",
        "O75845",
        "P38571",
        "Q15800",
        "Q03426",
        "Q15126",
        "Q14534",
        "P37268",
        "P35610",
        "Q15738"
    ]
}