{
    "smpdb": "SMP0000398",
    "name": "Lidocaine (Local Anaesthetic) Action Pathway",
    "class": "Drug Action",
    "description": "Ifosfamide is an alkylating agent used in the treatment of certain cancers. Following absorption, ifosfamide is converted into 4-hydroxyifosfamide by a variety of cytochrome P450 isozymes in the liver. 4-Hydroxyifosfamide crosses the plasma membrane of the cancer cell and spontaneuosly forms aldoifosfamide. This is a reversible reaction. Aldoifosfamide can decompose into acrolein and ifosforamide mustard. Ifosforamide mustard is the active alkylating agent and forms alkyl adducts with DNA through an ifosforamide aziridinium intermediate. Alkylation of DNA causes DNA damage and ultimately cell death. (less)",
    "chem_link": [
        "HMDB0061344",
        "HMDB0001427",
        "HMDB0001341",
        "HMDB0000538",
        "HMDB0000464",
        "HMDB0001046",
        "HMDB0001013",
        "HMDB0001411",
        "HMDB0000073",
        "HMDB0001248",
        "HMDB0001426",
        "HMDB0003178",
        "HMDB0059597",
        "HMDB0003125",
        "HMDB0001390",
        "HMDB0002206",
        "HMDB0000902",
        "HMDB0001487",
        "HMDB0000217",
        "HMDB0000221",
        "HMDB0001934",
        "HMDB0001272",
        "HMDB0001010",
        "HMDB0001497",
        "HMDB0001297",
        "HMDB0000216",
        "HMDB0001126",
        "HMDB0001377",
        "HMDB0001429",
        "HMDB0000586",
        "HMDB0000259",
        "HMDB0000588",
        "HMDB0001204",
        "HMDB0000295",
        "HMDB0000935",
        "HMDB0002111"
    ],
    "prot_link": [
        "P08908",
        "Q06278",
        "P35348",
        "B7ZKV8",
        "P01203",
        "P11509",
        "P20813",
        "P21728",
        "P31513",
        "Q8TCU5",
        "Q12879",
        "Q05586",
        "Q9NS61",
        "P35372",
        "P16519",
        "P32297",
        "P43681",
        "P17787",
        "Q9NZV8",
        "P01189",
        "Q9Y5Y9",
        "Q07699",
        "Q01959",
        "P23975",
        "P31645",
        "P05023",
        "P50993",
        "P13637",
        "Q13733",
        "P05026",
        "P14415",
        "P54709",
        "P54710",
        "P22310",
        "O60656",
        "Q9NY47",
        "Q02641",
        "O00555"
    ]
}