{
    "smpdb": "SMP0000441",
    "name": "Prednisolone Action Pathway",
    "class": "Drug Action",
    "description": "Adefovir dipivoxil is an ester prodrug of adefovir, a nucleotide analogue used in the treatment of chronic hepatitis B. Adefovir dipivoxil is taken up into the liver cell and is cleaved into adefovir by intracellular esterases. Adefovir is subsequently phosphorylated first by adenylate kinases and then by nucleoside diphosphate kinases into adefovir diphosphate. Adefovir diphosphate is an analogue of deoxyadenosine triphosphate (dATP) and competes with dATP for binding to the viral DNA polymerase and subsequent incorporation into the growing DNA strand. Once incorporated into the DNA, adefovir causes chain termination, thus preventing viral replication. (less)",
    "chem_link": [],
    "prot_link": []
}