{
    "smpdb": "SMP0000262",
    "name": "Clomocycline Action Pathway",
    "class": "Drug Action",
    "description": "Olmesartan (also named Benicar or Olmetec) is an active metabolite of angiotensin II receptor blockers (ARBs) pro drug, olmesartan medoxomil. Olmesartan medoxomi converts to olmesartan rapidly in gastrointestinal tract during absorption. Olmesartan competes with angiotensin II to bind type-1 angiotensin II receptor (AT1) in many tissues (e.g. vascular smooth muscle, the adrenal glands, etc.) to prevent increasing sodium, water reabsorption and peripheral resistance (that will lead to increasing blood pressure) via aldosterone secretion that is caused by angiotensin II. Therefore, action of olmesartan binding to AT1 will result in decreasing blood pressure. For more information on the effects of aldosterone on electrolyte and water excretion, refer to the description of the \\spironolactone\\:http://pathman.smpdb.ca/pathways/SMP00134/pathway or \\triamterene\\:http://pathman.smpdb.ca/pathways/SMP00132/pathway pathway, which describes the mechanism of direct aldosterone antagonists. Olmesartan is an effective agent for reducing blood pressure and may be used to treat essential hypertension and heart failure. (less)",
    "chem_link": [
        "HMDB0001341",
        "HMDB0000538",
        "HMDB0000464",
        "HMDB0014911",
        "HMDB0061352",
        "HMDB0060635",
        "HMDB0061353",
        "HMDB0001426",
        "HMDB0003178",
        "HMDB0000547",
        "HMDB0000902",
        "HMDB0001487",
        "HMDB0001377",
        "HMDB0001429",
        "HMDB0000295",
        "HMDB0000935",
        "HMDB0002111"
    ],
    "prot_link": [
        "P11021",
        "O15438",
        "P08684",
        "P20815",
        "P11388",
        "Q02880",
        "Q9UBS4",
        "P30040",
        "Q96GW1",
        "Q6IN67",
        "P08183",
        "P05164",
        "P23284",
        "P23219",
        "P35354",
        "Q13087",
        "P13667",
        "Q15084",
        "Q9HCN8",
        "P22309"
    ]
}