{
    "smpdb": "SMP0000376",
    "name": "Amlodipine Action Pathway",
    "class": "Drug Action",
    "description": "This pathway illustrates the flecainide targets involved in antiarrhythmic therapy. Contractile activity of cardiac myocytes is elicited via action potentials mediated by a number of ion channel proteins. During rest, or diastole, cells maintain a negative membrane potential; i.e. the inside the cell is negatively charged relative to the cells\u008a\u0097\u00c8 extracellular environment. Membrane ion pumps, such as the sodium-potassium ATPase and sodium-calcium exchanger (NCX), maintain low intracellular sodium (5 mM) and calcium (100 nM) concentrations and high intracellular potassium (140 mM) concentrations. Conversely, extracellular concentrations of sodium (140 mM) and calcium (1.8 mM) are relatively high and extracellular potassium concentrations are low (5 mM). At rest, the cardiac cell membrane is impermeable to sodium and calcium ions, but is permeable to potassium ions via inward rectifier potassium channels (I-K1), which allow an outward flow of potassium ions down their concentration gradient. The positive outflow of potassium ions aids in maintaining the negative intracellular electric potential. When cells reach a critical threshold potential, voltage-gated sodium channels (I-Na) open and the rapid influx of positive sodium ions into the cell occurs as the ions travel down their electrochemical gradient. This is known as the rapid depolarization or upstroke phase of the cardiac action potential. Sodium channels then close and rapidly activated potassium channels such as the voltage-gated transient outward delayed rectifying potassium channel (I-Kto) and the voltage-gated ultra rapid delayed rectifying potassium channel (I-Kur) open. These events make up the early repolarization phase during which potassium ions flow out of the cell and sodium ions are continually pumped out. During the next phase, known as the plateau phase, calcium L-type channels (I-CaL) open and the resulting influx of calcium ions roughly balances the outward flow of potassium channels. During the final repolarization phase, the voltage-gated rapid (I-Kr) and slow (I-Ks) delayed rectifying potassium channels open increasing the outflow of potassium ions and repolarizing the cell. The extra sodium and calcium ions that entered the cell during the action potential are extruded via sodium-potassium ATPases and NCX and intra- and extracellular ion concentrations are restored. In specialized pacemaker cells, gradual depolarization to threshold occurs via funny channels (I-f). \n\n\n\nFlecainide is a Class 1C antiarrhythmic drug. Like other Class 1 antiarrhythmic agents (e.g. quinidine), flecainide blocks sodium ion currents (I-Na) through voltage-gated sodium channels with preferential binding to channels in their open activated state. The therapeutic effects of flecainide are thought to arise from their slow dissociation from sodium channels, which alters the pattern of action potential propagation. Flecainide also blocks potassium currents via the voltage-gated rapid delayed rectifying potassium channel (I-Kr) and blocks the extrusion of calcium ions from the sarcoplasmic reticulum (SR) to the cytosol via the cardiac ryanodine receptor (RYR2) of the SR membrane. Flecainide shortens the action potential duration in Purkinje cells, but prolongs it in ventricular cells. Due to its proarrhythmic effects, flecainide increased mortality in patients recovering from myocardial infarctions in the CAST study. However, in the absence of heart disease, it is still used to maintain sinus rhythm in patients with supraventricular arrhythmias, such as atrial fibrillation, ventricular tachycardia and supraventricular tachycardia.  (less)",
    "chem_link": [
        "HMDB0013911",
        "HMDB0060705",
        "HMDB0013912",
        "HMDB0060720",
        "HMDB0013914",
        "HMDB0060743",
        "HMDB0060759",
        "HMDB0013913",
        "HMDB0061130",
        "HMDB0001341",
        "HMDB0000538",
        "HMDB0003178",
        "HMDB0059597",
        "HMDB0003125",
        "HMDB0000217",
        "HMDB0000221",
        "HMDB0014383",
        "HMDB0001377",
        "HMDB0001429",
        "HMDB0000295",
        "HMDB0000935",
        "HMDB0002111"
    ],
    "prot_link": [
        "P20813",
        "P11712",
        "P10635",
        "P08684",
        "P20815",
        "Q5T3U5",
        "P00352",
        "Q9HAW8"
    ]
}