{
    "smpdb": "SMP0000465",
    "name": "Carnitine Synthesis",
    "class": "Metabolic",
    "description": "Carnitine is an ammonium compound that exists in two stereoisomers, of which only L-carnitine is biologically active. Carnitine can be obtained from dietary sources and also biosynthesized. It is necessary for fatty acid oxidation, transporting fatty acids from the cystosol to the mitochondria, where they are broken down via the citric acid cycle to release energy. Carnitine is synthesized from lysine residues in existing proteins. These residues are methylated using lysine methyltransferase enzymes and methyl groups from S-adenosylmethionine, then removed from the protein via hydrolysis. In the next step, the N6,N6,N6-trimethyl-L-lysine is converted to 3-hydroxy-N6,N6,N6-trimethyl-L-lysine t via the mitochondrial enzyme trimethyllysine dioxygenase. The 3-hydroxy-N6,N6,N6-trimethyl-L-lysine is then cleaved to 4-trimethylammoniobutanal and glycine, likely by an aldose identical to serine hydroxymethyltransferase. Next, 4-trimethylammoniobutanal is oxidized by the 4-trimethylaminobutyraldehyde dehydrogenase protein to 4-trimethylammoniobutanoic acid. Finally, 4-trimethylammoniobutanoic acid is transformed into L-carnitine via the enzyme gamma-butyrobetaine dioxygenase. The reactions in the carnitine synthesis pathway occur ubiquitously in the human body with the exception of the last step, as the gamma-butyrobetaine dioxygenase enzyme is found only in the liver and kidney (and at very low levels in the brain). The produced carnitine is then carried to other tissue via a number of transport systems. (less)",
    "chem_link": [
        "HMDB0001422",
        "HMDB0001345",
        "HMDB0001161",
        "HMDB0000044",
        "HMDB0001967",
        "HMDB0000692",
        "HMDB0000123",
        "HMDB0059597",
        "HMDB0000062",
        "HMDB0000182",
        "HMDB0001325",
        "HMDB0000902",
        "HMDB0001487",
        "HMDB0000208",
        "HMDB0001377",
        "HMDB0001491",
        "HMDB0000939",
        "HMDB0001185",
        "HMDB0000254",
        "HMDB0002111"
    ],
    "prot_link": [
        "P49189",
        "O75936",
        "Q8WTS6",
        "P34896"
    ]
}