{
    "smpdb": "SMP0000296",
    "name": "Acebutolol Action Pathway",
    "class": "Drug Action",
    "description": "Verapamil is a phenylalkylamine calcium channel blocker (CCB) or antagonist. There are at least five different types of calcium channels in Homo sapiens: L-, N-, P/Q-, R- and T-type. CCBs target L-type calcium channels, the major channel in muscle cells that mediates contraction. Verapamil, an organic cation, is thought to primarily block L-type calcium channels in their open state by interfering with the binding of calcium ions to the extracellular opening of the channel. It is one of only two clinically used CCBs that are cardioselective. Verapamil and diltiazem and, the other cardioselective CCB, shows greater activity against cardiac calcium channels than those of the peripheral vasculature. Other CCBs, such as nifedipine and amlodipine, have little to no effect on cardiac cells (cardiac myocytes and cells of the SA and AV nodes). Due to its cardioselective properties, verapamil may be used to treat arrhythmias (e.g. atrial fibrillation) as well as hypertension. \n\n\n\nThe first part of this pathway depicts the pharmacological action of verapamil on cardiac myocytes and peripheral arterioles and coronary arteries. Verapamil decreases cardiac myocyte contractility by inhibiting the influx of calcium ions. Calcium ions entering the cell through L-type calcium channels bind to calmodulin. Calcium-bound calmodulin then binds to and activates myosin light chain kinase (MLCK). Activated MLCK catalyzes the phosphorylation of the regulatory light chain subunit of myosin, a key step in muscle contraction. Signal amplification is achieved by calcium-induced calcium release from the sarcoplasmic reticulum through ryanodine receptors. Inhibition of the initial influx of calcium decreases the contractile activity of cardiac myocytes and results in an overall decreased force of contraction by the heart. Verapamil affects smooth muscle contraction and subsequent vasoconstriction in peripheral arterioles and coronary arteries by the same mechanism.  Decreased cardiac contractility and vasodilation lower blood pressure. \n\n\n\nThe second part of this pathway illustrates the effect of calcium channel antagonism on the cardiac action potentials. Contractile activity of cardiac myocytes is elicited via action potentials mediated by a number of ion channel proteins. During rest, or diastole, cells maintain a negative membrane potential; i.e. the inside of the cell is negatively charged relative to the cells\u008a\u0097\u00c8 extracellular environment. Membrane ion pumps, such as the sodium-potassium ATPase and sodium-calcium exchanger (NCX), maintain low intracellular sodium (5 mM) and calcium (100 nM) concentrations and high intracellular potassium (140 mM) concentrations. Conversely, extracellular concentrations of sodium (140 mM) and calcium (1.8 mM) are relatively high and extracellular potassium concentrations are low (5 mM). At rest, the cardiac cell membrane is impermeable to sodium and calcium ions, but is permeable to potassium ions via inward rectifier potassium channels (I-K1), which allow an outward flow of potassium ions down their concentration gradient. The positive outflow of potassium ions aids in maintaining the negative intracellular electric potential. When cells reach a critical threshold potential, voltage-gated sodium channels (I-Na) open and the rapid influx of positive sodium ions into the cell occurs as the ions travel down their electrochemical gradient. This is known as the rapid depolarization or upstroke phase of the cardiac action potential. Sodium channels then close and rapidly activated potassium channels such as the voltage-gated transient outward delayed rectifying potassium channel (I-Kto) and the voltage-gated ultra rapid delayed rectifying potassium channel (I-Kur) open. These events make up the early repolarization phase during which potassium ions flow out of the cell and sodium ions are continually pumped out. During the next phase, known as the plateau phase, calcium L-type channels (I-CaL) open and the resulting influx of calcium ions roughly balances the outward flow of potassium channels. During the final repolarization phase, the voltage-gated rapid (I-Kr) and slow (I-Ks) delayed rectifying potassium channels open increasing the outflow of potassium ions and repolarizing the cell. The extra sodium and calcium ions that entered the cell during the action potential are extruded via sodium-potassium ATPases and NCX and intra- and extracellular ion concentrations are restored. In specialized pacemaker cells, gradual depolarization to threshold occurs via funny channels (I-f). Blocking L-type calcium channels decreases conduction and increases the refractory period. Verapamil\u008a\u0097\u00c8s effects on pacemaker cells enable its use as a rate-controlling agent in atrial fibrillation. \n\n (less)",
    "chem_link": [
        "Q16665",
        "P01584",
        "Q96P20",
        "Q9NTG7",
        "Q7Z4N8",
        "O00206"
    ],
    "prot_link": [
        "HMDB0000037",
        "HMDB0061196",
        "HMDB0001035",
        "HMDB0000492",
        "HMDB0015433",
        "HMDB0061258",
        "HMDB0001362",
        "HMDB0000586",
        "HMDB0000588",
        "HMDB0001980",
        "HMDB0002111",
        "HMDB0001303"
    ]
}