{
    "smpdb": "SMP0000411",
    "name": "Hydrocodone Action Pathway",
    "class": "Drug Action",
    "description": "Josamycin is a macrolide antibiotic that is synthesized from Streptomyces narbonensis which can against various pathogens. Josamycin inhibits protein biosynthesis of bacteria by binding to ribosomal 50S subunit reversibly, which lead to inhibition of translocation of peptidyl tRNA. This action is mainly bacteriostatic, but can also be bactericidal in high concentrations. Macrolides can be accumulated within leukocytes, and transport into infection site later on. (less)",
    "chem_link": [
        "Q9NQ66",
        "Q08828",
        "Q5JWF2",
        "P62873",
        "P59768",
        "Q14643",
        "Q99677",
        "P31749",
        "Q13464",
        "P11831"
    ],
    "prot_link": [
        "HMDB0001341",
        "HMDB0000538",
        "HMDB0061054",
        "HMDB0003178",
        "HMDB0001429",
        "HMDB0014710",
        "HMDB0002111"
    ]
}