{
    "smpdb": "SMP0000488",
    "name": "Hyperphenylalaninemia Due to 6-Pyruvoyltetrahydropterin Synthase Deficiency (ptps)",
    "class": "Disease",
    "description": "Hyperlysinemia type I is a rare inherited inborn error of metabolism (IEM) of lysine metabolism.  It is an autosomal recessive disorder that is caused by a defect in the alpha-aminoadipic semialdehyde synthase gene (AASS). The AASS gene encodes a bifunctional enzyme that contains lysine alpha-ketoglutarate reductase and saccharopine dehydrogenase. In hyperlysinemia type I, both enzymatic functions of AASS are defective. AASS is involved in the first two steps of the lysine degradation pathway. Lysine-alpha-ketoglutarate reductase catalyzes the metabolism of lysine to saccharopine, which is then cleaved to alpha-aminoadipic semialdehyde and glutamic acid by saccharopine dehydrogenase. Hyperlysinemia type I is characterized by elevated blood levels of the amino acid lysine, a building block of most proteins. Pipecolic acid can also be increased in serum and urine, while ornithine is typically decreased. Clinical symptoms of hyperlysinemia are highly variable. The descriptions range from symptom-free to severe developmental delay, spastic diplegia, seizures, rigidity, coma, episodic vomiting, and diarrhea. For the vast majority of people, hyperlysinemia typically causes no health problems, and most people with elevated lysine levels are unaware that they have this condition. (less)",
    "chem_link": [
        "P00740",
        "P12259",
        "P08709",
        "P00451",
        "P00742",
        "P03951",
        "P00748",
        "P00488",
        "P05160",
        "P02452",
        "P02671",
        "P02675",
        "P02679",
        "P03952",
        "P00747",
        "P00734",
        "P13726",
        "P00750",
        "Q9BQB6",
        "P38435"
    ],
    "prot_link": [
        "HMDB0000895",
        "HMDB0061277",
        "HMDB0001341",
        "HMDB0000538",
        "HMDB0001967",
        "HMDB0000492",
        "HMDB0000870",
        "HMDB0001362",
        "HMDB0000595",
        "HMDB0059597",
        "HMDB0005017",
        "HMDB0001429",
        "HMDB0000586",
        "HMDB0002111",
        "HMDB0001303"
    ]
}