{
    "smpdb": "SMP0000251",
    "name": "Roxithromycin Action Pathway",
    "class": "Drug Action",
    "description": "The branched chain amino acid (BCAA) leucine is able to signal transduction pathways that modulate translation initiation for protein synthesis in skeleton muscles. In the presence of leucine, hyperphosphorylation of 4E-BP1 causes its affinity for eIF4E to be lowered. This allows eIF4F protein complexes to recognize, unfold and guide the mRNA to the 43S preinitiation complex thereby increasing translation initiation. In addition, leucine has a transient affect on the release of insulin and/or enhances sensitivity of muscle cells to insulin. A culmination of both signals at the mammalian target of rapamycin (mTOR) and perhaps other signaling, such as PKC\u03b4, are needed for maximum translation initiation to occur.  (less)",
    "chem_link": [
        "P01024",
        "P01024",
        "P01024",
        "P01031",
        "P01031",
        "P01031",
        "P13671",
        "P10643",
        "P07357",
        "P02748",
        "P00751",
        "P00751",
        "P00751",
        "P00746",
        "P27918"
    ],
    "prot_link": [
        "HMDB0061380",
        "HMDB0001206",
        "HMDB0001341",
        "HMDB0000538",
        "HMDB0000030",
        "HMDB0001967",
        "HMDB0000072",
        "HMDB0000094",
        "HMDB0001423",
        "HMDB0001072",
        "HMDB0001248",
        "HMDB0001197",
        "HMDB0000134",
        "HMDB0001201",
        "HMDB0001273",
        "HMDB0000595",
        "HMDB0059597",
        "HMDB0000193",
        "HMDB0000156",
        "HMDB0000962",
        "HMDB0000547",
        "HMDB0001333",
        "HMDB0000902",
        "HMDB0001487",
        "HMDB0000223",
        "HMDB0000208",
        "HMDB0001429",
        "HMDB0000243",
        "HMDB0059661",
        "HMDB0000254",
        "HMDB0001022",
        "HMDB0001372",
        "HMDB0002111"
    ]
}