{
    "smpdb": "SMP0000183",
    "name": "gamma-Glutamyltransferase Deficiency",
    "class": "Disease",
    "description": "Ardeparin, trade name Normiflo, is low molecular weight heparin with anticoagulant effects used to prevent thrombosis. Ardeparin binds and increases antithrombin III activity and inactivates thrombin, factor Xa and coagulation factors XIIa, XIa, plasmin and kallikrein to prevent clot formation. In addition, heparin cofactor II is bound by ardeparin to inhibit thrombin. Plasma proteins have a smaller affinity for low molecular weight heparins than unfractionated heparin. Low molecular weight heparins also don't undergo the rapid degradation of unfractionated heparins. These properties increase ardeparin's bioavailability and give a more predictable anticoagulant activity. (less)",
    "chem_link": [
        "HMDB0000037",
        "HMDB0000492",
        "HMDB0000595",
        "HMDB0000574",
        "HMDB0000586",
        "HMDB0000588",
        "HMDB0014565",
        "HMDB0000294",
        "HMDB0002111"
    ],
    "prot_link": [
        "P08195",
        "P37088",
        "P51168",
        "P51172",
        "P51170",
        "P29972",
        "P41181",
        "Q92482",
        "P48048",
        "B7ZKV8",
        "P82251",
        "P51800",
        "P43005",
        "Q01650",
        "Q9UHI5",
        "P08235",
        "Q07837",
        "Q9NP91",
        "Q969I6",
        "P05023",
        "P50993",
        "P13637",
        "Q13733",
        "P05026",
        "P14415",
        "P54709",
        "P54710",
        "Q13621",
        "P55017",
        "Q9UHW9",
        "O15244",
        "Q4U2R8",
        "Q15849",
        "Q9UM01",
        "Q92536"
    ]
}