{
    "smpdb": "SMP0000412",
    "name": "Oxymorphone Action Pathway",
    "class": "Drug Action",
    "description": "Cocaine exerts its local anaesthetic effect by blocking voltage-gated sodium channels in peripheral neurons. Cocaine diffuses across the neuronal plasma membrane in its uncharged base form. Once inside the cytoplasm, it is protonated and this protonated form enters and blocks the pore of the voltage-gated sodium channel from the cytoplasmic side. For this to happen, the sodium channel must first become active so that so that gating mechanism is in the open state. Therefore cocaine preferentially inhibits neurons that are actively firing.  (less)",
    "chem_link": [
        "HMDB0001341",
        "HMDB0000538",
        "HMDB0000464",
        "HMDB0014415",
        "HMDB0001429",
        "HMDB0000586",
        "HMDB0000588",
        "HMDB0002111"
    ],
    "prot_link": [
        "Q13424",
        "Q09428",
        "O60706",
        "Q14654",
        "Q15842",
        "B7ZKV8",
        "P08588",
        "Q13884",
        "Q13425",
        "P17612",
        "P10644",
        "P26678",
        "Q12959",
        "P48549",
        "P48544",
        "P63252",
        "P48050",
        "Q9NS61",
        "P08172",
        "O00180",
        "P22460",
        "Q9UK17",
        "P15382",
        "Q9Y6J6",
        "Q12809",
        "P51787",
        "Q9Y3Q4",
        "Q5I7T1",
        "Q92736",
        "P16615",
        "Q14524",
        "P32418",
        "P05023",
        "P50993",
        "P13637",
        "Q13733",
        "P05026",
        "P14415",
        "P54709",
        "P54710",
        "P09493",
        "P07951",
        "Q9NY47",
        "Q13936",
        "Q02641",
        "O43497",
        "O95180"
    ]
}