{
    "smpdb": "SMP0000092",
    "name": "Rosuvastatin Action Pathway",
    "class": "Drug Action",
    "description": "Trifunctional protein deficiency is a condition caused by mutations in the genes HADHA and HADHB. The enzyme affected is required to metabolize long-chain fatty acids, which makes a patients ability to convert fats to energy very difficult. This is exacerbated by periods without food. The symptoms associated with this disorder differ depending on when they appear in a patient. In infancy, symptoms would include lethargy, hypoglycaemia and hypotonia. Infants are also at higher risk for sudden death and heart problems. Later onset trifunctional protein deficiency symptoms also include hypotonia, but also include breakdown of muscle tissue and peripheral neuropathy. Treatment includes a low-fat, high-carbohydrate diet and avoiding fasting, as this can induce symptoms of this condition. \n (less)",
    "chem_link": [
        "HMDB0001090",
        "HMDB0001188",
        "HMDB0006839",
        "HMDB0001375",
        "HMDB0006838",
        "HMDB0001286",
        "HMDB0006840",
        "HMDB0001023",
        "HMDB0001217",
        "HMDB0006927",
        "HMDB0006841",
        "HMDB0006842",
        "HMDB0000032",
        "HMDB0003896",
        "HMDB0002027",
        "HMDB0001484",
        "HMDB0001206",
        "HMDB0001341",
        "HMDB0000538",
        "HMDB0001967",
        "HMDB0000067",
        "HMDB0061374",
        "HMDB0001423",
        "HMDB0002719",
        "HMDB0001120",
        "HMDB0001248",
        "HMDB0000961",
        "HMDB0061373",
        "HMDB0000142",
        "HMDB0001285",
        "HMDB0003178",
        "HMDB0015531",
        "HMDB0001347",
        "HMDB0001251",
        "HMDB0001170",
        "HMDB0000547",
        "HMDB0000227",
        "HMDB0001343",
        "HMDB0000217",
        "HMDB0000221",
        "HMDB0001377",
        "HMDB0014427",
        "HMDB0001429",
        "HMDB0000250",
        "HMDB0000256",
        "HMDB0000876",
        "HMDB0002111",
        "HMDB0006271"
    ],
    "prot_link": [
        "Q15125",
        "P04035",
        "P56937",
        "Q9BWD1",
        "O76062",
        "Q15392",
        "P53602",
        "P14324",
        "O95749",
        "Q01581",
        "Q13907",
        "Q16850",
        "P48449",
        "O75845",
        "P38571",
        "Q15800",
        "Q03426",
        "Q15126",
        "Q14534",
        "P37268",
        "P35610",
        "Q15738"
    ]
}