{
    "smpdb": "SMP0000513",
    "name": "Xanthinuria Type II",
    "class": "Disease",
    "description": "Very long-chain acyl-CoA dehydrogenase deficiency (VLCAD), also called ACADL and VLCAD, is a rare inborn error of metabolism (IEM) and  autosomal recessive disorder, which is caused by a defective very long-chain specific acyl-CoA dehydrogenase. Very long-chain specific acyl-CoA dehydrogenase breakdown certain fats to energy. This disorder is characterized by a large accumulation of fatty acids such as L-Palmitoylcarnitine in the mitochondria. Symptoms of the disorder include muscle weakness, lethargy (lack of energy) and hypoglycemia (low blood sugar). Treatment with diet modifications such as consuming supplemental calories is suggested. It is estimated that very long-chain acyl-CoA dehydrogenase deficiency  affects 1 in 40,000 to 120,000 individuals. (less)",
    "chem_link": [
        "P08684",
        "P20815",
        "P11388"
    ],
    "prot_link": [
        "HMDB0000464",
        "HMDB0000015",
        "HMDB0015356",
        "HMDB0004198"
    ]
}