{
    "smpdb": "SMP0000343",
    "name": "Intracellular Signalling Through PGD2 receptor and Prostaglandin D2",
    "class": "Signaling",
    "description": "Maple syrup urine disease, also called BCKD deficiency, is a rare inborn error of metabolism (IEM) and autosomal recessive  disorder caused by a defective BCKDHA, BKCDHB or DBT gene. These genes code for a protein which is vital in the breakdown of amino acids, specifically the amino acids leucine, isoleucine and valine. This disorder is characterized by a large accumulation of these amino acids in the body. Symptoms of the disorder include a distinct maple syrup smell of the urine, vomiting, lethargy, abnormal movements and delayed development. Treatment includes long-term dietary management which aims to restrict the consumption of branched-chain amino acids. It is estimated that maple syrup urine disorder affects 1 in 185,000 infants globally. This number increases significantly when looking specifically at Old World Order Mennonites, where the prevalence is 1 in 380 infants. \n (less)",
    "chem_link": [
        "Q16880",
        "Q06136",
        "Q8TDN7",
        "Q9NUN7",
        "P06280",
        "P15289",
        "Q9UBX8",
        "P16278",
        "Q16739",
        "Q8TCT0",
        "Q6UWV6",
        "P54803",
        "Q99999",
        "P04062",
        "O14494",
        "Q86VZ5",
        "O15269",
        "O15270",
        "Q9UQ49",
        "Q6QHC5",
        "Q9NRA0",
        "O95470",
        "Q8IWX5"
    ],
    "prot_link": [
        "HMDB0012130",
        "HMDB0001166",
        "HMDB0001484",
        "HMDB0001206",
        "HMDB0001263",
        "HMDB0000510",
        "HMDB0001967",
        "HMDB0001423",
        "HMDB0002009",
        "HMDB0001248",
        "HMDB0001339",
        "HMDB0003125",
        "HMDB0000148",
        "HMDB0000182",
        "HMDB0000716",
        "HMDB0000962",
        "HMDB0000902",
        "HMDB0001487",
        "HMDB0000217",
        "HMDB0000221",
        "HMDB0000225",
        "HMDB0000208",
        "HMDB0001377",
        "HMDB0001491",
        "HMDB0000279",
        "HMDB0001372",
        "HMDB0002111"
    ]
}