{
    "smpdb": "SMP0000375",
    "name": "Verapamil Action Pathway",
    "class": "Drug Action",
    "description": "This pathway illustrates the quinidine targets involved in antiarrhythmic therapy. Contractile activity of cardiac myocytes is elicited via action potentials mediated by a number of ion channel proteins. During rest, or diastole, cells maintain a negative membrane potential; i.e. the inside the cell is negatively charged relative to the cells\u2019 extracellular environment. Membrane ion pumps, such as the sodium-potassium ATPase and sodium-calcium exchanger (NCX), maintain low intracellular sodium (5 mM) and calcium (100 nM) concentrations and high intracellular potassium (140 mM) concentrations. Conversely, extracellular concentrations of sodium (140 mM) and calcium (1.8 mM) are relatively high and extracellular potassium concentrations are low (5 mM). At rest, the cardiac cell membrane is impermeable to sodium and calcium ions, but is permeable to potassium ions via inward rectifier potassium channels (I-K1), which allow an outward flow of potassium ions down their concentration gradient. The positive outflow of potassium ions aids in maintaining the negative intracellular electric potential. When cells reach a critical threshold potential, voltage-gated sodium channels (I-Na) open and the rapid influx of positive sodium ions into the cell occurs as the ions travel down their electrochemical gradient. This is known as the rapid depolarization or upstroke phase of the cardiac action potential. Sodium channels then close and rapidly activated potassium channels such as the voltage-gated transient outward delayed rectifying potassium channel (I-Kto) and the voltage-gated ultra rapid delayed rectifying potassium channel (I-Kur) open. These events make up the early repolarization phase during which potassium ions flow out of the cell and sodium ions are continually pumped out. During the next phase, known as the plateau phase, calcium L-type channels (I-CaL) open and the resulting influx of calcium ions roughly balances the outward flow of potassium channels. During the final repolarization phase, the voltage-gated rapid (I-Kr) and slow (I-Ks) delayed rectifying potassium channels open increasing the outflow of potassium ions and repolarizing the cell. The extra sodium and calcium ions that entered the cell during the action potential are extruded via sodium-potassium ATPases and NCX and intra- and extracellular ion concentrations are restored. In specialized pacemaker cells, gradual depolarization to threshold occurs via funny channels (I-f). \n\nQuinidine, a diastereomer of quinine, is a Class 1A antiarrhythmic drug that is isolated from the bark of the Cinchona plant or other related species. This alkaloid dampens the excitability of cardiac and skeletal muscles by blocking sodium and potassium currents across cellular membranes. At low concentrations, it blocks the voltage-gated sodium (I-Na) and rapid delayed rectifying potassium (I-Kr) channels. I-Na is responsible for the rapid upstroke in cell membrane potential observed on the cardiac myocyte action potential. I-Kr is partially responsible for the final repolarization phase of the action potential. By blocking I-Na, quinidine increases the threshold of excitability and decreases automaticity. I-Kr block results in action potential prolongation. At higher concentrations, quinidine also blocks voltage-gated delayed rectifying potassium channel (I-Ks), inward rectifier potassium channel (I-K1), voltage-gated transient outward delayed rectifying potassium channel (I-Kto), and L-type calcium channels (I-CaL). Quinidine also exerts antimuscarinic effects, which increase AV nodal conduction and antagonize alpha-adrenergic effects. Quinidine may be used to maintain sinus rhythm in atrial fibrillation or flutter and prevent recurrence of ventricular fibrillation or tachycardia. The side effects of quinidine include diarrhea and on rare occasions (2-8%) Torsades de Pointes. \n (less)",
    "chem_link": [
        "P12821",
        "P01019",
        "P00797",
        "P00797"
    ],
    "prot_link": [
        "HMDB0000050",
        "HMDB0000538",
        "HMDB0000058",
        "HMDB0001201",
        "HMDB0001273",
        "HMDB0000547",
        "HMDB0001429",
        "HMDB0010032",
        "HMDB0010147",
        "HMDB0000250",
        "HMDB0015532"
    ]
}