{
    "smpdb": "SMP0000202",
    "name": "MNGIE (Mitochondrial Neurogastrointestinal Encephalopathy)",
    "class": "Disease",
    "description": "Omeprazole, sold as Prilosec. Losec and Zegerid, is a proton pump inhibitor (PPI) class drug that suppresses the final step in gastric acid production, and was the first proton pump inhibitor to e developed. In this pathway, omeprazole is taken orally and is oxidized in the stomach to form the active metabolite of omeprazole. This active metabolite then binds covalently to the potassium-transporting ATPase protein subunits, found at the secretory surface of the gastric parietal cell, preventing any stimulus. Because the drug binds covalently, its effects are dose-dependent and last much longer than similar drugs that bind to the protein non-covalently. This is because additional ATPase enzymes must be created to replace the ones covalently bound by pantoprazole. Omeprazole is used to manage gastroesophageal reflux disease, to prevent stomach ulcers, and can be used to help treat the effects of a H. pylori infection. (less)",
    "chem_link": [
        "Q9NQ66",
        "P50148",
        "P35367",
        "Q14643",
        "P19838",
        "P17252",
        "P05771",
        "Q9NY47",
        "Q02641",
        "O00555"
    ],
    "prot_link": []
}