{
    "smpdb": "SMP0000141",
    "name": "3-Methylglutaconic Aciduria Type IV",
    "class": "Disease",
    "description": "Guanidinoacetate methyltransferase deficiency, also called GAMT deficiency, is a rare inborn error of metabolism (IEM) and autosomal recessive disorder of creatine metabolism caused by a defective guanidinoacetate methyltransferase (GAMT). GAMT catalyzes the conversion of guanidinoacetate into creatine which is used by creatine kinase to resynthesize adenosine triphosphate (ATP) from adenosine diphosphate (ADP). This disease is characterized by a large accumulation of guanidinoacetate and a decrease in creatine in the blood and urine. Symptoms of the disease include developmental delay, hypotonia, and seizures. Treatment with creatine supplementation is very effective. It is estimated that GAMT deficiency affects 1 in 250 000 individuals. (less)",
    "chem_link": [
        "HMDB0000898",
        "HMDB0000001",
        "HMDB0000479",
        "HMDB0001014",
        "HMDB0001534",
        "HMDB0001341",
        "HMDB0000045",
        "HMDB0000538",
        "HMDB0000051",
        "HMDB0000194",
        "HMDB0000464",
        "HMDB0001967",
        "HMDB0000033",
        "HMDB0000657",
        "HMDB0001248",
        "HMDB0000854",
        "HMDB0000870",
        "HMDB0059597",
        "HMDB0003125",
        "HMDB0003905",
        "HMDB0002024",
        "HMDB0000148",
        "HMDB0000177",
        "HMDB0001333",
        "HMDB0004181",
        "HMDB0002820",
        "HMDB0000902",
        "HMDB0001487",
        "HMDB0000217",
        "HMDB0000221",
        "HMDB0001377",
        "HMDB0001429",
        "HMDB0001491",
        "HMDB0000250",
        "HMDB0000939",
        "HMDB0001185",
        "HMDB0001846",
        "HMDB0011639",
        "HMDB0000301",
        "HMDB0002111",
        "HMDB0001303",
        "HMDB0000056"
    ],
    "prot_link": [
        "P30838",
        "P05091",
        "P19801",
        "P21397",
        "Q96KN2",
        "Q8N4J0",
        "A5YM72",
        "Q96KP4",
        "O95954",
        "P50135",
        "P42357",
        "P19113",
        "P12081",
        "P49590",
        "Q96NU7",
        "O60678",
        "Q96N76"
    ]
}