{
    "smpdb": "SMP0000516",
    "name": "Adrenoleukodystrophy, X-Linked",
    "class": "Disease",
    "description": "Isovaleric academia, also called IVA, is an extremely rare inherited inborn error of metabolism (IEM) of leucine metabolism. It is an autosomal recessive disorder that is caused by a deficiency of isovaleryl-CoA dehydrogenase.  It is characterized by a build-up of isovaleric acid in the blood and other biofluids.  High levels of isovaleric acid lead to a rancid cheese odour. There are two major phenotypes of IVA: (1) an acute form and (2) a late-onset form. The acute form manifests as catastrophic disease in the newborn period and infants become extremely sick in the first week of life. There is usually a history of poor feeding, vomiting, lethargy, and seizures. In the acute form, metabolic acidosis is present, usually with an elevated anion gap and ketosis. There may be secondary hyperammonemia, thrombocytopenia, neutropenia, and sometimes anemia. The late-onset form is characterized by chronic, intermittent episodes of metabolic decompensation. The degree of isovaleryl-CoA dehydrogenase deficiency and the mutations differ between the two extreme presentations. The acute form of IVA is reasonably treatable. Administration of glycine has been shown to reduce isovaleric acidemia in neonates.  Glycine is readily conjugated with isovaleric acid, which leads to urinary excretion of the conjugate. A diet that is also restricted in leucine consumption is also useful in treating the disorder. (less)",
    "chem_link": [
        "HMDB0002217",
        "HMDB0000008",
        "HMDB0000005",
        "HMDB0006807",
        "HMDB0001484",
        "HMDB0001206",
        "HMDB0002307",
        "HMDB0001341",
        "HMDB0000045",
        "HMDB0000538",
        "HMDB0002086",
        "HMDB0000030",
        "HMDB0001967",
        "HMDB0000094",
        "HMDB0001423",
        "HMDB0001248",
        "HMDB0001362",
        "HMDB0000595",
        "HMDB0059597",
        "HMDB0000700",
        "HMDB0000148",
        "HMDB0000883",
        "HMDB0011111",
        "HMDB0001175",
        "HMDB0002170",
        "HMDB0001333",
        "HMDB0000202",
        "HMDB0000902",
        "HMDB0001487",
        "HMDB0000208",
        "HMDB0003426",
        "HMDB0002142",
        "HMDB0006806",
        "HMDB0000237",
        "HMDB0001275",
        "HMDB0001491",
        "HMDB0000250",
        "HMDB0002255",
        "HMDB0002310",
        "HMDB0001022",
        "HMDB0001372",
        "HMDB0002111",
        "HMDB0000056"
    ],
    "prot_link": [
        "P12694",
        "P21953",
        "Q6NVY1",
        "P80404",
        "P24752",
        "Q13085",
        "Q9NUB1",
        "Q9H6R3",
        "P09622",
        "P30084",
        "Q9BYZ2",
        "P11182",
        "O95822",
        "P11310",
        "Q02252",
        "Q96PE7",
        "P22033",
        "P05165",
        "P05166"
    ]
}