{
    "smpdb": "SMP0000164",
    "name": "Telmisartan Action Pathway",
    "class": "Drug Action",
    "description": "Doxorubicin is an anthracycline antibiotic used as a cancer chemotherapy drug. The major metabolic route of doxorubicin metabolism is two-electron reduction to doxorubicinol. A second route is one-electron reduction resulting in a doxorubicin-semiquinone, which can be undertaken by NADH dehydrogenases in the sarcoplasmic reticulum or mitochondrion, or nitric oxide synthases, NADPH dehydrogenase, or xanthine oxidase. Reactive oxygen species are formed when the semiquinone is re-oxidized back to doxorubicin. The reactive oxygen species are thought by some to be responsible for the drug's effects and cardiotoxicity, and can be deactivated by glutathione peroxidase, catalase, and superoxide dismutase. A third and minor metabolic route involves deglycosidation and results in the formation of doxirubicinol hydroxyaglycone. Approximately 50% of doxorubicin is eliminated unchanged from the body. (less)",
    "chem_link": [],
    "prot_link": [
        "P11362",
        "Q86Z14",
        "Q96RI1",
        "O95750",
        "P21802",
        "P22607",
        "P22455",
        "Q12908"
    ]
}