{
    "smpdb": "SMP0000479",
    "name": "Plasmalogen Synthesis",
    "class": "Metabolic",
    "description": "Plasmalogens are a class of phospholipids found in animals.  Plasmalogens are thought to influence membrane dynamics and fatty acid levels, while also having roles in intracellular signalling and as antioxidants.  Plasmalogens consist of a glycerol backbone with an vinyl-ether-linked alkyl chain at the sn-1 position, an ester-linked long-chain fatty acid at the sn-2 position, and a head group attached to the sn-3 position through a phosphodiester linkage.  It is the vinyl-ether-linkage that separates plasmalogens from other phospholipids.   Plasmalogen biosynthesis begins in the peroxisomes, where the integral membrane protein dihydroxyacetone phosphate acyltransferase (DHAPAT) catalyzes the esterification of the free hydroxyl group of dihydroxyacetone phosphate (DHAP) with a molecule any of long chain acyl CoA.  Next, alkyl-DHAP synthase, a peroxisomal enzyme associated with DHAPAT, replaces the fatty acid on the DHAP with a long chain fatty alcohol.  The third step of plasmalogen biosynthesis is catalyzed by the enzyme acyl/alkyl-DHAP reductase, which is found in the membrane of both the peroxisome and endoplasmic reticulum (ER).  Acyl/alkyl-DHAP reductase uses NADPH as a cofactor to reduce the ketone of the 1-alkyl-DHAP using a classical hydride transfer mechanism.  The remainder of plasmalogen synthesis occurs using enzymes in the ER.  Lysophosphatidate acyltransferases (LPA-ATs) transfer the acyl component of a polyunsaturated acyl-CoA to the the 1-alkyl-DHAP, creating a 1-alkyl-2-acylglycerol 3-phosphate.  The phosphate is then removed by lipid phosphate phosphohydrolase I (PAP-I), and the head group is attached by a choline/ethanolaminephosphotransferase.  The majority of plasmalogens have either ethanolamine or choline as a headgroup, although a small amount of serine and inositol-linked ether-phospholipids can also be found.  In the final step, the vinyl-ether linkage is created by plasmanylethanolamine desaturase, which catalyzes the formation of a double bond in the alkyl chain of the plasmalogen.  (less)",
    "chem_link": [
        "HMDB0001967",
        "HMDB0000492",
        "HMDB0000595",
        "HMDB0059597",
        "HMDB0000574",
        "HMDB0000586",
        "HMDB0000588",
        "HMDB0000294",
        "HMDB0002111",
        "HMDB0001303"
    ],
    "prot_link": [
        "P08195",
        "P29972",
        "P82251",
        "P00915",
        "Q9Y6R1",
        "P43005",
        "Q01650",
        "Q9UHI5",
        "Q07837",
        "Q9NP91",
        "Q969I6",
        "P19634",
        "O15244",
        "Q4U2R8",
        "Q9UM01",
        "Q92536"
    ]
}