{
    "smpdb": "SMP0000242",
    "name": "Dimethylglycine Dehydrogenase Deficiency",
    "class": "Disease",
    "description": "Ranitidine is an anti-ulcer agent, that works through antagonizing the histamine H2 receptor. It is used to reduce abdominal pain, heartburn, acid indigestion and acid reflux. The pathway begins in the stomach, where ranitidine inhibits the histamine H2 receptor on the surface of the parietal cell. Now in the gastric endothelial cell, potassium-transporting ATPase units are inhibited by G-Protein signalling cascade through somatostatin receptor type 4, which is activated by somatostatin. At the same time, potassium-transporting ATPase is activated by the G-protein signalling cascade, through histamine H2 receptor which is inhibited by ranitidine, gastrin/cholecystokinin type B receptor, and muscarinic acetylcholine receptor M3 which are activated by histamine, gastrin and acetylcholine, respectively. The potassium transporting ATPase also converts water and ATP to a phosphate molecule and ADP. Alongside the transporters, potassium is brought into the cell. Carbonic anhydrase 1 uses water and carbon dioxide to create hydrogen carbonate and a hydrogen ion, which are both transported out of the endothelial cell, into the gastric lumen. A chloride ion is transported into the gastric endothelial cell through a chloride anion exchanger and is transported out of the cell through a chloride intracellular channel protein 2, back into the gastric lumen.\n (less)",
    "chem_link": [
        "P23526",
        "Q93088",
        "Q8NE62",
        "P35520",
        "P32929",
        "Q14749",
        "Q96RQ9",
        "Q9NZL9",
        "Q99707",
        "P56192",
        "Q9Y3D2",
        "Q8IXL7",
        "Q96DP5",
        "P42898",
        "P17707",
        "P31153",
        "Q13126",
        "P34896",
        "P19623"
    ],
    "prot_link": [
        "HMDB0000972",
        "HMDB0000005",
        "HMDB0001553",
        "HMDB0001173",
        "HMDB0001533",
        "HMDB0001396",
        "HMDB0000963",
        "HMDB0000050",
        "HMDB0000045",
        "HMDB0000538",
        "HMDB0000051",
        "HMDB0001967",
        "HMDB0000097",
        "HMDB0000092",
        "HMDB0001248",
        "HMDB0000123",
        "HMDB0000742",
        "HMDB0003125",
        "HMDB0000099",
        "HMDB0000574",
        "HMDB0000719",
        "HMDB0000696",
        "HMDB0000187",
        "HMDB0000547",
        "HMDB0002005",
        "HMDB0000902",
        "HMDB0001487",
        "HMDB0001377",
        "HMDB0001429",
        "HMDB0000586",
        "HMDB0001414",
        "HMDB0001491",
        "HMDB0000250",
        "HMDB0000939",
        "HMDB0000988",
        "HMDB0001185",
        "HMDB0000271",
        "HMDB0001257",
        "HMDB0001846",
        "HMDB0002111",
        "HMDB0015532",
        "HMDB0001303",
        "HMDB0000043"
    ]
}