{
    "smpdb": "SMP0000489",
    "name": "Hyperphenylalaninemia Due to DHPR-Deficiency",
    "class": "Disease",
    "description": "Sorafenib is a drug that belongs to the antineoplastics drug class, which is the drug class relating to the treatment of cancer, specifically renal, hepatic and thyroid cancers. This drug works by stopping cancerous tumour progress and stopping therapy replication pf potentially malignant cells. It does this by inhibiting protein synthesis, as we will explore in the pathway. Sorafenib is administered orally, in a tablet form taken twice daily without food. Once ingested, sorafenib finds itself in the endoplasmic reticulum membrane , where it inhibits cytochrome P450 2B6, cytochrome P450 2C8, cytochrome P450 2C9 and UDP-glucuronosyltransferase 1-1. Sorafenib is also catalyzed, with the help uridine diphosphate glucuronic acid and the enzyme UDP-glucuronosyltransferase 1-9 to sorafenib b-D-glucuronide with a by-product of uridine 5\u2019-diphosphate. Sorafenib also undergoes a transformation without the use of catalytic enzymes and becomes sorafenib metabolite M4 and subsequently becomes sorafenib metabolite M5. In another reaction, sorafenib teams up with water and oxygen, using cytochrome P450 3A4 to create sorafenib N-oxide and hydrogen peroxide. Sorafenib N-oxide then undergoes two more reactions, one where it becomes sorafenib N-oxide glucuronide, and another where it becomes sorafenib metabolite M1. Sorafenib metabolite M1 is also attached to another reaction, as sorafenib creates sorafenib metabolite M3, sorafenib metabolite M1 is also created from this metabolite.  (less)",
    "chem_link": [
        "HMDB0001451",
        "HMDB0000005",
        "HMDB0000807",
        "HMDB0001533",
        "HMDB0001149",
        "HMDB0013639",
        "HMDB0001206",
        "HMDB0001341",
        "HMDB0000045",
        "HMDB0000538",
        "HMDB0002134",
        "HMDB0000051",
        "HMDB0001967",
        "HMDB0001423",
        "HMDB0000064",
        "HMDB0003406",
        "HMDB0012210",
        "HMDB0000092",
        "HMDB0001248",
        "HMDB0001426",
        "HMDB0000139",
        "HMDB0000123",
        "HMDB0000119",
        "HMDB0000128",
        "HMDB0000742",
        "HMDB0003125",
        "HMDB0001352",
        "HMDB0006454",
        "HMDB0000161",
        "HMDB0000517",
        "HMDB0000099",
        "HMDB0000574",
        "HMDB0000148",
        "HMDB0000696",
        "HMDB0000187",
        "HMDB0000547",
        "HMDB0000902",
        "HMDB0001487",
        "HMDB0000218",
        "HMDB0000208",
        "HMDB0001377",
        "HMDB0001429",
        "HMDB0001024",
        "HMDB0000272",
        "HMDB0001491",
        "HMDB0000250",
        "HMDB0001167",
        "HMDB0000243",
        "HMDB0000939",
        "HMDB0001185",
        "HMDB0000271",
        "HMDB0001022",
        "HMDB0001846",
        "HMDB0002111",
        "HMDB0001303",
        "HMDB0000043"
    ],
    "prot_link": [
        "O75600",
        "P13196",
        "P05091",
        "P21397",
        "P48728",
        "Q93088",
        "P35520",
        "P32929",
        "O43175",
        "P09622",
        "Q9UI17",
        "Q8IVS8",
        "P50440",
        "P23378",
        "Q14749",
        "P41250",
        "Q14353",
        "P20132",
        "Q9Y617",
        "P78330",
        "Q9UL12",
        "P34896",
        "P34897",
        "Q9GZT4",
        "P21549",
        "P49591"
    ]
}