{
    "smpdb": "SMP0000481",
    "name": "Mitochondrial Beta-Oxidation of Medium Chain Saturated Fatty Acids",
    "class": "Metabolic",
    "description": "Beta-oxidation is the major degradative pathway for fatty acid esters in humans. Fatty acids and their CoA esters are found throughout the body, playing roles such as components of cellular lipids, regulators of enzymes and membrane channels, ligands for nuclear receptors, precursor molecules for hormones, and signalling molecules. Beta-oxidation occurs in the peroxisomes and mitochondria, the latter of which is depicted here. Whether beta-oxidation starts in the mitochondria or the peroxisome depends on the length of the fatty acid. Medium to long chain fatty acids go directly to the mitochondria, whereas very long chain fatty acids (>22 carbons) may be first metabolized down to octanyl-CoA in the peroxisomes and then transported to the mitochondria for the remainder of the oxidation.  Beta-oxidation begins with activation of fatty acids by an acyl-coenzyme A synthetase. ATP is used to produce reactive fatty acyl adenylate that can then react with coenzyme A to produce a fatty acyl-CoA. Short and medium chain fatty acids can enter the mitochondria directly via diffusion where they are activated in the mitochondrial matrix by acyl-coenzyme A synthetases. In the first step of the beta-oxidation cycle, a double bond between C-2 and C-3 is formed, producing a trans-\u03942-enoyl-CoA. This is catalyzed by acyl-CoA-dehydrogenases in the mitochondria, which have forms specific to the different lengths of fatty acids. In the second step, enoyl CoA hydratase hydrates the newly formed double bond between C-2 and C-3, producing an L-beta-hydroxyacyl CoA. Next, L-beta-hydroxyacyl CoA dehydrogenase converts the hydroxyl group into a keto group, producing a beta-ketoacyl CoA. In the fourth and final step, the enzyme beta-ketothiolase cleaves the \u03b2-ketoacyl CoA and inserts the thiol group of another CoA between C-2 and C-3, reducing the acyl-CoA by 2 carbons and generating acetyl-CoA. The final two steps also have enzymatic forms specific to short chain fatty acids. Additionally, there is a trifunctional protein complex with enzymatic activity capable of performing all of the final 3 steps (hydratase, dehydrogenase, thiolase) in medium to very long chain fatty acids. This four step cycle repeats, removing 2 carbons from the fatty acid each time until it becomes acetyl-CoA. Acetyl-CoA is necessary for the citric acid cycle, among other cellular processes. (less)",
    "chem_link": [
        "P48048",
        "B7ZKV8",
        "P51800",
        "P00797",
        "P05023",
        "P50993",
        "P13637",
        "Q13733",
        "P05026",
        "P14415",
        "P54709",
        "P54710",
        "Q13621",
        "Q9UHW9"
    ],
    "prot_link": [
        "HMDB0000005",
        "HMDB0011104",
        "HMDB0000050",
        "HMDB0001341",
        "HMDB0000045",
        "HMDB0000538",
        "HMDB0004112",
        "HMDB0000051",
        "HMDB0011110",
        "HMDB0000161",
        "HMDB0000187",
        "HMDB0000902",
        "HMDB0002142",
        "HMDB0003840",
        "HMDB0001491",
        "HMDB0000250",
        "HMDB0011117",
        "HMDB0011118",
        "HMDB0004113",
        "HMDB0060694",
        "HMDB0011119",
        "HMDB0006343",
        "HMDB0003288",
        "HMDB0004122",
        "HMDB0004119",
        "HMDB0003966",
        "HMDB0002111",
        "HMDB0010716"
    ]
}