{
    "smpdb": "SMP0000246",
    "name": "Pirenzepine Action Pathway",
    "class": "Drug Action",
    "description": "Etacrynic acid (also known as ethacrynic acid and Edecrin) is a loop diuretic that can inhibit water reabsorption by binding and inhibiting solute carrier family 12 member 1 (also known as sodium-potassium-chloride cotransporter) in the loop of Henle. Binding of the transporter can prevent import of sodium from lumen from loop of Henle to basolateral interstitium, which lead to more hypertonic environment in lumen than interstitium, and result in prevention of water reabsorption due to diminished osmotic gradient in nephron.   (less)",
    "chem_link": [
        "HMDB0000538",
        "HMDB0000464",
        "HMDB0000122",
        "HMDB0014869"
    ],
    "prot_link": [
        "Q09428",
        "P01308",
        "P11168",
        "Q9NY47",
        "Q02641",
        "O00555"
    ]
}