{
    "smpdb": "SMP0000064",
    "name": "Fructose and Mannose Degradation",
    "class": "Metabolic",
    "description": "Fructose and mannose are monosaccharides that can be found in many foods. Fructose can join with glucose to form sucrose. Mannose can be converted to glucose. Both may be used as food sweeteners. Fructose is well absorbed, especially in the presence of glucose. Fructose causes less of an insulin response compared to glucose and thus may be a preferred sugar for diabetics. In contrast to fructose, humans do not metabolize mannose well with the majority of it being excreted unchanged. Mannose in the urine can be beneficial in treating urinary tract infections caused be E. coli. However, mannose can be detrimental to humans by causing diabetic complications.  (less)",
    "chem_link": [],
    "prot_link": []
}