{
    "smpdb": "SMP0000086",
    "name": "Ibuprofen Action Pathway",
    "class": "Drug Action",
    "description": "Nabumetone (also named Relafen and Relifex) is a nonsteroidal anti-inflammatory drug (NSAID). It can be used to relieve pain (analgesic) and reduce fever (antipyretic). Nabumetone can block prostaglandin synthesis by the action of inhibition of prostaglandin G/H synthase 1 and 2. Prostaglandin G/H synthase 1 and 2 catalyze the arachidonic acid to prostaglandin G2, and also catalyze prostaglandin G2 to prostaglandin H2 in the metabolism pathway. Since prostaglandin is the messenger molecules in the process of inflammation; hence, inhibition of prostaglandin synthesis can reduce the pain, fever and inflammation. (less)",
    "chem_link": [
        "HMDB0000538",
        "HMDB0000464",
        "HMDB0000122",
        "HMDB0015151"
    ],
    "prot_link": [
        "Q09428",
        "P01308",
        "P11168",
        "Q9NY47",
        "Q02641",
        "O00555"
    ]
}