{
    "smpdb": "SMP0000182",
    "name": "Galactosemia",
    "class": "Disease",
    "description": "Ribose-5-phosphate isomerase (RPI) deficiency, is a genetic disorder caused by mutations in the RPIA gene that codes for RPI. RPI is an enzyme that is involved in the pentose phosphate pathway as part of carbohydrate degradation. It reversibly converts D-ribulose 5-phosphate into D-ribose 5-phosphate. In the case of this disorder, RPI functions partially in tissues, because if the gene was simply non-functional, it would likely be lethal. This means that a specific type of mutation needs to occur for this disorder to occur, leading to it being the rarest disease in the world, with only three confirmed cases. In the first known case, the patient had one allele containing a frameshift mutation, which led to a truncated protein, while the other allele contained a missense mutation. This combination meant that activity of RPI was found to vary across tissues and cell types.\n\nCharacteristics of the RPI deficiency include higher ribitol and arabitol levels in a metabolic profile, as well as differences in polyol profiles. There are other symptoms, including leukoencephalopathy and neuropathy, which may be caused by a toxic accumulation of ribitol and arabitol, or a potential lack of ribose-5-phosphate in RNA synthesis.\n (less)",
    "chem_link": [
        "Q9JKJ9",
        "Q60991",
        "Q9EQC1",
        "O88962",
        "Q9JII6",
        "O09174",
        "Q91X34",
        "Q4LDG0",
        "Q9WVK8",
        "Q9Z0F5",
        "Q64505",
        "Q9Z0M5",
        "P32020",
        "Q9QXD1",
        "P51660",
        "Q9DBG1"
    ],
    "prot_link": [
        "HMDB0011644",
        "HMDB0001419",
        "HMDB0006247",
        "HMDB0001231",
        "HMDB0002103",
        "HMDB0012456",
        "HMDB0012455",
        "HMDB0012453",
        "HMDB0003540",
        "HMDB0006890",
        "HMDB0006891",
        "HMDB0006889",
        "HMDB0003533",
        "HMDB0006895",
        "HMDB0006894",
        "HMDB0006893",
        "HMDB0002159",
        "HMDB0000601",
        "HMDB0000359",
        "HMDB0012454",
        "HMDB0001457",
        "HMDB0006888",
        "HMDB0012459",
        "HMDB0006280",
        "HMDB0006281",
        "HMDB0006887",
        "HMDB0002197",
        "HMDB0006892",
        "HMDB0001993",
        "HMDB0001496",
        "HMDB0012458",
        "HMDB0001341",
        "HMDB0000538",
        "HMDB0006737",
        "HMDB0000518",
        "HMDB0000637",
        "HMDB0006292",
        "HMDB0000067",
        "HMDB0000619",
        "HMDB0001374",
        "HMDB0001423",
        "HMDB0000626",
        "HMDB0000631",
        "HMDB0001248",
        "HMDB0000123",
        "HMDB0000138",
        "HMDB0003178",
        "HMDB0015531",
        "HMDB0000761",
        "HMDB0000698",
        "HMDB0000722",
        "HMDB0000902",
        "HMDB0001487",
        "HMDB0000217",
        "HMDB0000221",
        "HMDB0001377",
        "HMDB0000220",
        "HMDB0001275",
        "HMDB0000250",
        "HMDB0000251",
        "HMDB0000951",
        "HMDB0000036",
        "HMDB0000896",
        "HMDB0002111"
    ]
}