{
    "smpdb": "SMP0000073",
    "name": "Butyrate Metabolism",
    "class": "Metabolic",
    "description": "Butyrate metabolism (Butanoate metabolism) describes the metabolic fate of a number of short chain fatty acids or short chain alcohols that are typically produced by intestinal fermentation. Many of these molecules are eventually used in the production of ketone bodies, the creation of short-chain lipids or as precursors to the citrate cycle, glycolysis or glutamate synthesis. The molecule for which this pathway is named, butyric acid, is a four-carbon fatty acid that is formed in the human colon by bacterial fermentation of carbohydrates (including dietary fiber). It is found in rancid butter, parmesan cheese, and vomit, and has an unpleasant odor and acrid taste, with a sweet aftertaste (similar to ether). (less)",
    "chem_link": [
        "P08237",
        "Q96C23",
        "P06733",
        "P07738",
        "P04075",
        "P35575",
        "P06744",
        "P04406",
        "P52789",
        "Q8TE04",
        "P18669",
        "P15259",
        "P30613",
        "P11168",
        "P60174"
    ],
    "prot_link": [
        "HMDB0000042",
        "HMDB0001206",
        "HMDB0000045",
        "HMDB0000538",
        "HMDB0000536",
        "HMDB0000051",
        "HMDB0000052",
        "HMDB0001096",
        "HMDB0001967",
        "HMDB0000904",
        "HMDB0001423",
        "HMDB0006483",
        "HMDB0001248",
        "HMDB0000134",
        "HMDB0001201",
        "HMDB0001273",
        "HMDB0003125",
        "HMDB0000175",
        "HMDB0000517",
        "HMDB0000168",
        "HMDB0000191",
        "HMDB0000148",
        "HMDB0000641",
        "HMDB0000547",
        "HMDB0011111",
        "HMDB0000812",
        "HMDB0000223",
        "HMDB0000208",
        "HMDB0001377",
        "HMDB0001429",
        "HMDB0001491",
        "HMDB0000250",
        "HMDB0000828",
        "HMDB0002111",
        "HMDB0001303",
        "HMDB0000056"
    ]
}