{
    "smpdb": "SMP0000220",
    "name": "Xanthine Dehydrogenase Deficiency (Xanthinuria)",
    "class": "Disease",
    "description": "Adenine phosphoribosyltransferase deficiency, which is also known as APRTD or APRT deficiency, is a rare inherited inborn error of metabolism (IEM) leading to the recurrent formation of kidney stones. It is an autosomal recessive disorder associated with a mutation in the enzyme adenine phosphoribosyltransferase (APRT). APRT is involved in the nucleotide salvage pathway, which provides an alternative, and energetically more efficient route to nucleotide biosynthesis in humans and most other animals.  A defect in this enzyme can lead to the accumulation of the insoluble purine known as 2,8-dihydroxyadenine. In particular, when APRT has reduced or nonexistent activity, adenine accumulates which is then degraded by xanthine dehydrogenase to 2,8-dihydroxyadenine (DHA). 2,8-Dihydroxyadenine is a derivative of adenine which accumulates in 2,8 dihydroxyadenine urolithiasis (kidney stones). Kidney and urinary tract stones can obstruct the urinary tract, resulting in pain and difficulty urinating. If left untreated, the condition can eventually produce kidney failure. APRTD was first diagnosed in 1976. There are two categories of APRTD: type I involves a complete loss of the APRT function while type II involves a partial loss and is mostly found in Japan. APRT deficiency is estimated to affect 1 in 27 000 people in Japan. APRTD is rarer in Europe, where it affects 1 in 50 000 to 100 000 people. A diagnosis of APRTD can be made by analyzing kidney stones or measuring DHA concentrations in urine. APRTD is treatable with regular doses of allopurinol, which inhibits xanthine dehydrogenase activity. APRTD can also be treated with a low-purine diet and a high fluid intake. (less)",
    "chem_link": [
        "P24752",
        "Q13085",
        "Q9NR19",
        "Q8WYK0",
        "P07311",
        "P05091",
        "P15121",
        "P09622",
        "P10515",
        "Q9UBQ7",
        "Q16775",
        "Q6ZMR3",
        "Q04760",
        "P40925",
        "P23368",
        "P48163",
        "P35558",
        "Q86WU2",
        "P11498",
        "P08559",
        "P11177",
        "P30613"
    ],
    "prot_link": [
        "HMDB0000990",
        "HMDB0000042",
        "HMDB0001484",
        "HMDB0006880",
        "HMDB0001206",
        "HMDB0001494",
        "HMDB0001341",
        "HMDB0000045",
        "HMDB0000538",
        "HMDB0000030",
        "HMDB0001967",
        "HMDB0001423",
        "HMDB0006458",
        "HMDB0001311",
        "HMDB0000985",
        "HMDB0001248",
        "HMDB0000125",
        "HMDB0001201",
        "HMDB0001273",
        "HMDB0001362",
        "HMDB0000595",
        "HMDB0059597",
        "HMDB0000190",
        "HMDB0000156",
        "HMDB0003052",
        "HMDB0000962",
        "HMDB0000547",
        "HMDB0001175",
        "HMDB0001333",
        "HMDB0000902",
        "HMDB0001487",
        "HMDB0000217",
        "HMDB0000221",
        "HMDB0000223",
        "HMDB0001429",
        "HMDB0000263",
        "HMDB0002142",
        "HMDB0000586",
        "HMDB0001881",
        "HMDB0000250",
        "HMDB0001167",
        "HMDB0000243",
        "HMDB0006878",
        "HMDB0001066",
        "HMDB0001372",
        "HMDB0002111",
        "HMDB0001303"
    ]
}