{
    "smpdb": "SMP0000405",
    "name": "Codeine Action Pathway",
    "class": "Drug Action",
    "description": "Tenofovir is a nucleotide analogue used in the treatment of HIV and chronic hepatitis B. It is taken up into the cell and is subsequently phosphorylated first by adenylate kinases and then by nucleoside diphosphate kinases into tenofovir diphosphate. Tenofovir diphosphate is an analogue of deoxyadenosine triphosphate (dATP) and competes with dATP for binding to the viral DNA polymerase and subsequent incorporation into the growing DNA strand. Once incorporated into the DNA, tenofovir causes chain termination, thus preventing viral replication. (less)",
    "chem_link": [
        "HMDB0001341",
        "HMDB0000538",
        "HMDB0015049",
        "HMDB0000464",
        "HMDB0000073",
        "HMDB0000216",
        "HMDB0001429",
        "HMDB0000586",
        "HMDB0000259",
        "HMDB0000588",
        "HMDB0002111"
    ],
    "prot_link": [
        "P08908",
        "P35348",
        "B7ZKV8",
        "P01203",
        "P21728",
        "Q8TCU5",
        "Q12879",
        "Q05586",
        "Q9NS61",
        "P35372",
        "P16519",
        "P43681",
        "P17787",
        "Q9NZV8",
        "P01189",
        "Q9Y5Y9",
        "Q07699",
        "Q01959",
        "P23975",
        "P31645",
        "P05023",
        "P50993",
        "P13637",
        "Q13733",
        "P05026",
        "P14415",
        "P54709",
        "P54710",
        "Q9NY47",
        "Q02641",
        "O00555"
    ]
}