{
    "smpdb": "SMP0000309",
    "name": "Excitatory Neural Signalling Through 5-HTR 4 and Serotonin",
    "class": "Protein",
    "description": "cAMP dependent protein kinase is a signalling molecule, found in the nucleus and cytoplasm of cells. Cellular regulation and signal transduction in eukaryotic cells is driven by the phosphorylation of proteins. cAMP dependent protein kinase is created as an active enzyme, which is made possible by a fully phosphorylated activation loop. \n (less)",
    "chem_link": [
        "P05177",
        "P33261",
        "P11712",
        "P10635"
    ],
    "prot_link": [
        "HMDB0000037",
        "HMDB0061196",
        "HMDB0001035",
        "HMDB0000492",
        "HMDB0001362",
        "HMDB0000586",
        "HMDB0014324",
        "HMDB0060579",
        "HMDB0000588",
        "HMDB0001980",
        "HMDB0002111",
        "HMDB0001303"
    ]
}