{
    "smpdb": "SMP0000368",
    "name": "Labetalol Action Pathway",
    "class": "Drug Action",
    "description": "The vasopressin V2 receptor is found in the kidneys. It serves a role in maintaining corporal water homeostasis. Malfunction of this receptor can lead to Nephrogenic Diabetes Insipidus.\n\nVasopressin (aka Antidiuretic hormone) activates both follicle-stimulating hormone receptor as well as the V2 receptor G protein complex. From this complex, Guanine nucleotide binding protein G(s) protein reacts with Adenylate Cyclase Type 2, Adeonsine Triphosphate, as well as GTP and magnesium to produce cAMP and Pyrophosphate. cAMP then activates PKA (protein kinase A) which leads to changes in the concentration of water in urine. (less)",
    "chem_link": [],
    "prot_link": []
}