{
    "smpdb": "SMP0000036",
    "name": "D-Arginine and D-Ornithine Metabolism",
    "class": "Metabolic",
    "description": "D-Amino acids have been show to be present in high concentrations in humans and play a role in biological functions. D-Amino may have negative effects as they can be found in some bacteria or form spontaneously in certain reactions. D-Amino acid oxidase (DAAO) is one of the main enzymes that metabolize D-Amino acids via deamination. DAAO is highly specific towards D-amino acids and favours free neutral D-amino acids or those with hydrophobic, polar or aromatic groups. Acidic amino acids are not catalyze by DAOO.  (less)",
    "chem_link": [
        "Q9UBR1",
        "P27708",
        "P17812",
        "P32320",
        "P49902",
        "P32321",
        "P33316",
        "Q02127",
        "Q14117",
        "Q12882",
        "Q9UIJ7",
        "Q9Y2T3",
        "Q9BY32",
        "O75414",
        "P31350",
        "Q7LG56",
        "Q8WVQ1",
        "P04183",
        "P19971",
        "P04818",
        "Q5EBM0",
        "A8K5J1",
        "O95045",
        "Q9NWZ5"
    ],
    "prot_link": [
        "HMDB0001294",
        "HMDB0003391",
        "HMDB0000807",
        "HMDB0001341",
        "HMDB0000538",
        "HMDB0000122",
        "HMDB0001112",
        "HMDB0001473",
        "HMDB0001058",
        "HMDB0000124",
        "HMDB0001586",
        "HMDB0001401",
        "HMDB0001270",
        "HMDB0000547",
        "HMDB0000902",
        "HMDB0001487",
        "HMDB0001429",
        "HMDB0000263",
        "HMDB0002142",
        "HMDB0000586",
        "HMDB0000243",
        "HMDB0002111",
        "HMDB0003345",
        "HMDB0000516",
        "HMDB0003498"
    ]
}