{
    "smpdb": "SMP0000099",
    "name": "Lovastatin Action Pathway",
    "class": "Drug Action",
    "description": "Hyperimmunoglobulinemia D syndrome, or HIDS, is a condition characterized by fevers that come and go, usually lasting 3-7 days, and other various symptoms such as rashes, vomiting, diarrhea and aphthous ulcers. These are usually noticed within the first year of a patient's life, and the highest frequency of HIDS usually occurs during childhood/adolescence.  It occurs due to a mevalonate kinase deficiency inherited from both parents. In patients with this condition, the MVK gene is mutated, resulting in a lack of mevalonate kinase. Although globally this condition is rare, there are much higher instances in The Netherlands, about 1 in 350 Dutch nationals carry this mutation. \n (less)",
    "chem_link": [
        "P14060",
        "P26439",
        "P51857",
        "P17516",
        "P05108",
        "P28845",
        "P80365",
        "P15538",
        "P19099",
        "P05093",
        "P08686"
    ],
    "prot_link": [
        "HMDB0001451",
        "HMDB0000005",
        "HMDB0000807",
        "HMDB0001533",
        "HMDB0001149",
        "HMDB0013639",
        "HMDB0001206",
        "HMDB0001341",
        "HMDB0000045",
        "HMDB0000538",
        "HMDB0002134",
        "HMDB0000051",
        "HMDB0001967",
        "HMDB0001423",
        "HMDB0000064",
        "HMDB0003406",
        "HMDB0012210",
        "HMDB0000092",
        "HMDB0001248",
        "HMDB0001426",
        "HMDB0000139",
        "HMDB0000123",
        "HMDB0000119",
        "HMDB0000128",
        "HMDB0000742",
        "HMDB0003125",
        "HMDB0001352",
        "HMDB0006454",
        "HMDB0000161",
        "HMDB0000517",
        "HMDB0000099",
        "HMDB0000574",
        "HMDB0000148",
        "HMDB0000696",
        "HMDB0000187",
        "HMDB0000547",
        "HMDB0000902",
        "HMDB0001487",
        "HMDB0000218",
        "HMDB0000208",
        "HMDB0001377",
        "HMDB0001429",
        "HMDB0001024",
        "HMDB0000272",
        "HMDB0001491",
        "HMDB0000250",
        "HMDB0001167",
        "HMDB0000243",
        "HMDB0000939",
        "HMDB0001185",
        "HMDB0000271",
        "HMDB0001022",
        "HMDB0001846",
        "HMDB0002111",
        "HMDB0001303",
        "HMDB0000043"
    ]
}