{
    "smpdb": "SMP0000258",
    "name": "Spectinomycin Action Pathway",
    "class": "Drug Action",
    "description": "Lincomycin is a lincosamid antibiotic that can effectively aganist aerobic gram-positive cocci, aerobic gram-positive bacilli as well as anaerobic gram-positive sporeforming bacilli in vitro. Lincomycin is derived from yeast Streptomyces lincolnensis. Lincomycin can bind and inhibit 50S subunits of bacterial ribosomes to prevent protein synthesis, which result in cell death. (less)",
    "chem_link": [
        "P46783",
        "P62280",
        "P25398",
        "P62277",
        "P62263",
        "P62841",
        "P62244",
        "P62249",
        "P08708",
        "P62269",
        "P39019",
        "P15880",
        "P60866",
        "P63220",
        "P62266",
        "P62847",
        "P62851",
        "P62854",
        "P42677",
        "P62857",
        "P62273",
        "P23396",
        "P62861",
        "P61247",
        "P62701",
        "P46782",
        "P62753",
        "P62081",
        "P62241",
        "P46781",
        "P08865",
        "P05388",
        "P05386",
        "P05387",
        "P27635",
        "P62906",
        "P62913",
        "P30050",
        "P26373",
        "P40429",
        "P50914",
        "P61313",
        "P18621",
        "Q07020",
        "Q02543",
        "P84098",
        "P46778",
        "P35268",
        "P62829",
        "P62750",
        "P83731",
        "P61254",
        "P61353",
        "P46776",
        "P46779",
        "P47914",
        "P39023",
        "P62888",
        "P62899",
        "P62910",
        "P49207",
        "P42766",
        "P18077",
        "Q9Y3U8",
        "P83881",
        "P61927",
        "P61513",
        "P63173",
        "P62891",
        "P36578",
        "P62945",
        "P46777",
        "Q02878",
        "P18124",
        "P62424",
        "P62917",
        "P32969",
        "P63244",
        "P26639",
        "P62987"
    ],
    "prot_link": [
        "HMDB0000050",
        "HMDB0000538",
        "HMDB0000058",
        "HMDB0001201",
        "HMDB0001273",
        "HMDB0000547",
        "HMDB0001429",
        "HMDB0010032",
        "HMDB0010147",
        "HMDB0000250",
        "HMDB0015532"
    ]
}