{
    "smpdb": "SMP0000059",
    "name": "Urea Cycle",
    "class": "Metabolic",
    "description": "Urea, also known as carbamide, is a waste product made by a large variety of living organisms and is the main component of urine. Urea is created in the liver, through a string of reactions that are called the Urea Cycle. This cycle is also \ncalled the Ornithine Cycle, as well as the Krebs-Henseleit Cycle. There are some essential compounds required for the completion of this cycle, such as arginine, citrulline and ornithine. Arginine cleaves and creates urea and ornithine, and the reactions that follow see urea residue build up on ornithine, which recreates arginine and keeps the cycle going. Ornithine is transported to the mitochondrial matrix, and once there, ornithine carbamoyltransferase uses carbamoyl phosphate to create citrulline. After this, citrulline is transported to the cytosol. Once here, citrulline and aspartate team up to create argininosuccinic acid. After this, argininosuccinate lyase creates l-arginine. L-arginine finally uses arginase-1 to create ornithine again, which will be transported to the mitochondrial matrix and restart the urea cycle once more.\n (less)",
    "chem_link": [
        "HMDB0001341",
        "HMDB0000045",
        "HMDB0000538",
        "HMDB0000051",
        "HMDB0000052",
        "HMDB0000464",
        "HMDB0001096",
        "HMDB0001967",
        "HMDB0000904",
        "HMDB0000134",
        "HMDB0000161",
        "HMDB0000517",
        "HMDB0000191",
        "HMDB0000148",
        "HMDB0000641",
        "HMDB0001333",
        "HMDB0000902",
        "HMDB0001487",
        "HMDB0000214",
        "HMDB0000223",
        "HMDB0000208",
        "HMDB0001429",
        "HMDB0002142",
        "HMDB0001491",
        "HMDB0000250",
        "HMDB0000243",
        "HMDB0000294",
        "HMDB0002111"
    ],
    "prot_link": [
        "P24298",
        "P05089",
        "P04424",
        "P00966",
        "P00505",
        "O75746",
        "P31327",
        "P00367",
        "Q9UI32",
        "Q9Y619",
        "P43007",
        "Q15758",
        "P00480"
    ]
}