{
    "smpdb": "SMP0000369",
    "name": "Tyrosinemia Type 2 (or Richner-Hanhart Syndrome)",
    "class": "Disease",
    "description": "Lovastatin (also known as Mevacor or Mevinolin) is a statin drug (hydroxymethylglutaryl-coenzyme A (HMG-CoA) reductase inhibitors) that can be used for lowering cholesterol, treating hypercholesterolemia and preventing myocardial infarction and stroke. Lovastatin is produced by fermentation of Aspergillus terreus. HMG-CoA catalyzes the conversion of HMG-CoA to mevalonic acid, the rate-limiting step of cholesterol biosynthesis. Lovastatin, like simvastin, is a prodrug. These prodrugs are converted to their active form by in vivo hydrolysis of the lactone ring. The hydrolyzed lactone ring resembles the tetrahedral reaction intermediate produced by HMG-CoA reductase and the bicyclic portions of these compounds bind to the coenzyme A site of the enzyme. The active drug concentrates in the liver during first-pass circulation. Cholesterol biosynthesis accounts for approximately 80% of cholesterol in the body; thus, inhibiting this process can significantly lower cholesterol levels. (less)",
    "chem_link": [
        "Q99943",
        "P30838",
        "P15121",
        "P23743",
        "Q8IVS8",
        "P32189",
        "Q9HCL2",
        "P21695",
        "P43304",
        "P11150",
        "O14494",
        "O43688",
        "P06858"
    ],
    "prot_link": [
        "HMDB0001294",
        "HMDB0003391",
        "HMDB0000807",
        "HMDB0001341",
        "HMDB0000538",
        "HMDB0000122",
        "HMDB0001112",
        "HMDB0001473",
        "HMDB0001058",
        "HMDB0000124",
        "HMDB0001586",
        "HMDB0001401",
        "HMDB0001270",
        "HMDB0000547",
        "HMDB0000902",
        "HMDB0001487",
        "HMDB0001429",
        "HMDB0000263",
        "HMDB0002142",
        "HMDB0000586",
        "HMDB0000243",
        "HMDB0002111",
        "HMDB0003345",
        "HMDB0000516",
        "HMDB0003498"
    ]
}