{
    "smpdb": "SMP0000153",
    "name": "Quinapril Action Pathway",
    "class": "Drug Action",
    "description": "Tirofiban is a platelet aggregation inhibitor drug sold under the name Aggrastat. It is specifically a small molecule that inhibits the glycoprotein IIb/IIIa receptor of platelets. It is administered intravenously, and can act to decrease platelet aggregation by over 90% after the infusion, and can help prevent aggregation for up to two days after administration. In the vein, tirofiban causes a conformational change in the integrins on the surface of activated platelets. This prevents the binding of fibrinogen to these integrins, which in turn prevents the platelets from being held together by these fibrinogen fibres. The conformational change also prevents the binding of von Willebrand factor to the platelets, which also prevents aggregation and adhesion. (less)",
    "chem_link": [
        "Q13424",
        "Q09428",
        "O60706",
        "Q14654",
        "Q15842",
        "B7ZKV8",
        "P08588",
        "Q13884",
        "Q13425",
        "P17612",
        "P10644",
        "P26678",
        "Q12959",
        "P48549",
        "P48544",
        "P63252",
        "P48050",
        "Q9NS61",
        "P08172",
        "O00180",
        "P22460",
        "Q9UK17",
        "P15382",
        "Q9Y6J6",
        "Q12809",
        "P51787",
        "Q9Y3Q4",
        "Q5I7T1",
        "Q92736",
        "P16615",
        "Q14524",
        "P32418",
        "P05023",
        "P50993",
        "P13637",
        "Q13733",
        "P05026",
        "P14415",
        "P54709",
        "P54710",
        "P09493",
        "P07951",
        "Q9NY47",
        "Q13936",
        "Q02641",
        "O43497",
        "O95180"
    ],
    "prot_link": [
        "HMDB0001341",
        "HMDB0000538",
        "HMDB0000464",
        "HMDB0001932",
        "HMDB0001429",
        "HMDB0000586",
        "HMDB0000588",
        "HMDB0002111"
    ]
}