{
    "smpdb": "SMP0000334",
    "name": "Pyruvate Decarboxylase E1 Component Deficiency (PDHE1 Deficiency)",
    "class": "Disease",
    "description": "Gout, also called Kelley-Seegmiller syndrome, is a condition that is hereditary and causes an excess in the production of uric acid in the body. It is caused by a deficiency of the enzyme hypoxanthine-guanine phosphoribosyltransferase. When working properly, this enzyme works to restore purines. These purines are salvaged from degraded DNA and are used towards purine synthesis. When uric acid builds up as it is being overproduced, needle-like  crystals are formed and can provoke sudden attacks of pain in the joints, the big toe and in other places around the body. Unlike Lesch-Nyhan syndrome, this condition does not present neurological conditions and can be treated with medication. \n (less)",
    "chem_link": [
        "Q96C23",
        "P06733",
        "P07738",
        "P09467",
        "P04075",
        "P35575",
        "P06744",
        "O43826",
        "P04406",
        "P52789",
        "Q6ZMR3",
        "P40926",
        "Q02978",
        "Q9Y5U8",
        "Q8TE04",
        "P35558",
        "P36871",
        "P18669",
        "P15259",
        "P11498",
        "P11168",
        "P60174"
    ],
    "prot_link": [
        "HMDB0004029",
        "HMDB0006760",
        "HMDB0006754",
        "HMDB0006757",
        "HMDB0004031",
        "HMDB0000374",
        "HMDB0006764",
        "HMDB0006758",
        "HMDB0000363",
        "HMDB0006762",
        "HMDB0000319",
        "HMDB0006763",
        "HMDB0006283",
        "HMDB0004030",
        "HMDB0006756",
        "HMDB0004026",
        "HMDB0004035",
        "HMDB0006753",
        "HMDB0006755",
        "HMDB0006759",
        "HMDB0001318",
        "HMDB0003759",
        "HMDB0000037",
        "HMDB0000067",
        "HMDB0000015",
        "HMDB0001547",
        "HMDB0000063",
        "HMDB0002802",
        "HMDB0000016",
        "HMDB0003259",
        "HMDB0003178",
        "HMDB0059597",
        "HMDB0000902",
        "HMDB0001487",
        "HMDB0000217",
        "HMDB0000221",
        "HMDB0001377",
        "HMDB0000253",
        "HMDB0001830",
        "HMDB0000268",
        "HMDB0000949",
        "HMDB0000903",
        "HMDB0002111"
    ]
}