{
    "smpdb": "SMP0000346",
    "name": "Porphyria Variegata (PV)",
    "class": "Disease",
    "description": "D-Glyceric aciduria is an extremely rare inherited inborn error of metabolism (IEM) of serine and fructose metabolism.  It is an autosomal recessive disorder that is caused by a defect in the D-glycerate kinase (GLYCTK) gene. GLYCTK codes for D-glycerate kinase, an enzyme that is responsible for phosphorylating D-glyceric acid into phosphoglycerate. D-Glycerate kinase is an enzyme that participates in 3 metabolic pathways: (1) serine/glycine/threonine metabolism, (2) glycerolipid metabolism, and (3) glyoxylate-dicarboxylate metabolism (which is a minor pathway in fructose metabolism). Defects in the enzyme will lead to accumulations of D-glyceric acid in tissues and biofluids. D-Glyceric aciduria was first described in 1974 and is characterized by elevated levels of D-glyceric acid in the urine. Clinical symptoms of D-glyceric aciduria are highly variable. Some patients have neurological symptoms, with severe mental retardation, seizures, microcephaly, and sometimes early death, whereas others have a mild phenotype with only mild speech delay or even normal development. (less)",
    "chem_link": [
        "O14841",
        "P15144",
        "P55210",
        "O75223",
        "Q6P531",
        "P48506",
        "P48507",
        "P07203",
        "P00390",
        "Q9H4Y5",
        "P48637",
        "Q02978"
    ],
    "prot_link": [
        "HMDB0000037",
        "HMDB0000492",
        "HMDB0000595",
        "HMDB0000574",
        "HMDB0000586",
        "HMDB0000588",
        "HMDB0001940",
        "HMDB0000294",
        "HMDB0002111"
    ]
}