{
    "smpdb": "SMP0000440",
    "name": "Prednisone Action Pathway",
    "class": "Drug Action",
    "description": "Cyclooxygenase is the major producer of prostacyclin. Prostacyclin binding to its receptor increases vasodilation and decreases platelet aggregation. The receptor is a G-protein coupled receptor, upon its binding it activates G proteins causing the activation of adenylyl cyclase and production of cAMP messenger molecules. cAMP activates PKA (protein kinase A) which phosphorylates downstream effectors that lead to a specific cellular response.In vasodilation, the PKA activity causes phosphorylation of MLCK, decreasing its activity, resulting in dephosphorylation of MLC of myosin. This leads to smooth muscle relaxation resulting in vasodilation. (less)",
    "chem_link": [
        "O75600",
        "P13196",
        "P05091",
        "P21397",
        "P48728",
        "Q93088",
        "P35520",
        "P32929",
        "O43175",
        "P09622",
        "Q9UI17",
        "Q8IVS8",
        "P50440",
        "P23378",
        "Q14749",
        "P41250",
        "Q14353",
        "P20132",
        "Q9Y617",
        "P78330",
        "Q9UL12",
        "P34896",
        "P34897",
        "Q9GZT4",
        "P21549",
        "P49591"
    ],
    "prot_link": [
        "HMDB0000037",
        "HMDB0000492",
        "HMDB0014838",
        "HMDB0000595",
        "HMDB0000574",
        "HMDB0000586",
        "HMDB0000588",
        "HMDB0000294",
        "HMDB0002111"
    ]
}