{
    "smpdb": "SMP0000509",
    "name": "Hyper-IgD Syndrome",
    "class": "Disease",
    "description": "Hypercholesterolemia, also called elevated cholesterol, is an autosomal dominant disorder caused by a defective LDLR gene. The LDLR gene codes for a receptor that binds to low-density lipoprotein which are carriers of cholesterol in the blood. The mutation on the LDLR gene causes the removal of cholesterol from the bloodstream to be limited, resulting in a buildup of cholesterol in the blood. This disorder is characterized by a large accumulation of cholesterol in the blood. Symptoms of the disorder include angina, tendon xanthomas increased risk of cardiac arrest. Treatment with atorvastatin, simvastatin or rosuvastatin, in combination with a heart healthy diet and regular exercise is very effective. It is estimated that hypercholesterolemia affects 1 in 500 individuals in most countries.\n\n (less)",
    "chem_link": [
        "Q8TCD5",
        "P17812",
        "P27707",
        "P32321",
        "Q99808",
        "P15531",
        "P23921",
        "P31350",
        "Q7LG56",
        "O00337",
        "Q9HAS3",
        "P04818",
        "P30085"
    ],
    "prot_link": [
        "HMDB0001451",
        "HMDB0000005",
        "HMDB0000807",
        "HMDB0001533",
        "HMDB0001149",
        "HMDB0013639",
        "HMDB0001206",
        "HMDB0001341",
        "HMDB0000045",
        "HMDB0000538",
        "HMDB0002134",
        "HMDB0000051",
        "HMDB0001967",
        "HMDB0001423",
        "HMDB0000064",
        "HMDB0003406",
        "HMDB0012210",
        "HMDB0000092",
        "HMDB0001248",
        "HMDB0001426",
        "HMDB0000139",
        "HMDB0000123",
        "HMDB0000119",
        "HMDB0000128",
        "HMDB0000742",
        "HMDB0003125",
        "HMDB0001352",
        "HMDB0006454",
        "HMDB0000161",
        "HMDB0000517",
        "HMDB0000099",
        "HMDB0000574",
        "HMDB0000148",
        "HMDB0000696",
        "HMDB0000187",
        "HMDB0000547",
        "HMDB0000902",
        "HMDB0001487",
        "HMDB0000218",
        "HMDB0000208",
        "HMDB0001377",
        "HMDB0001429",
        "HMDB0001024",
        "HMDB0000272",
        "HMDB0001491",
        "HMDB0000250",
        "HMDB0001167",
        "HMDB0000243",
        "HMDB0000939",
        "HMDB0001185",
        "HMDB0000271",
        "HMDB0001022",
        "HMDB0001846",
        "HMDB0002111",
        "HMDB0001303",
        "HMDB0000043"
    ]
}