{
    "smpdb": "SMP0000290",
    "name": "Demeclocycline Action Pathway",
    "class": "Drug Action",
    "description": "Propoxyphene is an analgesic in the opioid category. It primarily acts on the G protein coupled receptors, OP3. Propoxyphene binding to OP3 causes GTP exchange for GDP and inhibit adenylate cyclase causing decreased intracellular cAMP. This leads to the inhibition of nociceptive neurotransmitters such as: substance P, GABA, dopamine, acetylcholine and noradrenaline. Opioids inhibit vasopressin, somatostatin, insulin and glucagon release. Propoxyphene also causes the closure of voltage-gated calcium channels and opens potassium channels causing the hyperpolarization of the membrane and decreasing neuronal excitability. This further reduces the feeling of pain.  (less)",
    "chem_link": [
        "P16066",
        "O15516",
        "O95544",
        "P15559",
        "Q96EB6",
        "Q9HAN9",
        "Q9BZQ4",
        "Q96T66",
        "P43490",
        "P35398",
        "Q9UBK2"
    ],
    "prot_link": []
}