{
    "smpdb": "SMP0000256",
    "name": "Neomycin Action Pathway",
    "class": "Drug Action",
    "description": "Naltrexone (also known as ReVia and Vivitrol) is a competitive antagonist of mu-type opioid receptor in the central nervous system (CNS). Naltrexone is also a type of medication that are used for manage opioid or alcohol dependence. Binding of naltrexone can prevent the effects that caused by endogenous opioids, which results in antagonization of effects of opiates such as respiratory depression or drug craving. (less)",
    "chem_link": [],
    "prot_link": [
        "HMDB0000464",
        "HMDB0000122",
        "HMDB0001273",
        "HMDB0001429",
        "HMDB0002111",
        "HMDB0015532"
    ]
}