{
    "smpdb": "SMP0000020",
    "name": "Arginine and Proline Metabolism",
    "class": "Metabolic",
    "description": "The arginine and proline metabolism pathway illustrates the biosynthesis and metabolism of several amino acids including arginine, ornithine, proline, citrulline, and glutamate in mammals. In adult mammals, the synthesis of arginine takes place primarily through the intestinal-renal axis (PMID: 19030957). In particular, the amino acid citrulline is first synthesized from several other amino acids (glutamine, glutamate, and proline) in the mitochondria of the intestinal enterocytes (PMID: 9806879). The mitochondrial synthesis of citrulline starts with the deamination of glutamine to glutamate via mitochondrial glutaminase. The resulting mitochondrial glutamate is converted into 1-pyrroline-5-carboxylate via pyrroline-5-carboxylate synthase (P5CS). Alternately, the 1-pyrroline-5-carboxylate can be generated from mitochondrial proline via proline oxidase (PO). Ornithine aminotransferase (OAT) then converts the mitochondrial 1-pyrroline-5-carboxylate into ornithine and the enzyme ornithine carbamoyltransferase (OCT -- using carbamoyl phosphate) converts the ornithine to citrulline (PMID: 19030957). After this, the mitochondrial citrulline is released from the small intestine enterocytes and into the bloodstream where it is taken up by the kidneys for arginine production. Once the citrulline enters the kidney cells, the cytosolic enzyme argininosuccinate synthetase (ASS) will combine citrulline with aspartic acid to generate argininosuccinic acid. After this step, the enzyme argininosuccinate lyase (ASL) will remove fumarate from argininosuccinic acid to generate arginine. The resulting arginine can either stay in the cytosol where it is converted to ornithine via arginase I (resulting in the production of urea) or it can be transported into the mitochondria where it is decomposed into ornithine and urea via arginase II.  The resulting mitochondrial ornithine can then be acted on by the enzyme ornithine amino transferase (OAT), which combines alpha-ketoglutarate with ornithine to produce glutamate and 1-pyrroline-5-carboxylate.  The mitochondrial enzyme pyrroline-5-carboxylate dehydrogenase (P5CD) acts on the resulting 1-pyrroline-5-carboxylate (using NADPH as a cofactor) to generate glutamate. Alternately, the mitochondrial 1-pyrroline-5-carboxylate can be exported into the kidney cell\u2019s cytosol where the enzyme pyrroline-5-carboxylate reductase (P5CR) can convert it to proline. While citrulline-to-arginine production primarily occurs in the kidney, citrulline is readily converted into arginine in other cell types, including adipocytes, endothelial cells, myocytes, macrophages, and neurons.  Interestingly, chickens and cats cannot produce citrulline via glutamine/glutamate due to a lack of a functional pyrroline-5-carboxylate synthase (P5CS) in their enterocytes (PMID: 19030957). (less)",
    "chem_link": [
        "HMDB0001206",
        "HMDB0001341",
        "HMDB0000538",
        "HMDB0001423",
        "HMDB0000638",
        "HMDB0002356",
        "HMDB0006459",
        "HMDB0000201",
        "HMDB0000062",
        "HMDB0003571",
        "HMDB0000547",
        "HMDB0002003",
        "HMDB0006526",
        "HMDB0001521"
    ],
    "prot_link": [
        "P33897",
        "Q9UBJ2",
        "P43155",
        "P23786",
        "P33121",
        "O43772",
        "Q9UKG9",
        "Q96HA9",
        "Q92968",
        "O75381"
    ]
}