{
    "smpdb": "SMP0000280",
    "name": "Alteplase Action Pathway",
    "class": "Drug Action",
    "description": "2-Hydroxyglutarate is a compound formed from isocitric acid, a component of the TCA cycle. Isocitric acid becomes dehydrogenated by isocitrate dehydrogenase using NADP as a cofactor, and forming oxoglutaric acid. Oxoglutaric acid then forms 2-hydroxyglutarate in a reaction catalyzed by a mutant isocitrate dehydrogenase 2 enzyme, which also uses NADP as a cofactor. Normally, the isocitrate dehydrogenase 2 enzyme, encoded by the IDH2 gene, is responsible for the formation of 2-oxoglutaric acid from isocitrate. However, some gain-of-functions mutations to the IDH2 gene allow the enzyme to produce 2-hydroxyglutarate instead. This functionality is associated with several types of cancer, including glioma and acute myeloid leukemia. This is due to the buildup of 2-hydroxyglutarate, which inhibits several enzymes which rely on 2-oxoglutaric acid, such as methylcytosine dioxygenase and lysine-specific demethylase 2A. Both of these enzymes use 2-oxoglutarate to demethylate DNA, and when repressed, allow DNA to become hypermethylated. This in turn changes which genes are normally expressed, as methylation is used to suppress genes, and can lead to the expression of oncogenes or the repression of tumor-suppressing genes. This is the effect responsible for 2-hydroxyglutarate in cancer and other diseases. (less)",
    "chem_link": [
        "HMDB0000895",
        "HMDB0001341",
        "HMDB0000538",
        "HMDB0001967",
        "HMDB0000492",
        "HMDB0000870",
        "HMDB0000595",
        "HMDB0059597",
        "HMDB0001429",
        "HMDB0000586",
        "HMDB0002111",
        "HMDB0001303",
        "HMDB0014417"
    ],
    "prot_link": [
        "P00915",
        "O15247",
        "P01350",
        "P32239",
        "P25021",
        "P20309",
        "Q9Y6J6",
        "P51787",
        "P20648",
        "P51164",
        "P61278",
        "P30874"
    ]
}