{
    "smpdb": "SMP0000468",
    "name": "Degradation of Superoxides",
    "class": "Metabolic",
    "description": "Reactive oxygen species (ROS) are formed by the normal metabolic process of oxygen. Examples are superoxide, oxygen ions and peroxides and can be of either organic or inorganic origin. ROS are highly reactive due to unpaired valence shell electrons, and can cause serious damage to cells and cell organelles. The environment also may cause ROS to form, from sources such as drought, air pollutants, UV light, cold temperatures, and external chemicals. An organic example of ROS being formed is during the beta oxidation of fatty acids, or photorespiration in photosynthetic organisms. Aerobic organisms who produce energy through the electron transport chain in mitochondria produce ROS as a byproduct. ROS damage commmonly includes DNA damage, lipid peroxidation, oxidation of amino acids in proteins, and oxidatively inactivating enzymes by oxidation of cofactors. Most aerobic organisms have adapted to this dangerous condition of life, and have a system of enzymes and scavenging free radicals. Enzymes such as are essential for defense against ROS, and include superoxide dismutases (SODs) and hydroperoxidase (CAT). Superoxide dismutases are the primary method of disposal of ROS, and convert superoxide radicals to hydrogen peroxide and water. Catalase attacks the hydrogen peroxide produced by SODs, and converts it into oxygen and water. In skin cells, 5,6 dihydroxyindole-2-carboxylic acid oxidase in the melanosome membranes breaks down hydrogen peroxide into water and oxygen. (less)",
    "chem_link": [
        "O14520",
        "O43315",
        "Q9HBK9",
        "P78417",
        "P00491",
        "P11166",
        "P14672"
    ],
    "prot_link": [
        "HMDB0000319",
        "HMDB0000037",
        "HMDB0001035",
        "HMDB0000067",
        "HMDB0001547",
        "HMDB0000016",
        "HMDB0001201",
        "HMDB0001273",
        "HMDB0003178",
        "HMDB0001362",
        "HMDB0059597",
        "HMDB0000902",
        "HMDB0001487",
        "HMDB0001377",
        "HMDB0000253",
        "HMDB0001830",
        "HMDB0002111"
    ]
}