{
    "smpdb": "SMP0000503",
    "name": "Hypophosphatasia",
    "class": "Disease",
    "description": "Antipyrine (also named Fenazone or Phenazone) is often used for testing the effect of other drugs on drug-metabolizing enzymes in the liver. Antipyrine can block prostaglandin synthesis by the action of inhibition of prostaglandin G/H synthase 1 and 2. Prostaglandin G/H synthase 1 and 2 catalyze the arachidonic acid to prostaglandin G2, and also catalyze prostaglandin G2 to prostaglandin H2 in the metabolism pathway. Decreased prostaglandin synthesis in many animal model's cell is caused by presence of antipyrine.  (less)",
    "chem_link": [
        "P24298",
        "P05089",
        "P04424",
        "P00966",
        "P00505",
        "O75746",
        "P31327",
        "P00367",
        "Q9UI32",
        "Q9Y619",
        "P43007",
        "Q15758",
        "P00480"
    ],
    "prot_link": [
        "HMDB0000807",
        "HMDB0001341",
        "HMDB0000538",
        "HMDB0003403",
        "HMDB0000464",
        "HMDB0000492",
        "HMDB0000660",
        "HMDB0000127",
        "HMDB0000163",
        "HMDB0006857",
        "HMDB0001586",
        "HMDB0001401",
        "HMDB0001270",
        "HMDB0000757",
        "HMDB0002091",
        "HMDB0000547",
        "HMDB0000902",
        "HMDB0001487",
        "HMDB0001429",
        "HMDB0001491",
        "HMDB0000250",
        "HMDB0000258",
        "HMDB0000295",
        "HMDB0000286",
        "HMDB0000935",
        "HMDB0000285",
        "HMDB0002111",
        "HMDB0003345",
        "HMDB0003514",
        "HMDB0003971"
    ]
}