{
    "smpdb": "SMP0000321",
    "name": "Intracellular Signalling Through Adenosine Receptor A2b and Adenosine",
    "class": "Protein",
    "description": "Timolol is a beta blocker medication, making it part of the antihypertensive drug class. It relieves symptoms such as tachycardia, vascular headaches, hypertension, angina and tremors. Timolol, much like propranolol or oxprenolol, begins its journey by inhibiting the beta-1 adrenergic receptors in the heart. Entering the myocyte, this activates a G-protein signalling cascade, which activates cAMP -dependent protein kinase type 1-alpha regulatory subunit. From there, cAMP-dependent protein kinase catalytic subunit alpha activates outage-dependent L-type calcium channel subunit alpha 1C and 2 other transports which bring calcium into the myocyte from outside of the cell. cAMP-dependent protein kinase catalytic subunit alpha is activated through ryanodine receptor 2, which is also transporting calcium into the myocyte from the the sarcoplasmic reticulum. The calcium and calmodulin then activate myosin light chain kinase, which is located in the smooth vascular muscle. This, paired with the calcium activating a series of troponin enzymes that activate tropomyosin enzymes in the striated muscle, results in a muscle contraction. Then in the cell membrane we have PIP2(16:0/20:3(8Z,11Z,14Z)) catalyzing into DG(14:0/14:1(9Z)/0:0) and inositol 1,4,5-triphosphate with the help of the enzyme 1-phosphatidylinositol 4,5-biphosphate phosphodiesterase beta-1. This enzyme is activated through the G-protein signalling cascade, which stems from the type-1 angiotensin II receptor. Around the cell there are many transports happening through many different transporters, leading in and out of the cell Some of the transports into the cell include sodium and calcium, while transports are also working hard to constantly export potassium from the cell. Returning to the sarcoplasmic reticulum, cardiac phospholamban inhibits the transporter sarcoplasmic/endoplasmic reticulum calcium ATPase 2, which sees water and ATP catalyzed through it to become phosphorus and ADP, while transporting calcium into the sarcoplasmic reticulum. (less)",
    "chem_link": [
        "P60709",
        "Q01518",
        "P16234",
        "P53365",
        "Q00535",
        "P23528",
        "P38936",
        "P24385",
        "P30281",
        "Q9UKW4",
        "P53667",
        "Q13233",
        "Q15746",
        "P10916",
        "Q13393",
        "P12004",
        "O60237",
        "Q15311",
        "P63000",
        "P23443",
        "Q13153",
        "Q92558"
    ],
    "prot_link": [
        "HMDB0000464"
    ]
}