{
    "smpdb": "SMP0000068",
    "name": "Androgen and Estrogen Metabolism",
    "class": "Metabolic",
    "description": "This pathway describes the inactivation and catabolism of male (androgen) and female (estrogen) hormones. Many steroid hormones are transformed by sulfatases, dehydrogenases and glucuronide transferases to enhance their solubility and to facilitate their elimination. Inactivation means to convert an active compound into an inactive compound. Peripheral inactivation, which is inactivation caused by outside enzymes such as liver enzymes for example, is needed to maintain a steady-state level of plasma. This means that if either of these hormones are to be \u201cchemical signals\u201d, their half-life in the bloodstream has to be limited so that a variation in secretion rate can be emulated in the plasma. A large part of inactivation/catabolism occurs in the liver, although a little bit of catabolic activity does happen in the kidneys. Inactive androgens and estrogens are mostly eliminated in the urine. For this to happen, androgen and estrogen need to be converted to compounds that are less hydrophobic so that they are more soluble at higher concentrations. In this pathway, the conversion to a hydrophilic compound is an oxidation of a 17b-hydroxyl group. These hormones are needed for sexual development in both males and females. \n (less)",
    "chem_link": [
        "P12235",
        "Q06055",
        "P00846",
        "P25705",
        "P24539",
        "P06576",
        "P30049",
        "P56381",
        "P36542",
        "P00156",
        "P31930",
        "O14957",
        "P22695",
        "P07919",
        "P14927",
        "O14949",
        "Q9UDW1",
        "P47985",
        "P99999",
        "P00395",
        "P00403",
        "P00414",
        "P13073",
        "P20674",
        "P10606",
        "Q02221",
        "Q6YFQ2",
        "P09669",
        "P14406",
        "P24311",
        "P15954",
        "P10176",
        "O00483",
        "P08574",
        "O43826",
        "P04406",
        "P21695",
        "P43304",
        "O15239",
        "O14521",
        "P31040",
        "P21912",
        "Q99643"
    ],
    "prot_link": [
        "HMDB0000972",
        "HMDB0001044",
        "HMDB0001308",
        "HMDB0006273",
        "HMDB0001235",
        "HMDB0003192",
        "HMDB0001128",
        "HMDB0000034",
        "HMDB0000050",
        "HMDB0001341",
        "HMDB0001178",
        "HMDB0000045",
        "HMDB0000538",
        "HMDB0000536",
        "HMDB0001517",
        "HMDB0000051",
        "HMDB0000464",
        "HMDB0000058",
        "HMDB0001967",
        "HMDB0001548",
        "HMDB0001508",
        "HMDB0000101",
        "HMDB0000905",
        "HMDB0001532",
        "HMDB0000085",
        "HMDB0000071",
        "HMDB0001351",
        "HMDB0000960",
        "HMDB0001440",
        "HMDB0001340",
        "HMDB0061376",
        "HMDB0001248",
        "HMDB0012943",
        "HMDB0000134",
        "HMDB0000123",
        "HMDB0002022",
        "HMDB0000132",
        "HMDB0000133",
        "HMDB0011629",
        "HMDB0001201",
        "HMDB0001397",
        "HMDB0001273",
        "HMDB0003178",
        "HMDB0003125",
        "HMDB0000157",
        "HMDB0003335",
        "HMDB0000195",
        "HMDB0000189",
        "HMDB0000175",
        "HMDB0000191",
        "HMDB0000148",
        "HMDB0000641",
        "HMDB0000547",
        "HMDB0000902",
        "HMDB0001487",
        "HMDB0000217",
        "HMDB0000221",
        "HMDB0001377",
        "HMDB0001429",
        "HMDB0001439",
        "HMDB0000280",
        "HMDB0000999",
        "HMDB0002142",
        "HMDB0000586",
        "HMDB0000250",
        "HMDB0001489",
        "HMDB0000797",
        "HMDB0001846",
        "HMDB0000289",
        "HMDB0002111",
        "HMDB0000292",
        "HMDB0000299",
        "HMDB0001554",
        "HMDB0001303"
    ]
}