{
    "smpdb": "SMP0000408",
    "name": "Methadone Action Pathway",
    "class": "Drug Action",
    "description": "Nicotine is a stimulant drug that acts as an agonist at nicotinic acetylcholine receptors. These are ionotropic receptors composed of five homomeric or heteromeric subunits. In the brain, nicotine binds to nicotinic acetylcholine receptors on dopaminergic neurons in the cortico-limbic pathways. This causes the channel to open and allow conductance of multiple cations including sodium, calcium, and potassium. This leads to depolarization, which activates voltage-gated calcium channels and allows more calcium to enter the axon terminal. Calcium stimulates vesicle trafficking towards the plasma membrane and the release of dopamine into the synapse. Dopamine binding to its receptors is responsible the euphoric and addictive properties of nicotine.\nNicotine also binds to nicotinic acetylcholine receptors on the chromaffin cells in the adrenal medulla. Binding opens the ion channel allowing influx of sodium, causing depolarization of the cell, which activates voltage-gated calcium channels. Calcium triggers the release of epinephrine from intracellular vesicles into the bloodstream, which causes vasoconstriction, increased blood pressure, increased heart rate, and increased blood sugar. (less)",
    "chem_link": [
        "Q03393",
        "P15121",
        "P16152",
        "P00374",
        "P09417",
        "P30793",
        "P30047",
        "P35270",
        "nknown"
    ],
    "prot_link": [
        "HMDB0001341",
        "HMDB0000538",
        "HMDB0001967",
        "HMDB0000143",
        "HMDB0000645",
        "HMDB0001586",
        "HMDB0001401",
        "HMDB0015531",
        "HMDB0000547",
        "HMDB0000902",
        "HMDB0001487",
        "HMDB0000250",
        "HMDB0001018",
        "HMDB0000286",
        "HMDB0000935",
        "HMDB0000302",
        "HMDB0000285",
        "HMDB0002111",
        "HMDB0001303",
        "HMDB0003345"
    ]
}