{
    "smpdb": "SMP0000366",
    "name": "Nebivolol Action Pathway",
    "class": "Drug Action",
    "description": "Lidocaine exerts its local anaesthetic effect by blocking voltage-gated sodium channels in peripheral neurons. Lidocaine diffuses across the neuronal plasma membrane in its uncharged base form. Once inside the cytoplasm, it is protonated and this protonated form enters and blocks the pore of the voltage-gated sodium channel from the cytoplasmic side. For this to happen, the sodium channel must first become active so that so that gating mechanism is in the open state. Therefore lidocaine preferentially inhibits neurons that are actively firing.  (less)",
    "chem_link": [
        "P24298",
        "P49588",
        "Q5JTZ9",
        "Q9Y5U8",
        "P11498",
        "P21549"
    ],
    "prot_link": [
        "HMDB0001341",
        "HMDB0000538",
        "HMDB0000464",
        "HMDB0006971",
        "HMDB0000095",
        "HMDB0007102",
        "HMDB0001498",
        "HMDB0000547",
        "HMDB0001333",
        "HMDB0000211",
        "HMDB0001429",
        "HMDB0009783",
        "HMDB0009970",
        "HMDB0010037",
        "HMDB0061188",
        "HMDB0010150",
        "HMDB0061186",
        "HMDB0061187",
        "HMDB0002111"
    ]
}