{
    "smpdb": "SMP0000101",
    "name": "Suprofen Action Pathway",
    "class": "Drug Action",
    "description": "Familial lipoprotein lipase deficiency (LPLD), also known as familial chylomicronemia syndrome, chylomicronemia, chylomicronemia syndrome, and hyperlipoproteinemia type Ia, is an extremely rare inherited inborn error of metabolism (IEM) of lipid metabolism. LPLD affects about 1 out of 1 000 000 people. It is an autosomal recessive disorder that is caused by a defect or deficiency in the enzyme lipoprotein lipase. Lipoprotein lipase is a water-soluble enzyme that hydrolyzes triglycerides in lipoproteins, such as those found in chylomicrons and very-low-density lipoproteins (VLDL), into two free fatty acids and one monoacylglycerol molecule. Defects in lipoprotein lipase will lead to accumulations of triglycerides and massive accumulation of fatty droplets called chylomicrons in the blood. As a result, LPLD is characterized by abnormally elevated levels of triglycerides and chylomicrons in serum and plasma (chylomicronemia). Affected individuals often experience episodes of abdominal pain, acute recurrent inflammation of the pancreas (pancreatitis), abnormal enlargement of the liver and/or spleen, and the development of skin lesions known as eruptive xanthomas. Most cases of LPLD are identified before the age of 10. In roughly one-quarter of patients, the disorder is identified during the first year of life. Some affected individuals may not be identified until adulthood. Treatment of LPLD is mainly based on medical nutrition therapy to maintain plasma triglyceride concentration below 11.3 mmol/L. Lipid-lowering agents such as fibrates and omega-3-fatty acids can be used to lower triglyceride levels in LPLD. (less)",
    "chem_link": [
        "P00740",
        "P12259",
        "P08709",
        "P00451",
        "P00742",
        "P03951",
        "P00748",
        "P00488",
        "P05160",
        "P02452",
        "P02671",
        "P02675",
        "P02679",
        "P03952",
        "P00747",
        "iprot/",
        "P00734",
        "P13726",
        "P00750",
        "Q9BQB6",
        "P38435"
    ],
    "prot_link": [
        "Q02218",
        "P08195",
        "Q99798",
        "P00505",
        "P53396",
        "Q99417",
        "P08679",
        "P09622",
        "P10515",
        "P36957",
        "P07954",
        "P00367",
        "Q9UI32",
        "Q9NWT6",
        "O75874",
        "P48735",
        "P00338",
        "P40925",
        "Q9Y5U8",
        "P53985",
        "P01106",
        "P48163",
        "P43007",
        "P11498",
        "P08559",
        "P11177",
        "P42345",
        "Q8WUX1",
        "O14521",
        "P31040",
        "P21912",
        "Q99643",
        "P53597",
        "Q96I99",
        "P0A959",
        "P77434",
        "Q9UM01"
    ]
}