{
    "smpdb": "SMP0000109",
    "name": "Mefenamic Acid Action Pathway",
    "class": "Drug Action",
    "description": "Simvastatin, the methylated form of lovastatin, is an inactive lactone that is metabolized in vivo to \u03b2,\u03b4-dihydroxy acid, its most potent metabolite. Cytochrome P450 (CYP) enzymes, CYP3A4, CYP3A5, and CYP2C8, have been implicated in this activation step; CYP3A4/5 are responsible for \u2265 80% of simvastatin metabolism while CYP2C8 (not shown in pathway) contributes to \u2264 20% of its metabolism. The simvastatin hydroxy acid inhibits cholesterol synthesis via the mevalonate pathway by competitively inhibiting 3-hydroxy-3-methylglutaryl-coenzyme A (HMG-CoA) reductase. HMG-CoA reductase, a hepatic microsomal enzyme, is the enzyme responsible for the conversion of HMG-CoA to mevalonic acid, the rate-limiting step of cholesterol biosynthesis by this pathway. The active hydroxy acid is structurally similar to the reduced reaction intermediate and competes with HMG-CoA for binding to HMG-CoA reductase. Cholesterol biosynthesis accounts for approximately 80% of cholesterol in the body; thus, inhibiting this process can significantly lower cholesterol levels. (less)",
    "chem_link": [
        "HMDB0001316",
        "HMDB0000990",
        "HMDB0001341",
        "HMDB0000045",
        "HMDB0000538",
        "HMDB0001967",
        "HMDB0001321",
        "HMDB0001112",
        "HMDB0000283",
        "HMDB0001548",
        "HMDB0000618",
        "HMDB0001068",
        "HMDB0001351",
        "HMDB0001031",
        "HMDB0001473",
        "HMDB0000692",
        "HMDB0001058",
        "HMDB0000124",
        "HMDB0000150",
        "HMDB0001401",
        "HMDB0000547",
        "HMDB0000217",
        "HMDB0000221",
        "HMDB0001429",
        "HMDB0000280",
        "HMDB0001489",
        "HMDB0002111",
        "HMDB0000868",
        "HMDB0003498"
    ],
    "prot_link": [
        "P17858",
        "P52209",
        "O95336",
        "P09467",
        "P04075",
        "P11413",
        "P06744",
        "P36871",
        "Q9Y315",
        "Q9H477",
        "P49247",
        "P21108",
        "Q96AT9",
        "P37837",
        "P29401"
    ]
}