{
    "smpdb": "SMP0000381",
    "name": "Nisoldipine Action Pathway",
    "class": "Drug Action",
    "description": "Nevirapine is used in the treatment of human immunodeficiency virus (HIV) type 1 (HIV-1) infection. It is a non-nucleoside reverse transcriptase inhibitor (NNRTI) that binds to the tyrosines at amino acid residues 181 and 188 of HIV-1 reverse transcriptase. Nevirapine is metabolized in the liver to 2-, 3-, 8-, and 12-hydroxynevirapine by the induction of CYP enzymes, mainly CYP3A4 and CYP2B6. 12-hydroxynevirapine may be further oxidated by ALDH to form 4-carboxynevirapine. These hydroxyl metabolites are glucuronidated by UDP glucuronosyl transferases (UGTs), then exit the cell via the adenosine triphosphate-binding cassette gene ABCC10 for urinary excretion. (less)",
    "chem_link": [
        "HMDB0060677",
        "HMDB0060680",
        "HMDB0060655",
        "HMDB0060678",
        "HMDB0060681",
        "HMDB0001341",
        "HMDB0000538",
        "HMDB0000464",
        "HMDB0000073",
        "HMDB0001426",
        "HMDB0060679",
        "HMDB0003178",
        "HMDB0059597",
        "HMDB0014426",
        "HMDB0060656",
        "HMDB0000902",
        "HMDB0001487",
        "HMDB0000217",
        "HMDB0000221",
        "HMDB0000216",
        "HMDB0001377",
        "HMDB0001429",
        "HMDB0000586",
        "HMDB0000259",
        "HMDB0000588",
        "HMDB0002111"
    ],
    "prot_link": [
        "P08908",
        "P35348",
        "B7ZKV8",
        "P01203",
        "P05177",
        "P08684",
        "P21728",
        "Q8TCU5",
        "Q12879",
        "Q05586",
        "Q9NS61",
        "P35372",
        "P16519",
        "P43681",
        "P17787",
        "Q9NZV8",
        "P01189",
        "Q9Y5Y9",
        "Q07699",
        "Q01959",
        "P23975",
        "P31645",
        "P05023",
        "P50993",
        "P13637",
        "Q13733",
        "P05026",
        "P14415",
        "P54709",
        "P54710",
        "Q9NY47",
        "Q02641",
        "O00555"
    ]
}