{
    "smpdb": "SMP0000467",
    "name": "Trehalose Degradation",
    "class": "Metabolic",
    "description": "Trehalose, also known as mycose or tremalose, is a sugar consisting of two 1-1 alpha bonded glucose molecules. It is produced by some plants, bacteria, fungi and invertebrates, and can be used as a source of energy, such as for flight in insects, and as a survival mechanism to avoid freezing and dehydration.\nAfter ingestion in the intestine lumen, trehalose can interact with trehalase, which exists in the brush border of the cells there. In a reaction that also requires a water molecule, it is broken. These are then transported into the epithelial cells along with a sodium ion by a sodium/glucose cotransporter, which can bring glucose up its gradient along with sodium moving down its gradient. Once inside the cell, the glucose can then be transported out of the basolateral membrane by a solute carrier family 2 facilitated glucose transporter. From there, the glucose enters the blood stream, and is transported to liver hepatocytes. Once in the liver, glucokinase can use the energy and phosphate from a molecule of ATP to form glucose-6-phosphate, which then goes on to start the process of glycolysis.\n (less)",
    "chem_link": [
        "HMDB0000657",
        "HMDB0003178",
        "HMDB0059597",
        "HMDB0003125",
        "HMDB0001333",
        "HMDB0000217",
        "HMDB0001377",
        "HMDB0002168",
        "HMDB0002111",
        "HMDB0001303"
    ],
    "prot_link": [
        "P17643",
        "P04040",
        "P08294",
        "P00441"
    ]
}