{
    "smpdb": "SMP0000129",
    "name": "Malate-Aspartate Shuttle",
    "class": "Metabolic",
    "description": "The malate-aspartate shuttle system, also called the malate shuttle, is an essential system used by mitochondria, that allows electrons to move across the impermeable membrane between the cytosol and the mitochondrial matrix. The electrons are created during glycolysis, and are needed for oxidative phosphorylation. The malate-aspartate shuttle is needed as the inner membrane is not permeable to NADH or NAD+, but is permeable to the ions that attach to malate. When the malate gets inside the membrane,the energy inside of malate is taken out by creating NADH from NAD+, which regenerates oxaloacetate. NADH can then transfer electrons to the electron transport chain. \n\n (less)",
    "chem_link": [
        "HMDB0003826",
        "HMDB0004256",
        "HMDB0001341",
        "HMDB0000045",
        "HMDB0000538",
        "HMDB0000464",
        "HMDB0000657",
        "HMDB0003701",
        "HMDB0001248",
        "HMDB0001520",
        "HMDB0002434",
        "HMDB0000547",
        "HMDB0001377",
        "HMDB0001429",
        "HMDB0000250",
        "HMDB0003364",
        "HMDB0000244",
        "HMDB0002111",
        "HMDB0015532"
    ],
    "prot_link": [
        "P22413",
        "Q8NFF5",
        "P24666",
        "Q969G6"
    ]
}