{
    "smpdb": "SMP0000200",
    "name": "Methylmalonic Aciduria",
    "class": "Disease",
    "description": "The autosomal recessive disorder Smith-Lemli-Opitz Syndrome (SLOS; SLO Syndrome; RSH; Rutledge Lethal Multiple Congenital Anomaly, Syndrome; Polydactyly, Sex Reversal, Renal Hypoplasia, and Unilobar Lung; Lethal Acrodysgenital Syndrome) is characterized by disordered steroid biosynthesis. It results from a mutation in the DHCR7 gene coding for the enzyme sterol delta-7-reducatase. This enzyme catalyzes the production of cholesterol by reducing the C7-C8 double bond of 7-dehydrocholesterol (7-DHC). SLOS causes the accumulation of 7-dehydrocholesterol and 8-dehydrocholesterol, and a decrease of cholesterol in plasma; and 3-methylglutaconic acid in urine. All patients with SLOS have mental retardation, and symptoms include ambiguous genitalia, hypotonia, microcephaly, syndactyly, limb abnormalities and deformities and polydactyly. (less)",
    "chem_link": [
        "P24752",
        "Q13085",
        "Q9NR19",
        "Q8WYK0",
        "P07311",
        "P05091",
        "P15121",
        "P09622",
        "P10515",
        "Q9UBQ7",
        "Q16775",
        "Q6ZMR3",
        "Q04760",
        "P40925",
        "P23368",
        "P48163",
        "P35558",
        "Q86WU2",
        "P11498",
        "P08559",
        "P11177",
        "P30613"
    ],
    "prot_link": [
        "HMDB0001341",
        "HMDB0000045",
        "HMDB0000538",
        "HMDB0000051",
        "HMDB0000052",
        "HMDB0000464",
        "HMDB0001096",
        "HMDB0001967",
        "HMDB0000904",
        "HMDB0000134",
        "HMDB0000161",
        "HMDB0000517",
        "HMDB0000191",
        "HMDB0000148",
        "HMDB0000641",
        "HMDB0001333",
        "HMDB0000902",
        "HMDB0001487",
        "HMDB0000214",
        "HMDB0000223",
        "HMDB0000208",
        "HMDB0001429",
        "HMDB0002142",
        "HMDB0001491",
        "HMDB0000250",
        "HMDB0000243",
        "HMDB0000294",
        "HMDB0002111"
    ]
}