{
    "smpdb": "SMP0000289",
    "name": "Diflunisal Action Pathway",
    "class": "Drug Action",
    "description": "Valdecoxib, a selective prostaglandin G/H synthase 2 (better known as cyclooxygenase-2 or COX-2) inhibitor, is classified as a nonsteroidal anti-inflammatory drug (NSAID). Valdecoxib was used for its anti-inflammatory, analgesic, and antipyretic effects in the management of osteoarthritis and for the treatment of dysmenorrhea or acute pain. Unlike celecoxib, valdecoxib lacks a sulfonamide chain and does not require CYP450 enzymes for metabolism. Both COX-1 and COX-2 catalyze the conversion of arachidonic acid to prostaglandin G2 (PGG2) and PGG2 to prostaglandin H2 (PGH2). PGH2 is the precursor of a number of prostaglandins, including prostaglandin E2 (PGE2), prostaglandin I2 (PGI2) and thomboxane A2 (TxA2). Valdecoxib selectively inhibits the cyclooxygenase-2 (COX-2) enzyme, a key enzyme in the production of PGE2. PGE2 is a potent mediator of pain, inflammation and fever. The first part of this figure depicts the anti-inflammatory, analgesic and antipyretic pathway of valdecoxib. \n\nThe latter portion of this figure depicts valdecoxib\u2019s potential involvement in platelet aggregation. Prostaglandin synthesis varies across different tissue types. Platelets, anuclear cells derived from fragmentation from megakaryocytes, contain COX-1, but not COX-2. COX-1 activity in platelets is required for thromboxane A2 (TxA2)-mediated platelet aggregation. Platelet activation and coagulation do not normally occur in intact blood vessels. After blood vessel injury, platelets adhere to the subendothelial collagen at the site of injury. Activation of collagen receptors initiates phospholipase C (PLC)-mediated signaling cascades resulting in the release of intracellular calcium from the dense tubula system. The increase in intracellular calcium activates kinases required for morphological change, transition to procoagulant surface, secretion of granular contents, activation of glycoproteins, and the activation of phospholipase A2 (PLA2). Activation of PLA2 results in the liberation of arachidonic acid, a precursor to prostaglandin synthesis, from membrane phospholipids. The accumulation of TxA2, ADP and thrombin mediates further platelet recruitment and signal amplification. TxA2 and ADP stimulate their respective G-protein coupled receptors, thomboxane A2 receptor and P2Y purinoreceptor 12, and inhibit the production of cAMP via adenylate cyclase inhibition. This counteracts the adenylate cyclase stimulatory effects of the platelet aggregation inhibitor, PGI2, produced by neighbouring endothelial cells. Platelet adhesion, cytoskeletal remodeling, granular secretion and signal amplification are independent processes that lead to the activation of the fibrinogen receptor. Fibrinogen receptor activation exposes fibrinogen binding sites and allows platelet cross-linking and aggregation to occur. \n\nNeighbouring endothelial cells found in blood vessels express both COX-1 and COX-2. COX-2 in endothelial cells mediates the synthesis of PGI2, an effective platelet aggregation inhibitor and vasodilator, while COX-1 mediates vasoconstriction and stimulates platelet aggregation. PGI2 produced by endothelial cells encounters platelets in the blood stream and binds to the G-protein coupled prostacyclin receptor. This causes G-protein mediated activation of adenylate cyclase, which catalyzes the conversion of adenosine triphosphate (ATP) to cyclic AMP (cAMP). Four cAMP molecules then bind to the regulatory subunits of the inactive cAMP-dependent protein kinase holoenzyme causing dissociation of the regulatory subunits and leaving two active catalytic subunit monomers. The active subunits of cAMP-dependent protein kinase catalyze the phosphorylation of a number of proteins. Phosphorylation of inositol 1,4,5-trisphosphate receptor type 1 on the endoplasmic reticulum (ER) inhibits the release of calcium from the ER. This in turn inhibits the calcium-dependent events, including PLA2 activation, involved in platelet activation and aggregation. Inhibition of PLA2 decreases intracellular TxA2 and inhibits the platelet aggregation pathway. cAMP-dependent kinase also phosphorylates the actin-associated protein, vasodilator-stimulated phosphoprotein. Phosphorylation inhibits protein activity, which includes cytoskeleton reorganization and platelet activation. Valdexocib preferentially inhibits COX-2 with little activity against COX-1. COX-2 inhibition in endothelial cells decreases the production of PGI2 and the ability of these cells to inhibit platelet aggregation and stimulate vasodilation. These effects are thought to be responsible for the rare, but severe, adverse cardiovascular effects observed with rofecoxib, a COX-2 inhibitor which was subsequently been withdrawn from the market. Valdexocib was withdrawn from the Canadian, U.S. and E.U. markets in 2005 due to concerns of possible increased risk of heart attack and stroke. \n (less)",
    "chem_link": [
        "Q9NRX4",
        "P16118",
        "P17858",
        "P15121",
        "P09467",
        "P04075",
        "P05062",
        "O14772",
        "Q13630",
        "O60547",
        "P19367",
        "P50053",
        "Q8N0W3",
        "Q9Y5P6",
        "P34949",
        "Q92871",
        "Q00796",
        "P60174"
    ],
    "prot_link": [
        "HMDB0000464",
        "HMDB0000015",
        "HMDB0004198",
        "HMDB0002972"
    ]
}