{
    "smpdb": "SMP0000037",
    "name": "Lysine Degradation",
    "class": "Metabolic",
    "description": "The degradation of L-lysine happens in liver and it is consisted of seven reactions. L-Lysine is imported into liver through low affinity cationic amino acid transporter 2 (cationic amino acid transporter 2/SLC7A2). Afterwards, L-lysine is imported into mitochondria via mitochondrial ornithine transporter 2.  L-Lysine can also be obtained from biotin metabolism. L-Lysine and oxoglutaric acid will be combined to form saccharopine by facilitation of mitochondrial alpha-aminoadipic semialdehyde synthase, and then, mitochondrial alpha-aminoadipic semialdehyde synthase will further breaks saccharopine down to allysine and glutamic acid. Allysine will be degraded to form aminoadipic acid through alpha-aminoadipic semialdehyde dehydrogenase. Oxoadipic acid is formed from catalyzation of mitochondrial kynurenine/alpha-aminoadipate aminotransferase on aminoadipic acid. Oxoadipic acid will be further catalyzed to form glutaryl-CoA, and glutaryl-CoA converts to crotonoyl-CoA, and crotonoyl-CoA transformed to 3-hydroxybutyryl-CoA. 3-Hydroxybutyryl-CoA will form Acetyl-CoA as the final product through the intermediate compound: acetoacetyl-CoA. Acetyl-CoA will undergo citric acid cycle metabolism. Carnitine is another key byproduct of lysine metabolism (not shown in this pathway).  (less)",
    "chem_link": [
        "HMDB0001341",
        "HMDB0000538",
        "HMDB0001967",
        "HMDB0000143",
        "HMDB0000645",
        "HMDB0001586",
        "HMDB0001401",
        "HMDB0015531",
        "HMDB0000547",
        "HMDB0000902",
        "HMDB0001487",
        "HMDB0000250",
        "HMDB0001018",
        "HMDB0000286",
        "HMDB0000935",
        "HMDB0000302",
        "HMDB0000285",
        "HMDB0002111",
        "HMDB0001303",
        "HMDB0003345"
    ],
    "prot_link": [
        "P51570",
        "P07902",
        "P35557",
        "P36871",
        "Q14376",
        "O60701",
        "Q8NBZ7",
        "Q16851"
    ]
}