{
    "smpdb": "SMP0000167",
    "name": "Adenylosuccinate Lyase Deficiency",
    "class": "Disease",
    "description": "Argininosuccinic Aciduria, (Argininosuccinase Deficiency, Argininosuccinate Lyase Deficiency, ASL Deficiency) is an autosomal recessive disorder caused by a mutation in the ASL gene which codes for argininosuccinate lyase. It results in accumulation of citrulline, arginosuccinic acid, L-arginine, and L-glutamic acid in plasma as well as ammonia in blood. Infants are lethargic and unwilling to eat. They may develop seizures, coma, and failure to thrive as toxic ammonia accumulates. (less)",
    "chem_link": [
        "P20648"
    ],
    "prot_link": [
        "HMDB0001341",
        "HMDB0000538",
        "HMDB0000051",
        "HMDB0061204",
        "HMDB0012943",
        "HMDB0014584",
        "HMDB0060639",
        "HMDB0061262",
        "HMDB0060638",
        "HMDB0000547",
        "HMDB0002111",
        "HMDB0015532"
    ]
}