{
    "smpdb": "SMP0000044",
    "name": "Histidine Metabolism",
    "class": "Metabolic",
    "description": "Histidine, an amino acid, plays an important role in the creation of proteins. It is unique as an amino acid as it is needed for nucleotide formation. The biosynthesis of histidine in adults begins with the condensation of ATP and PRPP (phosphoribosyl pyrophosphate) to form n-5-phosphoribosyl 1-pyrophosphate (phosphoribosyl-ATP). It is also worth noting that PRPP is the beginning compound for purine and pyrimidine creation. Subsequent histidine biosynthetic steps (from phosphoribosyl-ATP onwards) are likely to occur in the intestinal microflora. Elimination of the phosphate and the opening of the ring in phosphoribosyl-ATP forms phosphoribosyl-forminino-5-aminoimidazole-4-carboxamide ribonucleotide(phosphoribosyl-forminino-AICAR-phosphate). This is subsequently converted to 5-phosphoribulosyl-forminino-5-aminoimidazole-4-carboxamide ribonucleotide. Cleavage of this compound creates imidazole glycerol phosphate and AICAR (aminoimidazolecarboxamide ribonucleotide) with glutamine being involved as an amino group donor. AICAR is used again through the purine pathway while the imidazole glycerol phosphate is converted to imidazole acetal phosphate. Transamination yields histidinol phosphate which is then turned into histidinol, and then, finally, to histidine. L-histidine is catalyzed by histidine ammonia-lyase into urocanic acid. This acid is then converted to 4-imidazolone-5-propionic acid by urocanate hydratase. 4-imidazolone-5-propionic acid is then converted to formiminoglutamic acid, using the enzyme probable imidazolonepropionase. One last reaction occurs to allow for glutamate metabolism, as formiminoglutamic acid is converted to l-glutamic acid through the use of formimidoyltransferase-cyclodeaminase. Histidine is also a precursor for carnosine biosynthesis(via carnosine synthase), with beta-alanine being the rate limiting precursor. Anserine can be synthesized either from carnosine via carnosine N-methyltransferase or from 1-methylhistidine via carnosine synthase. Inversely, cytosolic non-specific dipeptidase catalyzes the synthesis of 1-methylhistidine from anserine.\nHistidine is found in meat, seeds, nuts and whole grains. It is a very important amino acid in keeping a pH of 7 in the body, as it acts as a shuttle for protons to maintain a balance of acids and bases in the blood and different tissues. \n (less)",
    "chem_link": [
        "HMDB0061380",
        "HMDB0001206",
        "HMDB0001341",
        "HMDB0000538",
        "HMDB0000030",
        "HMDB0001967",
        "HMDB0000072",
        "HMDB0000094",
        "HMDB0001423",
        "HMDB0001072",
        "HMDB0001248",
        "HMDB0001197",
        "HMDB0000134",
        "HMDB0001201",
        "HMDB0001273",
        "HMDB0000595",
        "HMDB0059597",
        "HMDB0000193",
        "HMDB0000156",
        "HMDB0000962",
        "HMDB0000547",
        "HMDB0001333",
        "HMDB0000902",
        "HMDB0001487",
        "HMDB0000223",
        "HMDB0000208",
        "HMDB0001429",
        "HMDB0000243",
        "HMDB0059661",
        "HMDB0000254",
        "HMDB0001022",
        "HMDB0001372",
        "HMDB0002111"
    ],
    "prot_link": [
        "Q02218",
        "Q99798",
        "O75390",
        "P09622",
        "P10515",
        "P36957",
        "P07954",
        "P50213",
        "O43837",
        "P51553",
        "P40926",
        "Q9Y5U8",
        "P11498",
        "P08559",
        "P11177",
        "O14521",
        "P31040",
        "P21912",
        "Q99643",
        "P53597",
        "Q96I99"
    ]
}