{
    "smpdb": "SMP0000394",
    "name": "Chloroprocaine Action Pathway",
    "class": "Drug Action",
    "description": "Tobramycin (also named aktob or tobi) is an aminoglycoside antibiotic that can be used to treat various gram-negative bacterial infections such as the species of Pseudomonas. Bacterial 30S ribosomal subunit protein and four nucleotides of 16S rRNA will be bound with tobramycin irreversibly to cause misreading of mRNA; so that formation of mRNA could be prevented because of incorrect insertion of amino acids to polypeptide will result nonfunctional or toxic peptides. Therefore, there is no protein synthesis for bacteria. (less)",
    "chem_link": [
        "Q92887",
        "O15438",
        "P04637",
        "P38936",
        "P08684",
        "P08183",
        "P33527",
        "Q5T3U5",
        "Q15311",
        "P68363",
        "Q9H4B7"
    ],
    "prot_link": [
        "HMDB0000037",
        "HMDB0061196",
        "HMDB0001035",
        "HMDB0000492",
        "HMDB0001201",
        "HMDB0001362",
        "HMDB0000586",
        "HMDB0000588",
        "HMDB0015101",
        "HMDB0001980",
        "HMDB0002111",
        "HMDB0001303"
    ]
}