{
    "smpdb": "SMP0000103",
    "name": "Cyclothiazide Action Pathway",
    "class": "Drug Action",
    "description": "Torsemide, also known as torasemide is a pharmacologically-active small molecule that belongs to the drug class of loop diuretics. It is commonly used to manage hypertension and  edema in cases of congestive heart failure as it acts as a diuretic by blocking sodium transporters NKCC2 on the thick ascending limb of the Loop of Henle in the renal tissues. Specifically it acts on solute carrier family 12 member 1. This prevents the reuptake of sodium into the Loop of Henle which consequentially reduces the uptake of water and serves to both increase water loss and reduce blood pressure. Torsemide appears to reduce blood pressure beyond its action in reducing salt uptake in the Loop of Henle; it also seems to be involved in reducing vasoconstriction by blocking the action of angiotensin II.\n (less)",
    "chem_link": [
        "P08195",
        "P37088",
        "P51168",
        "P51172",
        "P51170",
        "P29972",
        "P41181",
        "Q92482",
        "P48048",
        "B7ZKV8",
        "P82251",
        "P51800",
        "P43005",
        "Q01650",
        "Q9UHI5",
        "P08235",
        "Q07837",
        "Q9NP91",
        "Q969I6",
        "P05023",
        "P50993",
        "P13637",
        "Q13733",
        "P05026",
        "P14415",
        "P54709",
        "P54710",
        "Q13621",
        "P55017",
        "Q9UHW9",
        "O15244",
        "Q4U2R8",
        "Q15849",
        "Q9UM01",
        "Q92536"
    ],
    "prot_link": [
        "HMDB0061369",
        "HMDB0001341",
        "HMDB0000538",
        "HMDB0031524",
        "HMDB0000078",
        "HMDB0001248",
        "HMDB0000125",
        "HMDB0000123",
        "HMDB0061365",
        "HMDB0003125",
        "HMDB0061370",
        "HMDB0000574",
        "HMDB0000148",
        "HMDB0061368",
        "HMDB0061367",
        "HMDB0000217",
        "HMDB0000221",
        "HMDB0003337",
        "HMDB0002142",
        "HMDB0000267",
        "HMDB0061366",
        "HMDB0002111",
        "HMDB0015532",
        "HMDB0001303",
        "HMDB0001049"
    ]
}