{
    "smpdb": "SMP0000317",
    "name": "Familial Hypercholanemia (FHCA)",
    "class": "Disease",
    "description": "Globoid Cell Leukodistrophy (GLD), also called Krabbe disease and galactosylceramide lipidosis, is an extremely rare inherited inborn error of metabolism (IEM). It is a degenerative disorder that affects the nervous system. It has an estimated prevalence of 1/100,000 in the Northern European population and a worldwide incidence of 1/100,000-1/250,000 live births. GLD is an autosomal recessive disorder that is caused by a deficiency of an enzyme called galactosylceramidase. Galactosylceramidase is a lysosomal protein that hydrolyzes the galactose ester bonds of ceramides and ceramide derivatives including galactocerebroside, galactosylsphingosine (psychosine), lactosylceramide, and monogalactosyldiglyceride. More specifically, galactosylceramidase is an enzyme that is involved in the catabolism (via the removal of galactose) of galactosylceramide, a major lipid in myelin, kidney, and epithelial cells of the small intestine and colon. Defects in galactosylceramidase lead to the accumulation of cytotoxic psychosine, which ultimately leads to apoptosis of oligodendrocytes and demyelination. As a result, this enzyme deficiency impairs the growth and maintenance of myelin, the protective sheath around nerve cell axons that ensures that electrical impulses are rapidly transmitted. GLD is part of a group of disorders known as leukodystrophies, which result from the loss of myelin (demyelination). GLD is also characterized by the abnormal presence of globoid cells, which are globe-shaped cells that often have multiple nuclei. There are three different phenotypes for GLD: infantile, juvenile, and late-onset. Neurodegeneration and early death (at age 2-3) occur in most infantile cases. In juvenile patients, the disease is often fatal 2-7 years after the symptoms begin. Adult-onset patients can survive many years after symptoms first manifest. The symptoms of infantile GLD usually begin during the first year of life. Typically, the initial signs and symptoms include feeding difficulties, episodes of fever without any sign of infection, irritability, stiff posture, muscle weakness, and slowed mental and physical development. Muscles continue to weaken as the disease progresses which decreases the infant's ability to move, chew, swallow, and breathe. It is also common for affected infants to experience vision loss and seizures. Treatment is limited to hematopoietic stem cell transplantation in pre-symptomatic infantile patients and mildly affected late-onset patients. Stem cell transplants have been shown to slow the progression of the disease. (less)",
    "chem_link": [
        "P42330",
        "O75342",
        "P18054",
        "P16050",
        "O15296",
        "P09917",
        "P34913",
        "P16152",
        "P20813",
        "P10632",
        "P05181",
        "P51589",
        "Q7Z449",
        "Q02928",
        "P98187",
        "P0C869",
        "P19440",
        "P07203",
        "P09960",
        "Q16873",
        "P78329",
        "Q08477",
        "Q16647",
        "O14684",
        "P23219",
        "P35354",
        "P41222",
        "Q8TBF2",
        "P24557"
    ],
    "prot_link": [
        "HMDB0004684",
        "HMDB0002314",
        "HMDB0004673",
        "HMDB0004694",
        "HMDB0004242",
        "HMDB0011137",
        "HMDB0004693",
        "HMDB0061119",
        "HMDB0004692",
        "HMDB0061118",
        "HMDB0004243",
        "HMDB0013633",
        "HMDB0004234",
        "HMDB0002265",
        "HMDB0004264",
        "HMDB0003876",
        "HMDB0004244",
        "HMDB0005079",
        "HMDB0005050",
        "HMDB0004680",
        "HMDB0011136",
        "HMDB0061377",
        "HMDB0061378",
        "HMDB0006059",
        "HMDB0001509",
        "HMDB0005998",
        "HMDB0002343",
        "HMDB0002190",
        "HMDB0061111",
        "HMDB0011134",
        "HMDB0011135",
        "HMDB0010217",
        "HMDB0002886",
        "HMDB0004241",
        "HMDB0004699",
        "HMDB0002311",
        "HMDB0002232",
        "HMDB0004679",
        "HMDB0004659",
        "HMDB0001043",
        "HMDB0000464",
        "HMDB0012943",
        "HMDB0000125",
        "HMDB0003178",
        "HMDB0000148",
        "HMDB0001337",
        "HMDB0001085",
        "HMDB0001198",
        "HMDB0003080",
        "HMDB0010379",
        "HMDB0000547",
        "HMDB0000217",
        "HMDB0000221",
        "HMDB0003337",
        "HMDB0001377",
        "HMDB0007883",
        "HMDB0014694",
        "HMDB0002752",
        "HMDB0004236",
        "HMDB0001403",
        "HMDB0001220",
        "HMDB0001139",
        "HMDB0003235",
        "HMDB0001381",
        "HMDB0001335",
        "HMDB0002710",
        "HMDB0060095",
        "HMDB0001452",
        "HMDB0003252",
        "HMDB0002111",
        "HMDB0001303",
        "HMDB0004238"
    ]
}