{
    "smpdb": "SMP0000363",
    "name": "Ornithine Aminotransferase Deficiency (OAT Deficiency)",
    "class": "Disease",
    "description": "Fluvastatin inhibits cholesterol synthesis via the mevalonate pathway by inhibiting 3-hydroxy-3-methylglutaryl-coenzyme A (HMG-CoA) reductase. HMG-CoA reductase is the enzyme responsible for the conversion of HMG-CoA to mevalonic acid, the rate-limiting step of cholesterol synthesis by this pathway. Fluvastatin bears a chemical resemblance to the reduced HMG-CoA reaction intermediate that is formed during catalysis. Fluvastatin was the first synthetically-prepared HMG-CoA reductase inhibitor. Although similar to lovastatin, simvastatin, and pravastatin, it has a shorter half-life, no active metabolites, extensive protein binding, and minimal CSF penetration. Cholesterol biosynthesis accounts for approximately 80% of cholesterol in the body; thus, inhibiting this process can significantly lower cholesterol levels.  (less)",
    "chem_link": [
        "P42330",
        "O75342",
        "P18054",
        "P16050",
        "O15296",
        "P09917",
        "P34913",
        "P16152",
        "P20813",
        "P10632",
        "P05181",
        "P51589",
        "Q7Z449",
        "Q02928",
        "P98187",
        "P0C869",
        "P19440",
        "P07203",
        "P09960",
        "Q16873",
        "P78329",
        "Q08477",
        "Q16647",
        "O14684",
        "P23219",
        "P35354",
        "P41222",
        "Q8TBF2",
        "P24557"
    ],
    "prot_link": [
        "HMDB0001301",
        "HMDB0061380",
        "HMDB0001128",
        "HMDB0001206",
        "HMDB0001341",
        "HMDB0001178",
        "HMDB0000045",
        "HMDB0000538",
        "HMDB0000051",
        "HMDB0000030",
        "HMDB0001096",
        "HMDB0001967",
        "HMDB0003538",
        "HMDB0003362",
        "HMDB0001423",
        "HMDB0001248",
        "HMDB0000124",
        "HMDB0001254",
        "HMDB0000125",
        "HMDB0000123",
        "HMDB0001397",
        "HMDB0059597",
        "HMDB0000161",
        "HMDB0000191",
        "HMDB0000574",
        "HMDB0000148",
        "HMDB0000641",
        "HMDB0000547",
        "HMDB0001062",
        "HMDB0000902",
        "HMDB0001487",
        "HMDB0000217",
        "HMDB0000221",
        "HMDB0001179",
        "HMDB0000223",
        "HMDB0003337",
        "HMDB0000208",
        "HMDB0001429",
        "HMDB0000280",
        "HMDB0002142",
        "HMDB0001491",
        "HMDB0000250",
        "HMDB0000243",
        "HMDB0000254",
        "HMDB0001259",
        "HMDB0002111",
        "HMDB0001554",
        "HMDB0001303",
        "HMDB0000112",
        "HMDB0001049"
    ]
}