{
    "smpdb": "SMP0000285",
    "name": "Reteplase Action Pathway",
    "class": "Drug Action",
    "description": "Phenprocoumon is an anticoagulant that inhibits the liver enzyme vitamin K reductase. This leads to the depletion of the reduced form of vitamin K (vitamin KH2). As vitamin K is a cofactor for the gamma-carboxylation and subsequent activation of the vitamin K-dependent coagulation factors (II, VII, IX, and X), this ultimately results in reduced cleavage of fibrinogen into fibrin and decreased coagulability of the blood. (less)",
    "chem_link": [
        "HMDB0000895",
        "HMDB0001341",
        "HMDB0000538",
        "HMDB0001967",
        "HMDB0000492",
        "HMDB0001919",
        "HMDB0000870",
        "HMDB0000595",
        "HMDB0059597",
        "HMDB0001429",
        "HMDB0000586",
        "HMDB0002111",
        "HMDB0001303"
    ],
    "prot_link": [
        "P00915",
        "O15247",
        "P01350",
        "P32239",
        "P25021",
        "P20309",
        "Q9Y6J6",
        "P51787",
        "P20648",
        "P51164",
        "P61278",
        "P30874"
    ]
}