{
    "smpdb": "SMP0000279",
    "name": "Ximelagatran Action Pathway",
    "class": "Drug Action",
    "description": "Isovaleric acidemia (IVA) is caused by mutation in the isovaleryl CoA dehydrogenase gene. Isovaleryl CoA dehydrogenase is part of the acyl-CoA dehydrogenase family and is involved in the catabolism of leucine. A defect in this enzyme causes accumulation of ammonia, ketone bodies, Isovaleryl/2-Methylbutyrylcarnitine (C5) in blood; carnitine in plasma; creatinine, and glucose in serum; 3-Hydroxybutyric acid, 3-Hydroxyisovaleric acid, 4-Hydroxyvaleric acid, acetyltryptophan, glycine, acylcarnitin, isovalerylasparagine, isovalerylglycine, isovaleryllysine, isovalerylhistidine and isovaleryltryptophan in urine. Symptoms include encephalopathy, ketosis, metabolic acidosis, pancreatitis, sweaty feet odor, and thrombocytopenia. (less)",
    "chem_link": [
        "P24752",
        "Q13085",
        "Q9NR19",
        "Q8WYK0",
        "P07311",
        "P05091",
        "P15121",
        "P09622",
        "P10515",
        "Q9UBQ7",
        "Q16775",
        "Q6ZMR3",
        "Q04760",
        "P40925",
        "P23368",
        "P48163",
        "P35558",
        "Q86WU2",
        "P11498",
        "P08559",
        "P11177",
        "P30613"
    ],
    "prot_link": [
        "HMDB0000990",
        "HMDB0000042",
        "HMDB0001484",
        "HMDB0006880",
        "HMDB0001206",
        "HMDB0001494",
        "HMDB0001341",
        "HMDB0000045",
        "HMDB0000538",
        "HMDB0000030",
        "HMDB0001967",
        "HMDB0001423",
        "HMDB0006458",
        "HMDB0001311",
        "HMDB0000985",
        "HMDB0001248",
        "HMDB0000125",
        "HMDB0001201",
        "HMDB0001273",
        "HMDB0001362",
        "HMDB0000595",
        "HMDB0059597",
        "HMDB0000190",
        "HMDB0000156",
        "HMDB0003052",
        "HMDB0000962",
        "HMDB0000547",
        "HMDB0001175",
        "HMDB0001333",
        "HMDB0000902",
        "HMDB0001487",
        "HMDB0000217",
        "HMDB0000221",
        "HMDB0000223",
        "HMDB0001429",
        "HMDB0000263",
        "HMDB0002142",
        "HMDB0000586",
        "HMDB0001881",
        "HMDB0000250",
        "HMDB0001167",
        "HMDB0000243",
        "HMDB0006878",
        "HMDB0001066",
        "HMDB0001372",
        "HMDB0002111",
        "HMDB0001303"
    ]
}