{
    "smpdb": "SMP0000209",
    "name": "Hypercholesterolemia",
    "class": "Disease",
    "description": "Beta-ureidopropionase deficiency (Beta Alanine-Synthase Deficiency, UPB1, BUP1) is an autosomal recessive disease caused by mutations in the UPB1 gene which codes for beta-ureidopropionase. A deficiency in this enzyme results in accumulation of N-carbamyl-beta-amino acids. Symptoms include hypotonia, dystonic movements, scoliosis, microcephaly, and severe developmental delay. (less)",
    "chem_link": [
        "P00915",
        "O15247",
        "P01350",
        "P32239",
        "P25021",
        "P20309",
        "Q9Y6J6",
        "P51787",
        "P20648",
        "P51164",
        "P61278",
        "P30874"
    ],
    "prot_link": [
        "HMDB0061369",
        "HMDB0001341",
        "HMDB0000538",
        "HMDB0031524",
        "HMDB0000078",
        "HMDB0001248",
        "HMDB0000125",
        "HMDB0000123",
        "HMDB0061365",
        "HMDB0003125",
        "HMDB0061370",
        "HMDB0000574",
        "HMDB0000148",
        "HMDB0061368",
        "HMDB0061367",
        "HMDB0000217",
        "HMDB0000221",
        "HMDB0003337",
        "HMDB0002142",
        "HMDB0000267",
        "HMDB0061366",
        "HMDB0002111",
        "HMDB0015532",
        "HMDB0001303",
        "HMDB0001049"
    ]
}