{
    "smpdb": "SMP0000450",
    "name": "Phytanic Acid Peroxisomal Oxidation",
    "class": "Metabolic",
    "description": " Phytanic acid, a branched chain fatty acid, is an important component of fatty acid intake, occuring in meat, fish and dairy products.  Due to its methylation, it cannot be a substrate for acyl-CoA dehydrogenase and cannot enter the mitochondrial beta oxidation pathway.  Phytanic acid is instead activated to its CoA ester form by a CoA synthetase to phytanoyl-CoA, where it can begin the first cycle of alpha oxidation.  Phytanoyl-CoA is a substrate for a specific alpha-hydroxylase (Phytanoyl-CoA hydroxylase), which adds a hydroxyl group to the \u03b1-carbon of phytanic acid, creating the 19-carbon homologue, pristanic acid.  Pristanic acid then undergoes further metabolism through beta oxidation.  (less)",
    "chem_link": [
        "HMDB0001206",
        "HMDB0001341",
        "HMDB0000538",
        "HMDB0000030",
        "HMDB0001967",
        "HMDB0000094",
        "HMDB0001423",
        "HMDB0000122",
        "HMDB0001362",
        "HMDB0000595",
        "HMDB0059597",
        "HMDB0000156",
        "HMDB0001333",
        "HMDB0000902",
        "HMDB0001487",
        "HMDB0000217",
        "HMDB0000221",
        "HMDB0000223",
        "HMDB0001429",
        "HMDB0000243",
        "HMDB0001372",
        "HMDB0002111"
    ],
    "prot_link": [
        "P53396",
        "O75390",
        "P40925",
        "Q02978",
        "Q6LAP8",
        "Q9Y5U8",
        "P48163",
        "P11498",
        "P08559",
        "P11177"
    ]
}