{
    "smpdb": "SMP0000464",
    "name": "Vitamin K Metabolism",
    "class": "Metabolic",
    "description": "Vitamin K describes a group of lipophilic, hydrophobic vitamins that exist naturally in two forms (and synthetically in three others): vitamin K1, which is found in plants, and vitamin K2, which is synthesized by bacteria. Vitamin K is an important dietary component because it is necessary as a cofacter in the activation of vitamin K dependent proteins. Metabolism of vitamin K occurs mainly in the liver. In the first step, vitamin K is reduced to its quinone form by a quinone reductase such as NAD(P)H dehydrogenase. Reduced vitamin K is the form required to convert vitamin K dependent protein precursors to their active states. It acts as a cofactor to the integral membrane enzyme vitamin K-dependent gamma-carboxylase (along with water and carbon dioxide as co-substrates), which carboxylates glutamyl residues to gamma-carboxy-glutamic acid residues on certain proteins, activating them. Each converted glutamyl residue produces a molecule of vitamin K epoxide, and certain proteins may have more than one residue requiring carboxylation. To complete the cycle, the vitamin K epoxide is returned to vitamin K via the vitamin K epoxide reductase enzyme, also an integral membrane protein. The vitamin K dependent proteins include a number of important coagulation factors, such as prothrombin. Thus, warfarin and other coumarin drugs act as anticoagulants by blocking vitamin K epoxide reductase. (less)",
    "chem_link": [
        "HMDB0010734",
        "HMDB0010731",
        "HMDB0010725",
        "HMDB0010728",
        "HMDB0010718",
        "HMDB0010722",
        "HMDB0000357",
        "HMDB0010724",
        "HMDB0010727",
        "HMDB0010733",
        "HMDB0010717",
        "HMDB0010721",
        "HMDB0010730",
        "HMDB0000042",
        "HMDB0000060",
        "HMDB0001206",
        "HMDB0000030",
        "HMDB0010720",
        "HMDB0000039",
        "HMDB0000511",
        "HMDB0000535",
        "HMDB0000482",
        "HMDB0001423",
        "HMDB0000638",
        "HMDB0000691",
        "HMDB0001175",
        "HMDB0001333",
        "HMDB0000806",
        "HMDB0000220",
        "HMDB0001568",
        "HMDB0010726",
        "HMDB0010729",
        "HMDB0010719",
        "HMDB0010735",
        "HMDB0010732"
    ],
    "prot_link": [
        "Q13085"
    ]
}