{
    "smpdb": "SMP0000318",
    "name": "Congenital Bile Acid Synthesis Defect Type III",
    "class": "Disease",
    "description": "The condition pyridoxine dependent-epilepsy is a condition that sees seizures beginning in infancy. In some cases, the seizures begin before birth. The seizures involve status epilepticus, which are seizures that last several minutes. The symptoms specific to pyridoxine dependent seizures can include hypothermia, dystonia and irritability right before an episode. They also include loss of consciousness, convulsions, and muscle rigidity. Rarely does this condition manifest between 1 to 3 years of age, although it has occured. Traditional anticonvulsant medication has proven ineffective in patients with this condition; patients are instead treated with pyridoxine daily in large doses. This compound is a b-vitamin found in food. Encephalopathy can occur if this condition is not treated, which can result in permanent brain damage. Although this condition is treated with pyridoxine, it can still cause neurological issues, such as learning disorders or developmental delay, regardless of treatment.  (less)",
    "chem_link": [
        "Q9NQ66",
        "P50148",
        "P62873",
        "P59768",
        "P35367",
        "Q14643",
        "P19838",
        "P05771"
    ],
    "prot_link": [
        "HMDB0000464",
        "HMDB0240218",
        "HMDB0001201",
        "HMDB0001273",
        "HMDB0000870",
        "HMDB0001498",
        "HMDB0002111"
    ]
}