{
    "smpdb": "SMP0000087",
    "name": "Rofecoxib Action Pathway",
    "class": "Drug Action",
    "description": "Magnesium Salicylate is a nonsteroidal anti-inflammatory drug. It can be used to treat mild to moderate muscular pain such as headaches, general back pain and other joint pain. \nMagnesium Salicylate can block prostaglandin synthesis by the action of inhibition of prostaglandin G/H synthase 1 and 2. Prostaglandin G/H synthase 1 and 2 catalyze the arachidonic acid to prostaglandin G2, and also catalyze prostaglandin G2 to prostaglandin H2 in the metabolism pathway. Decreased prostaglandin synthesis in many animal model's cell is caused by presence of Magnesium Salicylate.\n\n\n (less)",
    "chem_link": [
        "P80404",
        "P24298",
        "Q06203",
        "P00505",
        "P27708",
        "P31327",
        "P30038",
        "Q96EK6",
        "Q99259",
        "P00367",
        "P48506",
        "P48507",
        "Q9UI32",
        "A8YXX4",
        "Q06210",
        "P47897",
        "Q6IA69",
        "P00390",
        "P48637",
        "P49915",
        "Q9UJ70",
        "Q5JPH6",
        "P51649"
    ],
    "prot_link": [
        "HMDB0000042",
        "HMDB0001206",
        "HMDB0000045",
        "HMDB0000538",
        "HMDB0000536",
        "HMDB0000051",
        "HMDB0000052",
        "HMDB0001096",
        "HMDB0001967",
        "HMDB0000904",
        "HMDB0001423",
        "HMDB0006483",
        "HMDB0001248",
        "HMDB0000134",
        "HMDB0001201",
        "HMDB0001273",
        "HMDB0003125",
        "HMDB0000175",
        "HMDB0000517",
        "HMDB0000168",
        "HMDB0000191",
        "HMDB0000148",
        "HMDB0000641",
        "HMDB0000547",
        "HMDB0011111",
        "HMDB0000812",
        "HMDB0000223",
        "HMDB0000208",
        "HMDB0001377",
        "HMDB0001429",
        "HMDB0001491",
        "HMDB0000250",
        "HMDB0000828",
        "HMDB0002111",
        "HMDB0001303",
        "HMDB0000056"
    ]
}