{
    "smpdb": "SMP0000428",
    "name": "Mercaptopurine Action Pathway",
    "class": "Drug Action",
    "description": "Trisalicylate-Choline (also named Choline Magnesium Trisalicylate) is a nonsteroidal anti-inflammatory drug (NSAID). It can be used to treat pain and fever. Trisalicylate-Choline can block prostaglandin synthesis by the action of inhibition of prostaglandin G/H synthase 1 and 2. Prostaglandin G/H synthase 1 and 2 catalyze the arachidonic acid to prostaglandin G2, and also catalyze prostaglandin G2 to prostaglandin H2 in the metabolism pathway. Decreased prostaglandin synthesis in many animal model's cell is caused by presence of trisalicylate-choline.\n\n (less)",
    "chem_link": [
        "P08195",
        "P37088",
        "P51168",
        "P51172",
        "P51170",
        "P29972",
        "P41181",
        "Q92482",
        "P48048",
        "B7ZKV8",
        "P82251",
        "P51800",
        "P43005",
        "Q01650",
        "Q9UHI5",
        "P08235",
        "Q07837",
        "Q9NP91",
        "Q969I6",
        "P05023",
        "P50993",
        "P13637",
        "Q13733",
        "P05026",
        "P14415",
        "P54709",
        "P54710",
        "Q13621",
        "P55017",
        "Q9UHW9",
        "O15244",
        "Q4U2R8",
        "Q15849",
        "Q9UM01",
        "Q92536"
    ],
    "prot_link": [
        "HMDB0000002",
        "HMDB0001106",
        "HMDB0000479",
        "HMDB0001206",
        "HMDB0000051",
        "HMDB0000194",
        "HMDB0000464",
        "HMDB0001967",
        "HMDB0000033",
        "HMDB0001423",
        "HMDB0000657",
        "HMDB0000076",
        "HMDB0001248",
        "HMDB0001520",
        "HMDB0059597",
        "HMDB0003125",
        "HMDB0000191",
        "HMDB0000148",
        "HMDB0000177",
        "HMDB0011111",
        "HMDB0000902",
        "HMDB0001487",
        "HMDB0000217",
        "HMDB0000221",
        "HMDB0000208",
        "HMDB0001377",
        "HMDB0000210",
        "HMDB0001491",
        "HMDB0011639",
        "HMDB0000300",
        "HMDB0000026",
        "HMDB0002111",
        "HMDB0001303",
        "HMDB0000056"
    ]
}