{
    "smpdb": "SMP0000434",
    "name": "Paclitaxel Action Pathway (old)",
    "class": "Drug Action",
    "description": "Quinethazone, also known under the brand-name Hydromox, is a pharmacologically-active small molecule that belongs to a class of drugs called thiazides. Thiazides and thiazide-like drugs are diuretics commonly employed to control hypertension. The short term mechanism of action is relatively well-understood: thiazides inhibit sodium-chloride co-transport into the renal distal convoluted tubule of the nephron and therefore increase fluid loss which decreases extracellular fluid (ECF), plasma volume, and ultimately blood pressure. In the case of quinethazone, it inhibits the sodium-chloride symporter, solute carrier family 12 member 3. Thiazides also inhibit sodium ion transport. However, the long-term mechanism of action isn\u2019t as well-characterized and it is thought that other processes beyond regulating plasma and ECF volumes are involved as these two volumes return to baseline within 4-6 weeks of first use of thiazides. (less)",
    "chem_link": [
        "P46108",
        "Q07817",
        "Q92934",
        "A8E194",
        "P04637",
        "P46109",
        "P46527",
        "P22681",
        "Q00987",
        "Q9UQC2",
        "P62993",
        "P01106",
        "P27986",
        "P23443",
        "Q13309",
        "P42345",
        "P42229",
        "Q07889",
        "O60674"
    ],
    "prot_link": [
        "HMDB0001341",
        "HMDB0000538",
        "HMDB0060661",
        "HMDB0003178",
        "HMDB0014900",
        "HMDB0060499",
        "HMDB0001429",
        "HMDB0060510",
        "HMDB0061360",
        "HMDB0000295",
        "HMDB0000935",
        "HMDB0002111"
    ]
}