{
    "smpdb": "SMP0000316",
    "name": "Zellweger Syndrome",
    "class": "Disease",
    "description": "Tay-Sachs Disease (TSD; GM2-Gangliosidosis, type I; B-Variant GM2-Gangliosidosis; Hexosaminidase A Deficiency; HEXA Deficiency; Tay-Sachs Disease Variant B1), is an autosomal recessive lysosomal storage disease. TSD is caused by a mutation in the alpha subunit of the hexosaminidase A gene (HEXA), which codes for the enzyme hexosaminidase A. HEXA degrades GM2 gangliosides and other molecules with terminal N-acetyl hexosamines in the brain and other tissues. A defect in this enzyme causes accumulation of oligosaccharides in urine. The most lethal variant of this disease is the classical infantile Tay-Sachs disease, in which children exhibit developmental retardation, dementia and blindness, finally ending in death by the second or third years. Tay-Sachs disease also has debilitating juvenile and adult forms. The majority of cases of TSD are found among (but not limited to) the Ashkenazi Jews and French Canadians in Eastern Quebec. Symptoms include ataxia, visual impairment and loss, cherry-red spot on retinal macula, dystosis multiplex, mental retardation, myoclonus, encephalopathy and psychosis. (less)",
    "chem_link": [
        "HMDB0059655",
        "HMDB0061344",
        "HMDB0000725",
        "HMDB0061380",
        "HMDB0001206",
        "HMDB0001341",
        "HMDB0000538",
        "HMDB0000044",
        "HMDB0000030",
        "HMDB0001967",
        "HMDB0000072",
        "HMDB0000094",
        "HMDB0001423",
        "HMDB0001072",
        "HMDB0001248",
        "HMDB0001197",
        "HMDB0000692",
        "HMDB0000134",
        "HMDB0001201",
        "HMDB0001273",
        "HMDB0000595",
        "HMDB0059597",
        "HMDB0000193",
        "HMDB0000156",
        "HMDB0000162",
        "HMDB0000962",
        "HMDB0000547",
        "HMDB0000744",
        "HMDB0001333",
        "HMDB0000902",
        "HMDB0001487",
        "HMDB0000217",
        "HMDB0000221",
        "HMDB0000223",
        "HMDB0000208",
        "HMDB0001377",
        "HMDB0001429",
        "HMDB0000243",
        "HMDB0001304",
        "HMDB0000254",
        "HMDB0001022",
        "HMDB0001372",
        "HMDB0002111"
    ],
    "prot_link": [
        "Q02218",
        "Q99798",
        "O75390",
        "P21399",
        "P09622",
        "P10515",
        "P36957",
        "Q9GZT9",
        "Q96KS0",
        "Q9H6Z9",
        "P07954",
        "Q16665",
        "P50213",
        "O43837",
        "P51553",
        "O75874",
        "P48735",
        "Q9H9P8",
        "Q9Y2K7",
        "P40926",
        "Q8NFU7",
        "Q6LAP8",
        "Q9UBX3",
        "Q9Y5U8",
        "Q9H302",
        "P11498",
        "P08559",
        "P11177",
        "O14521",
        "P31040",
        "P21912",
        "Q99643",
        "P53597",
        "Q96I99"
    ]
}