{
    "smpdb": "SMP0000235",
    "name": "Short-Chain Acyl-CoA Dehydrogenase Deficiency (SCAD Deficiency)",
    "class": "Disease",
    "description": "PGD is the major prostanoid released from human mast cells upon immunological challenge. Prostaglandin D2 (PGD2) can trigger asthmatic responses by acting as a cell-derived mediator in mice. The PGD receptor activates G(s) proteins which lead to the activation of adenylyl cyclase which produces the secondary messenger cAMP. cAMP activates PKA (protein kinase A) which phosphorylates downstream effectors that lead to a specific cellular response. (less)",
    "chem_link": [
        "HMDB0001294",
        "HMDB0003391",
        "HMDB0000807",
        "HMDB0001341",
        "HMDB0000538",
        "HMDB0000030",
        "HMDB0001967",
        "HMDB0000122",
        "HMDB0001112",
        "HMDB0001473",
        "HMDB0001058",
        "HMDB0000124",
        "HMDB0001586",
        "HMDB0001401",
        "HMDB0001270",
        "HMDB0001201",
        "HMDB0001273",
        "HMDB0000595",
        "HMDB0059597",
        "HMDB0000190",
        "HMDB0000547",
        "HMDB0000744",
        "HMDB0001333",
        "HMDB0000902",
        "HMDB0001487",
        "HMDB0000223",
        "HMDB0000208",
        "HMDB0001429",
        "HMDB0000263",
        "HMDB0002142",
        "HMDB0000243",
        "HMDB0002111",
        "HMDB0003345",
        "HMDB0000516",
        "HMDB0003498"
    ],
    "prot_link": [
        "Q96C23",
        "P06733",
        "P07738",
        "P09467",
        "P04075",
        "P35575",
        "P06744",
        "O43826",
        "P04406",
        "P52789",
        "Q6ZMR3",
        "P40926",
        "Q02978",
        "Q9Y5U8",
        "Q8TE04",
        "P35558",
        "P36871",
        "P18669",
        "P15259",
        "P11498",
        "P11168",
        "P60174"
    ]
}