{
    "smpdb": "SMP0000365",
    "name": "Gout or Kelley-Seegmiller Syndrome",
    "class": "Disease",
    "description": "L-2-Hydroxyglutaric Aciduria (D-2-Hydroxyglutaric Aciduria ) is an autosomal recessive disease caused by a mutation in the L2HGDH gene which codes for L-2-Hydroxygluarate dehydrogenase. A deficiency in this enzyme results in accumulation of L-2-Hydroxyglutaric acid in plasma, spinal fluid, and urine; and L-lysine in plasma and spinal fluid. Symptoms, which present at birth, include ataxia, hypotonia, mental retardation, and seizures. Premature death often results.  D-2-Hydroxyglutaric Aciduria is an autosomal recessive disease caused by a mutation in the D2HGDH gene which does for D-2-Hydroxygluarate dehydrogenase. A deficiency in this enzyme results in accumulation of D-2-Hydroxyglutaric acid in plasma, spinal fluid, and urine; oxoglutaric acid in urine; and gabba-aminobutyric acid in spinal fluid. Symptoms, which present at birth, include ataxia, hypotonia, mental retardation, and seizures. Premature death often results. (less)",
    "chem_link": [
        "P80404",
        "P24298",
        "P05091",
        "Q96KN2",
        "Q9UBR1",
        "Q14117",
        "Q12882",
        "Q99259",
        "Q16853",
        "Q02252",
        "Q8N8R3",
        "Q969I6"
    ],
    "prot_link": [
        "HMDB0000002",
        "HMDB0001106",
        "HMDB0000479",
        "HMDB0001206",
        "HMDB0000051",
        "HMDB0000194",
        "HMDB0000464",
        "HMDB0001967",
        "HMDB0000033",
        "HMDB0001423",
        "HMDB0000657",
        "HMDB0000076",
        "HMDB0001248",
        "HMDB0001520",
        "HMDB0059597",
        "HMDB0003125",
        "HMDB0000191",
        "HMDB0000148",
        "HMDB0000177",
        "HMDB0011111",
        "HMDB0000902",
        "HMDB0001487",
        "HMDB0000217",
        "HMDB0000221",
        "HMDB0000208",
        "HMDB0001377",
        "HMDB0000210",
        "HMDB0001491",
        "HMDB0011639",
        "HMDB0000300",
        "HMDB0000026",
        "HMDB0002111",
        "HMDB0001303",
        "HMDB0000056"
    ]
}