{
    "smpdb": "SMP0000357",
    "name": "Argininemia",
    "class": "Disease",
    "description": "Increased lactic acid concentrations in urine or serum can be a result of many metabolic disorders but also of other origin (infections, etc.). Respiratory chain defects account for most of the metabolic causes of lactic acid accumulation. Often alanine is also high. A urine spectrum indicating an increased lactic acid and alanine concentration is shown. (less)",
    "chem_link": [
        "HMDB0006915",
        "HMDB0001336",
        "HMDB0006242",
        "HMDB0001866",
        "HMDB0003791",
        "HMDB0000318",
        "HMDB0004061",
        "HMDB0000022",
        "HMDB0001268",
        "HMDB0000707",
        "HMDB0002281",
        "HMDB0004058",
        "HMDB0001253",
        "HMDB0000990",
        "HMDB0000042",
        "HMDB0000060",
        "HMDB0001206",
        "HMDB0000045",
        "HMDB0000538",
        "HMDB0000051",
        "HMDB0000044",
        "HMDB0000464",
        "HMDB0001967",
        "HMDB0001423",
        "HMDB0000657",
        "HMDB0001264",
        "HMDB0014960",
        "HMDB0000073",
        "HMDB0001229",
        "HMDB0000068",
        "HMDB0000108",
        "HMDB0001248",
        "HMDB0000692",
        "HMDB0012943",
        "HMDB0000134",
        "HMDB0001398",
        "HMDB0003178",
        "HMDB0000130",
        "HMDB0000118",
        "HMDB0005175",
        "HMDB0059597",
        "HMDB0003125",
        "HMDB0006779",
        "HMDB0015531",
        "HMDB0000191",
        "HMDB0000181",
        "HMDB0001430",
        "HMDB0000148",
        "HMDB0000158",
        "HMDB0004067",
        "HMDB0000547",
        "HMDB0002052",
        "HMDB0004068",
        "HMDB0004063",
        "HMDB0000164",
        "HMDB0000902",
        "HMDB0001487",
        "HMDB0000217",
        "HMDB0000221",
        "HMDB0000216",
        "HMDB0000819",
        "HMDB0000223",
        "HMDB0000208",
        "HMDB0001377",
        "HMDB0000020",
        "HMDB0001491",
        "HMDB0000957",
        "HMDB0000250",
        "HMDB0013636",
        "HMDB0000939",
        "HMDB0001185",
        "HMDB0000027",
        "HMDB0011639",
        "HMDB0000306",
        "HMDB0000291",
        "HMDB0001490",
        "HMDB0002111",
        "HMDB0015532",
        "HMDB0001303"
    ],
    "prot_link": [
        "P46952",
        "P32754",
        "Q9NUB1",
        "Q9NR19",
        "P07327",
        "P00325",
        "P30837",
        "P30838",
        "P05091",
        "P19801",
        "P21397",
        "P20711",
        "P17174",
        "P04040",
        "P21964",
        "P05181",
        "P09172",
        "P16930",
        "Q93099",
        "P40126",
        "P14174",
        "O43708",
        "P11086",
        "P14679",
        "P17735"
    ]
}