{
    "smpdb": "SMP0000355",
    "name": "Mitochondrial Electron Transport Chain",
    "class": "Metabolic",
    "description": "The electron transport chain in mitochondria leads to the transport of hydrogen ions across the inner membrane of the mitochndria, and this proton gradient is eventually used in the production of ATP. Electrons travel down a chain of electron carriers in the inner mitochondrial membrane, ending with oxygen.\nThe outer membrane of the mitochondrion is permeable to ions and other small molecules  and nothing in this pathway requires a specific transporter to enter into the intermembrane space. However, the inner membrane is only permeable to water, oxygen and carbon dioxide, and all other molecules, including protons, require transport proteins. Phosphate is able to enter the mitochondrial matrix via the glucose-6-phosphate translocase, and ADP is able to enter the matrix as ATP leaves it via the ADP/ATP translocase 1 protein.\n\nElectrons donated by NADH can enter the electron transport chain as NADH dehydrogenase, known as complex I, facilitates their transfer to ubiquinone, also known as coenzyme Q10. As this occurs, the coenzyme Q10 becomes reduced to form ubiquinol, and protons are pumped from the intermembrane space to the matrix.\n\nLower energy electrons can also be donated to complex II, which includes succinate dehydrogenase and contains FAD. These electrons move from succinic acid to the FAD in the enzyme complex, and then to coenzyme Q10, which is reduced to ubiquinol. Throughout this, succinic acid from the citric acid cycle is converted to fumaric acid, which then returns to the citric acid cycle. This step, unlike the others in the electron transport chain, does not result in any protons being pumped from the matrix to the intermembrane space.\n\nRegardless of which complex moved the electrons to coenzyme Q10, the cytochrome b-c1 complex, also known as complex III, catalyzes the movement of electrons from ubiquinol to cytochrome c, oxidizing ubiquinol to ubiquinone and reducing cytochrome c. This process also leads to the pumping of hydrogen ions into the intermembrane space. \n\nFinally, the transfer of electrons from the reduced cytochrome c is catalyzed by cytochrome c oxidase, also known as complex IV of the electron transport chain. This reaction oxidizes cytochrome c for further electron transport, and transfers the electrons to oxygen, forming molecules of water. This reaction also allows protons to be pumped across the membrane.\n\nThe proton gradient that is built up through the electron transport chain allows protons to flow through the ATP synthase proteins in the mitochondrial inner membrane, providing the energy required to synthesize ATP from ADP. (less)",
    "chem_link": [
        "P14060",
        "P26439",
        "P51857",
        "P17516",
        "P05108",
        "P28845",
        "P80365",
        "P15538",
        "P19099",
        "P05093",
        "P08686"
    ],
    "prot_link": [
        "P40126"
    ]
}