{
    "smpdb": "SMP0000293",
    "name": "Oxytetracycline Action Pathway",
    "class": "Drug Action",
    "description": "Clindamycin is a natural antibiotic that produced by Streptomyces lincolnensis, which can be used for treating various bacterial infections by binding and inhibiting 23S portion of 50S subunit of ribosomes. Blocking the portion of ribosome can prevent transpeptidase reaction that will elongate peptide chain. Clindamycin has a bacteriostatic effect. It is used primarily to treat infections caused by susceptible anaerobic bacteria, including infections of the respiratory tract, skin and soft tissue infections, and peritonitis. In patients with hypersensitivity to penicillins, clindamycin may be used to treat infections caused by susceptible aerobic bacteria as well. Clindamycin may also be used in combination with chloroquine and quinine to treat malaria caused by Pasmodium falciparum. It is commonly used as a topical treatment for acne, and can be useful against some methicillin-resistant Staphylococcus aureus (MRSA) infections. Clindamycin may also be used to treat bone and joint infections, particularly those caused by Staphylococcus aureu (less)",
    "chem_link": [],
    "prot_link": []
}