{
    "smpdb": "SMP0000119",
    "name": "Fluvastatin Action Pathway",
    "class": "Drug Action",
    "description": "Acetylsalicylic acid, also known as ASA or aspirin, belongs to a class of drugs known as non-steroidal anti-inflammatory drugs (NSAIDs). In addition to its anti-inflammatory properties, aspirin also acts as an analgesic, antipyretic and antithrombotic agent. Like most other NSAIDs, aspirin exerts its therapeutic effects by inhibiting prostaglandin G/H synthase 1 and 2, better known as cyclooxygenase-1 and -2 or simply COX-1 and -2. COX-1 and -2 catalyze the conversion of arachidonic acid to prostaglandin G2 and prostaglandin G2 to prostaglandin H2. Prostaglandin H2 is the precursor to a number of other prostaglandins, such as prostaglandin E2, involved in pain, fever and inflammation. The antipyretic properties of aspirin arise from inhibition of prostaglandin E2 synthesis in the preoptic region of the hypothalamus. Interference with adhesion and migration of granulocytes, polymorphonuclear leukocytes and macrophages at sites of inflammation account for its anti-inflammatory effects. The analgesic effects of aspirin likely occur due to peripheral action at the site of injury and possibly within the CNS.  Aspirin is unique from other NSAIDs in that it is an irreversible COX inhibitor. Aspirin irreversibly acetylates a serine side chain of COX rendering the enzyme inactive. Enzyme activity can only be regained by production of more cyclooxygenase. This unique property of aspirin and its higher selectivity for COX-1 over COX-2 makes it an effective antiplatelet agent. Platelets contain COX-1, a key enzyme in the production thromboxane A2 (TXA2), which is a potent inducer of platelet aggregation. Since platelets lack the ability to make more enzyme, TXA2 production is inhibited for the lifetime of the platelet (approximately 8 \u2013 12 days). Aspirin is commonly used at low doses to prevent cardiovascular events such as strokes and heart attacks. At higher doses, aspirin may be used as an analgesic, anti-inflammatory and antipyretic. Aspirin may cause gastric irritation and bleeding by inhibiting the synthesis of prostaglandins that enhance and maintain the protective gastric mucous layer. (less)",
    "chem_link": [
        "P08195",
        "P37088",
        "P51168",
        "P51172",
        "P51170",
        "P29972",
        "P41181",
        "Q92482",
        "P48048",
        "B7ZKV8",
        "P82251",
        "P51800",
        "P43005",
        "Q01650",
        "Q9UHI5",
        "P08235",
        "Q07837",
        "Q9NP91",
        "Q969I6",
        "P05023",
        "P50993",
        "P13637",
        "Q13733",
        "P05026",
        "P14415",
        "P54709",
        "P54710",
        "Q13621",
        "P55017",
        "Q9UHW9",
        "O15244",
        "Q4U2R8",
        "Q15849",
        "Q9UM01",
        "Q92536"
    ],
    "prot_link": [
        "HMDB0000037",
        "HMDB0000492",
        "HMDB0000595",
        "HMDB0000574",
        "HMDB0000586",
        "HMDB0000588",
        "HMDB0000294",
        "HMDB0002111"
    ]
}