{
    "smpdb": "SMP0000157",
    "name": "Trandolapril Action Pathway",
    "class": "Drug Action",
    "description": "Fluoxetine is a selective serotonin reuptake inhibitor that exerts antidepressive effects by selectively inhibiting serotonin reuptake in the brain. It does so by competing for the same binding site as serotonin on the the sodium-dependent serotonin transporter (SLC6A4). This increases the concentrations of serotonin in the synaptic cleft and reverses the state of low concentration seen in depression. Higher concentration of serotonin has also been shown to have long-term neuromodulatory effects. Binding of serotonin to certain serotonin receptors activate adenylate cyclase, which produces cAMP. cAMP activates protein kinase A which activates cAMP-responsive binding protein 1 (CREB-1). CREB-1 enters the nucleus and affects transcription of brain-derived neurotrophic factor (BDNF). BDNF subsequently stimulates neurogenesis, which may contribute to the long-term reversal of depression. \n (less)",
    "chem_link": [
        "HMDB0000464",
        "HMDB0001201",
        "HMDB0001273",
        "HMDB0000870",
        "HMDB0240243",
        "HMDB0001498",
        "HMDB0002111"
    ],
    "prot_link": [
        "Q9NQ66",
        "P50148",
        "P62873",
        "P59768",
        "P35367",
        "Q14643",
        "P19838",
        "P05771"
    ]
}