{
    "smpdb": "SMP0000066",
    "name": "Biotin Metabolism",
    "class": "Metabolic",
    "description": "Biotin is a vitamin that is an essential nutrient for humans. Biotin can be absorbed from consuming various foods such as: legumes, soybeans, tomatoes, romaine lettuce, eggs, cow's milk, oats and many more. Biotin acts as a cofactor for enzymes to catalyze carboxylation reactions involved in gluconeogenesis, amino acid catabolism and fatty acid metabolism. Biotin deficiency has been associated with many human diseases. These diseases may be caused by dysfunctional biotin metabolism due to enzyme deficiencies. Some research suggests biotin may play a role in transcription regulation or protein expression which may lead to biotin related diseases.  (less)",
    "chem_link": [
        "HMDB0011644",
        "HMDB0001419",
        "HMDB0006247",
        "HMDB0001231",
        "HMDB0002103",
        "HMDB0012456",
        "HMDB0012455",
        "HMDB0012453",
        "HMDB0003540",
        "HMDB0006890",
        "HMDB0006891",
        "HMDB0006889",
        "HMDB0003533",
        "HMDB0006895",
        "HMDB0006894",
        "HMDB0006893",
        "HMDB0002159",
        "HMDB0000601",
        "HMDB0000359",
        "HMDB0012454",
        "HMDB0001457",
        "HMDB0006888",
        "HMDB0012459",
        "HMDB0006280",
        "HMDB0006281",
        "HMDB0006887",
        "HMDB0002197",
        "HMDB0006892",
        "HMDB0001993",
        "HMDB0001496",
        "HMDB0012458",
        "HMDB0001341",
        "HMDB0000538",
        "HMDB0006737",
        "HMDB0000518",
        "HMDB0000637",
        "HMDB0006292",
        "HMDB0000067",
        "HMDB0000619",
        "HMDB0001374",
        "HMDB0001423",
        "HMDB0000626",
        "HMDB0000631",
        "HMDB0001248",
        "HMDB0000123",
        "HMDB0000138",
        "HMDB0003178",
        "HMDB0015531",
        "HMDB0000761",
        "HMDB0000698",
        "HMDB0000722",
        "HMDB0000902",
        "HMDB0001487",
        "HMDB0000217",
        "HMDB0000221",
        "HMDB0001377",
        "HMDB0000220",
        "HMDB0001275",
        "HMDB0000250",
        "HMDB0000251",
        "HMDB0000951",
        "HMDB0000036",
        "HMDB0000896",
        "HMDB0002111"
    ],
    "prot_link": [
        "Q9JKJ9",
        "Q60991",
        "Q9EQC1",
        "O88962",
        "Q9JII6",
        "O09174",
        "Q91X34",
        "Q4LDG0",
        "Q9WVK8",
        "Q9Z0F5",
        "Q64505",
        "Q9Z0M5",
        "P32020",
        "Q9QXD1",
        "P51660",
        "Q9DBG1"
    ]
}