{
    "smpdb": "SMP0000379",
    "name": "Nifedipine Action Pathway",
    "class": "Drug Action",
    "description": "Methadone exerts its analgesic by acting on the mu-opioid receptor of sensory neurons. Binding to the mu-opioid receptor activates associated G(i) proteins. These subsequently act to inhibit adenylate cyclase, reducing the level of intracellular cAMP. G(i) also activates potassium channels and inactivates calcium channels causing the neuron to hyperpolarize. The end result is decreased nerve conduction and reduced neurotransmitter release, which blocks the perception of pain signals. Methadone further acts as an antagonist at the NMDA receptor, reducting calcium influx and neuronal excitability. (less)",
    "chem_link": [
        "P35520"
    ],
    "prot_link": [
        "HMDB0001341",
        "HMDB0000045",
        "HMDB0000538",
        "HMDB0000051",
        "HMDB0000052",
        "HMDB0000464",
        "HMDB0001096",
        "HMDB0001967",
        "HMDB0000904",
        "HMDB0000134",
        "HMDB0000161",
        "HMDB0000517",
        "HMDB0000191",
        "HMDB0000148",
        "HMDB0000641",
        "HMDB0001333",
        "HMDB0000902",
        "HMDB0001487",
        "HMDB0000214",
        "HMDB0000223",
        "HMDB0000208",
        "HMDB0001429",
        "HMDB0002142",
        "HMDB0001491",
        "HMDB0000250",
        "HMDB0000243",
        "HMDB0000294",
        "HMDB0002111"
    ]
}