{
    "smpdb": "SMP0000212",
    "name": "Pyruvate Dehydrogenase Complex Deficiency",
    "class": "Disease",
    "description": "Pyruvate kinase deficiency is a genetic disorder. It affects red blood cells in the body. Patients are affected by a condition called chronic hemolytic anemia, which is where red blood cells undergo hemolysis before they are meant to which causes anemia in the patient. Symptoms of this condition can include jaundice, fatigue, dyspnea and splenomegaly. Gallstones are also common to patients with this disorder. This disorder is diagnosed through genetic testing. In mild cases, no treatment is required. Patients with more severe cases may require blood transfusions, and occasionally the spleen is removed to aid with the reduction of red blood cell destruction. \n (less)",
    "chem_link": [
        "P07741",
        "P00813",
        "Q96PN6",
        "P00568",
        "P30566",
        "P30520",
        "Q9UKK9",
        "Q06203",
        "P23109",
        "Q8NBU5",
        "P31939",
        "P50583",
        "Q9Y233",
        "Q08499",
        "P49902",
        "Q16854",
        "O75356",
        "Q5MY95",
        "P36959",
        "P49915",
        "Q9Y2T3",
        "P33402",
        "Q02153",
        "Q16774",
        "P00492",
        "Q9BY32",
        "P20839",
        "P22234",
        "O75414",
        "O15067",
        "P00491",
        "P23921",
        "P31350",
        "P21108",
        "P10599",
        "P22102",
        "P47989"
    ],
    "prot_link": [
        "HMDB0003948",
        "HMDB0003945",
        "HMDB0003944",
        "HMDB0003949",
        "HMDB0003946",
        "HMDB0001166",
        "HMDB0003938",
        "HMDB0003936",
        "HMDB0003932",
        "HMDB0003942",
        "HMDB0003940",
        "HMDB0003934",
        "HMDB0003939",
        "HMDB0003937",
        "HMDB0006402",
        "HMDB0003943",
        "HMDB0003941",
        "HMDB0003935",
        "HMDB0001484",
        "HMDB0001206",
        "HMDB0000045",
        "HMDB0000538",
        "HMDB0001088",
        "HMDB0001967",
        "HMDB0001423",
        "HMDB0002009",
        "HMDB0006404",
        "HMDB0001248",
        "HMDB0001339",
        "HMDB0002845",
        "HMDB0059597",
        "HMDB0000062",
        "HMDB0000222",
        "HMDB0003571",
        "HMDB0000547",
        "HMDB0000902",
        "HMDB0001487",
        "HMDB0001070",
        "HMDB0000220",
        "HMDB0001338",
        "HMDB0000250",
        "HMDB0001521",
        "HMDB0002111"
    ]
}