{
    "smpdb": "SMP0000253",
    "name": "Amikacin Action Pathway",
    "class": "Drug Action",
    "description": "Buprenorphine, trade name subutex, suboxone, zubsolv and bunavail, is a partial agonist of mu-opioid receptors and a kappa-opioid receptor antagonist and is prescribed for opioid addiction to prevent cravings and symptoms of withdrawal. The binding of these receptors causes hyperpolarization and decreased neuronal excitability. Buprenorphine has a longer duration of action due to its slow dissociation from the receptor. This long rate of action causes a long clinical effect and decreases physical dependence. Buprenorphine can also prevent opioid use by inhibiting exogenous opioid effects. This elimination of the rush from the opioid can block the reinforcing behaviour of the drug and may treat opioid addiction. Buprenorphine is available on its own or in combination with naloxone.  (less)",
    "chem_link": [
        "Q02218",
        "Q99798",
        "O75390",
        "P09622",
        "P10515",
        "P36957",
        "P07954",
        "P50213",
        "O43837",
        "P51553",
        "P40926",
        "Q9Y5U8",
        "P11498",
        "P08559",
        "P11177",
        "O14521",
        "P31040",
        "P21912",
        "Q99643",
        "P53597",
        "Q96I99"
    ],
    "prot_link": []
}