{
    "smpdb": "SMP0000124",
    "name": "Glycerol Phosphate Shuttle",
    "class": "Metabolic",
    "description": "The glycerol phosphate shuttle also known as the glycerophosphate shuttle. It shuttles electrons to mitochondrial carriers in the oxidative phosphorylation pathway from cytosolic NADH. This shuttle relies on mitochondrial glycerol-3-phosphate dehydrogenase (mGPDH). This is also a common process for the cell  to regenerate cytosolic NAD+ for other processes. (less)",
    "chem_link": [
        "P42765",
        "Q08AH1",
        "P30084",
        "Q16836",
        "P11310",
        "O43772",
        "P40939",
        "P55084"
    ],
    "prot_link": [
        "HMDB0000538",
        "HMDB0000464",
        "HMDB0000122",
        "HMDB0000586"
    ]
}