{
    "smpdb": "SMP0000339",
    "name": "Hyperinsulinism-Hyperammonemia Syndrome",
    "class": "Disease",
    "description": "Furosemide (also named Lasix) is a medication that can be used for high blood pressure and fluid build-up which caused by heart failure, liver scarring, or kidney disease. Furosemide can bind and inhibit sodium-potassium-chloride cotransporter (NKCC2/SLC22A1) to prevent the water reabsorption in nephron. Inhibition of sodium-potassium-chloride cotransporter can prevent transportation of sodium from lumen to basolateral interstitium, which lead to more hypertonic in lumen and less hypertonic in basolateral interstitium that will allow water reabsorption through nephron.  (less)",
    "chem_link": [
        "Q9NQ66",
        "P50148",
        "P62873",
        "P59768",
        "P35367",
        "Q14643",
        "P19838",
        "P05771"
    ],
    "prot_link": [
        "HMDB0000464",
        "HMDB0014708",
        "HMDB0001201",
        "HMDB0001273",
        "HMDB0000870",
        "HMDB0001498",
        "HMDB0002111"
    ]
}