{
    "smpdb": "SMP0000053",
    "name": "Folate Metabolism",
    "class": "Metabolic",
    "description": "Folate, or folic acid, is a very important B-vitamin involved in cell creation and preservation, as well as the protection of DNA from mutations that can cause cancer. It is commonly found in leafy green vegetables, but is also present in many other foods such as fruit, dairy products, eggs and meat. Folate is imperative during pregnancy as a deficiency will cause neural tube defects in the offspring. Many countries around the world now fortify foods with folic acid to prevent such defects. This pathway begins in the extracellular space, where folic acid is transported into the cell through a proton-coupled folate transporter. From there, dihydrofolate reductase converts folic acid into dihydrofolic acid. Dihydrofolic acid is then created into tetrahydrofolic acid through dihydrofolate reductase. Tetrahydrofolic acid then sparks the beginning of many reactions and subpathways including purine metabolism and histidine metabolism. There are two reactions that tetrahydrofolic acid undergoes, the first being the catalyzation into tetrahydrofolyl-[glu](2) through the enzyme folylpolyglutamate synthase in the mitochondria. Then, tetrahydrofolyl-[glu](2) becomes tetrahydrofolyl-[glu](n) through folylpolyglutamate synthase. The cycle ends with tetrahydrofolyl-[glu](n) reverting to tetrahydrofolyl-[glu](2) in the lysosome through the enzyme gamma-glutamyl hydrolase. The second reaction that begins with tetrahydrofolic acid sees tetrahydrofolic acid turned into 10-formyltetrahydrofolate through c-1-tetrahydrofolate synthase. This loop is completed by cytosolic 10-formyltetrahydrofolate dehydrogenase reverting 10-formyltetrahydrofolate back to tetrahydrofolic acid. Folate is not stored in the body for very long, as it is a water soluble vitamin and is excreted through urine, so it is important to ingest it continually, as your body\u2019s level of folate will decline after a few weeks if the vitamin is avoided. \n (less)",
    "chem_link": [
        "HMDB0000898",
        "HMDB0000001",
        "HMDB0000479",
        "HMDB0001014",
        "HMDB0001534",
        "HMDB0001341",
        "HMDB0000045",
        "HMDB0000538",
        "HMDB0000051",
        "HMDB0000194",
        "HMDB0000464",
        "HMDB0001967",
        "HMDB0000033",
        "HMDB0000657",
        "HMDB0001248",
        "HMDB0000854",
        "HMDB0000870",
        "HMDB0059597",
        "HMDB0003125",
        "HMDB0003905",
        "HMDB0002024",
        "HMDB0000148",
        "HMDB0000177",
        "HMDB0001333",
        "HMDB0004181",
        "HMDB0002820",
        "HMDB0000902",
        "HMDB0001487",
        "HMDB0000217",
        "HMDB0000221",
        "HMDB0001377",
        "HMDB0001429",
        "HMDB0001491",
        "HMDB0000250",
        "HMDB0000939",
        "HMDB0001185",
        "HMDB0001846",
        "HMDB0011639",
        "HMDB0000301",
        "HMDB0002111",
        "HMDB0001303",
        "HMDB0000056"
    ],
    "prot_link": [
        "P30838",
        "P05091",
        "P19801",
        "P21397",
        "Q96KN2",
        "Q8N4J0",
        "A5YM72",
        "Q96KP4",
        "O95954",
        "P50135",
        "P42357",
        "P19113",
        "P12081",
        "P49590",
        "Q96NU7",
        "O60678",
        "Q96N76"
    ]
}