{
    "smpdb": "SMP0000282",
    "name": "Streptokinase Action Pathway",
    "class": "Drug Action",
    "description": "Hypoxia-inducible factor In many tumours, oxygen availability becomes limited (hypoxia) very quickly during cancer development. The major regulator of the response to hypoxia is the HIF transcription factor. Under normal oxygen levels, the protein levels of HIF alpa is very low due to constant degradation, mediated by a sequence of post-translational modification events catalyzed by the enzymes PHD1,2 and 3, (also known as EglN2,1 and 3). Under hypoxic conditions, HIF alpha escapes hydroxylation and degration. Fumarate hydratase (FH) is a housekeeping gene, but mutations in this gene allows for fumarate to accumulate and cross the mitochondrial barrier through a dicarboxylate carrier. Once in the cytosol, it inhibits the activity of the PHD1,2 and 3 since it is chemically similar to succinate. Having a double bond in the centre of the dicarboxylic acid, fumarate is a rigid molecule compared to succinate making it a probable possibility for fumarate to interacts better with PHDs. (less)",
    "chem_link": [
        "HMDB0003944",
        "HMDB0001166",
        "HMDB0003942",
        "HMDB0003943",
        "HMDB0001484",
        "HMDB0001206",
        "HMDB0000045",
        "HMDB0000538",
        "HMDB0001088",
        "HMDB0000535",
        "HMDB0001423",
        "HMDB0002009",
        "HMDB0001248",
        "HMDB0002845",
        "HMDB0059597",
        "HMDB0000902",
        "HMDB0001487",
        "HMDB0000250",
        "HMDB0002111"
    ],
    "prot_link": [
        "Q99714",
        "P42765",
        "P24752",
        "Q9H6R3",
        "P30084",
        "Q16836",
        "P28330",
        "P16219"
    ]
}