{
    "smpdb": "SMP0000267",
    "name": "Tirofiban Action Pathway",
    "class": "Drug Action",
    "description": "In the nervous system, dopamine acts as a neurotransmitter with roles in motor control, motivation, arousal, cognition, and reward. The mesolimbic pathway is the main pathway associated with reward, and the dopaminergic neurons of this pathway are found in the substantia nigra (SNc) and  ventral tegmental area (VTA) of the midbrain. Dopamine acts on different G protein-coupled receptor subtyes. The D1-class (D1 and D5) receptors stimulate cAMP production by activating adenylyl cyclase, which activates the reward pathway. The D2-class (D2, D3, and D4) subtypes act oppositely, inhibiting cAMP production by inhibiting adenylyl cyclase. The differing distributions of the receptor subtypes mean that complex outputs often produce a synergistic effect, despite the receptor subtypes having opposite molecular effects (PMID: 20925949, 21303898). (less)",
    "chem_link": [
        "P08908",
        "P35348",
        "B7ZKV8",
        "P01203",
        "P20813",
        "P33261",
        "P10632",
        "P10635",
        "P08684",
        "P24462",
        "P21728",
        "Q8TCU5",
        "Q12879",
        "Q05586",
        "Q9NS61",
        "P35372",
        "P16519",
        "P43681",
        "P17787",
        "Q9NZV8",
        "P01189",
        "Q9Y5Y9",
        "Q07699",
        "Q01959",
        "P23975",
        "P31645",
        "P05023",
        "P50993",
        "P13637",
        "Q13733",
        "P05026",
        "P14415",
        "P54709",
        "P54710",
        "Q9NY47",
        "Q02641",
        "O00555"
    ],
    "prot_link": [
        "HMDB0013858",
        "HMDB0060387",
        "HMDB0013856",
        "HMDB0060686",
        "HMDB0041822",
        "HMDB0031647",
        "HMDB0060433",
        "HMDB0060449",
        "HMDB0000492",
        "HMDB0013860",
        "HMDB0014672",
        "HMDB0000125",
        "HMDB0003178",
        "HMDB0059597",
        "HMDB0003125",
        "HMDB0000902",
        "HMDB0001487",
        "HMDB0000217",
        "HMDB0000221",
        "HMDB0060688",
        "HMDB0001377",
        "HMDB0061263",
        "HMDB0060689",
        "HMDB0002111"
    ]
}