{
    "smpdb": "SMP0000422",
    "name": "Imipramine",
    "class": "Drug Action",
    "description": "3-beta-hydroxysteroid dehydrogenase (HSD) deficiency is an extremely rare inborn error of metabolism (IEM) and autosomal recessive disorder of the steroidogenesis pathway. It is caused by an defect in the HSD3B2 gene which encodes for the 3 beta-hydroxysteroid dehydrogenase enzyme, which is responsible for forming cortisol from 11b,17a,21-trihydroxypregnenolone. When the enzyme is not correctly produced, cortisol levels in the cell are lowered, and as cortisol is used in the production of other steroids, it may affect their levels as well. 3-beta-HSD deficiency is characterized by low levels of cortisol produced in the adrenal glands. Symptoms include abnormal genitalia for both males and females, as well as infertility. There is also a more severe salt-wasting form of this deficiency, characterized by dehydration. Treatment for 3-beta-HSD deficiency includes steroid replacement, as well as sex hormone replacement during puberty to allow proper development. Surgery can also be used to correct any genital abnormalities that may occur. It is estimated that 3-beta-HSD deficiency affects less than 1 in 1,000,000 individuals, with around 60 cases reported. (less)",
    "chem_link": [
        "P00533"
    ],
    "prot_link": [
        "HMDB0001341",
        "HMDB0000538",
        "HMDB0000464",
        "HMDB0015340",
        "HMDB0000073",
        "HMDB0000216",
        "HMDB0001429",
        "HMDB0000586",
        "HMDB0000259",
        "HMDB0000588",
        "HMDB0002111"
    ]
}