{
    "smpdb": "SMP0000113",
    "name": "Oxaprozin Action Pathway",
    "class": "Drug Action",
    "description": "Congenital Lipoid Adrenal Hyperplasia (CLA),also called steroid 20-22 desmolase deficiency and lipoid CAH, is an autosomal recessive disorder and caused by a defective cholesterol side-chain cleavage enzyme. Cholesterol side-chain cleavage enzyme catalyzes the conversion of cholesterol into 20\u03b1-Hydroxycholesterol which is also a substrate of cholesterol side-chain cleavage enzyme. This disorder is characterized by a large accumulation of cholesterol in the mitochondrial. Symptoms of the disorder is not clear. Extra glucocorticoid and mineral replacement could be the potential treatments. (less)",
    "chem_link": [
        "Q9NQ66",
        "P50148",
        "P62873",
        "P59768",
        "P35367",
        "Q14643",
        "P19838",
        "P05771"
    ],
    "prot_link": [
        "HMDB0240245",
        "HMDB0000464",
        "HMDB0001201",
        "HMDB0001273",
        "HMDB0000870",
        "HMDB0001498",
        "HMDB0002111"
    ]
}