{
    "smpdb": "SMP0000075",
    "name": "Arachidonic Acid Metabolism",
    "class": "Metabolic",
    "description": "This pathway describes the production and subsequent metabolism of arachidonic acid, an omega-6 fatty acid. In resting cells arachidonic acid is present in the phospholipids (especially phosphatidylethanolamine and phosphatidylcholine) of membranes of the body\u2019s cells, and is particularly abundant in the brain. Typically a receptor-dependent event, requiring a transducing G protein, initiates phospholipid hydrolysis and releases the fatty acid into the intracellular medium. Three enzymes mediate this deacylation reaction including phospholipase A2 (PLA2), phospholipase C (PLC), and phospholipase D (PLD). Once released, free arachidonate has three possible fates: 1) reincorporation into phospholipids, 2) diffusion outside the cell, and 3) metabolism. Arachidonate metabolism is carried out by three distinct enzyme classes: cyclooxygenases, lipoxygenases, and cytochrome P450\u2019s. Specifically, the enzymes cyclooxygenase and peroxidase lead to the synthesis of prostaglandin H2, which in turn is used to produce the prostaglandins, prostacyclin, and thromboxanes. The enzyme 5-lipoxygenase leads to 5-HPETE, which in turn is used to produce the leukotrienes, hydroxyeicosatetraenoic acids (HETEs) and lipoxins. Some arachidonic acid is converted into midchain HETEs, omega-chain HETEs, dihydroxyeicosatrienoic acids (DHETs), and epoxyeicosatrienoic acids (EETs) by cytochrome P450 epoxygenase hydroxylase activity. Several products of these pathways act within neurons to modulate the activities of ion channels, protein kinases, ion pumps, and neurotransmitter uptake systems, affecting processes such as cellular proliferation, inflammation, and hemostasis. The newly formed eicosanoids may also exit the cell of origin and bind to G-protein-coupled receptors present on nearby neurons or glial cells. (less)",
    "chem_link": [
        "HMDB0000972",
        "HMDB0000005",
        "HMDB0001553",
        "HMDB0001173",
        "HMDB0001533",
        "HMDB0001396",
        "HMDB0000963",
        "HMDB0000050",
        "HMDB0000045",
        "HMDB0000538",
        "HMDB0000051",
        "HMDB0001967",
        "HMDB0000097",
        "HMDB0000092",
        "HMDB0001248",
        "HMDB0000123",
        "HMDB0000742",
        "HMDB0003125",
        "HMDB0000099",
        "HMDB0000574",
        "HMDB0000719",
        "HMDB0000696",
        "HMDB0000187",
        "HMDB0000547",
        "HMDB0002005",
        "HMDB0000902",
        "HMDB0001487",
        "HMDB0001377",
        "HMDB0001429",
        "HMDB0000586",
        "HMDB0001414",
        "HMDB0001491",
        "HMDB0000250",
        "HMDB0000939",
        "HMDB0000988",
        "HMDB0001185",
        "HMDB0000271",
        "HMDB0001257",
        "HMDB0001846",
        "HMDB0002111",
        "HMDB0015532",
        "HMDB0001303",
        "HMDB0000043"
    ],
    "prot_link": [
        "P23526",
        "Q93088",
        "Q8NE62",
        "P35520",
        "P32929",
        "Q14749",
        "Q96RQ9",
        "Q9NZL9",
        "Q99707",
        "P56192",
        "Q9Y3D2",
        "Q8IXL7",
        "Q96DP5",
        "P42898",
        "P17707",
        "P31153",
        "Q13126",
        "P34896",
        "P19623"
    ]
}