{
    "smpdb": "SMP0000323",
    "name": "Quinidine Action Pathway",
    "class": "Drug Action",
    "description": "Nadolol (also known as Corgard or Solgol) is a beta blocker (non-selective) that are used for treat high blood pressure or chest pain. Nadolol bind to beta1-adrenergic receptors in heart and vascular smooth muscle to block the binding of other adrenergic neurotransmitters such as norepinephrine, which lead to decreased blood pressure, heart rate and cardiac output. Nadolol can also bind beta-2 adrenergic receptors in juxtaglomerular apparatus and bronchiole smooth muscle. In juxtaglomerular apparatus, nadolol can prevent the production of aldosterone and angiotensin II by inhibiting renin production, which lead to prevention of water retention and vasoconstriction. In bronchiole smooth muscle, binding of nadolol to beta-2 adrenergic receptors can also prevent vasoconstriction. (less)",
    "chem_link": [
        "O15530",
        "P29275",
        "Q08462",
        "Q92934",
        "P22694",
        "P60953",
        "P15336",
        "P16220",
        "P36507",
        "P52564",
        "O14733",
        "P19419",
        "P01112",
        "Q9UBI6",
        "P63092",
        "P62873",
        "O15111",
        "O14920",
        "P28482",
        "Q15759",
        "P45983",
        "Q13233",
        "Q9Y6R4",
        "P25963",
        "Q00653",
        "P19838",
        "Q9NPB6",
        "P42336",
        "Q05513",
        "P31749",
        "Q9Y4G8",
        "O95398",
        "P62834",
        "Q14155",
        "Q15418",
        "P15056",
        "Q13153",
        "P05412"
    ],
    "prot_link": [
        "HMDB0001341",
        "HMDB0000538",
        "HMDB0000464",
        "HMDB0001429",
        "HMDB0000586",
        "HMDB0000588",
        "HMDB0014517",
        "HMDB0002111"
    ]
}