{
    "smpdb": "SMP0000421",
    "name": "Vatalanib Action Pathway",
    "class": "Drug Action",
    "description": "Losartan (also named Cozaar) is an active metabolite of angiotensin II receptor blockers (ARBs). Losartan competes with angiotensin II to bind type-1 angiotensin II receptor (AT1) in many tissues (e.g. vascular smooth muscle, the adrenal glands, etc.) to prevent increasing sodium, water reabsorption and peripheral resistance (that will lead to increasing blood pressure) via aldosterone secretion that is caused by angiotensin II. Therefore, action of losartan binding to AT1 will result in decreasing blood pressure. For more information on the effects of aldosterone on electrolyte and water excretion, refer to the description of the \\spironolactone\\:http://pathman.smpdb.ca/pathways/SMP00134/pathway or \\triamterene\\:http://pathman.smpdb.ca/pathways/SMP00132/pathway pathway, which describes the mechanism of direct aldosterone antagonists. Losartan is an effective agent for reducing blood pressure and may be used to treat essential hypertension and heart failure. (less)",
    "chem_link": [
        "P08908",
        "P35348",
        "B7ZKV8",
        "P01203",
        "P21728",
        "Q8TCU5",
        "Q12879",
        "Q05586",
        "Q9NS61",
        "P35372",
        "P16519",
        "P43681",
        "P17787",
        "Q9NZV8",
        "P01189",
        "Q9Y5Y9",
        "Q07699",
        "Q01959",
        "P23975",
        "P31645",
        "P05023",
        "P50993",
        "P13637",
        "Q13733",
        "P05026",
        "P14415",
        "P54709",
        "P54710",
        "Q9NY47",
        "Q02641",
        "O00555"
    ],
    "prot_link": [
        "HMDB0001341",
        "HMDB0000538",
        "HMDB0000464",
        "HMDB0000073",
        "HMDB0000216",
        "HMDB0001429",
        "HMDB0000586",
        "HMDB0015036",
        "HMDB0000259",
        "HMDB0000588",
        "HMDB0002111"
    ]
}