{
    "smpdb": "SMP0000443",
    "name": "Teniposide Action Pathway",
    "class": "Drug Action",
    "description": "Nizatidine (also known as Axid or Acinon) is a histamine H2 receptor antagonist, that can bind to histamine H2 receptor on gastric basolateral membrane, which can reduce the gastric acid response. Blocking of histamine binding to histamine H2 receptor can reduce the secretion of nocturnal and basal gastric acid. (less)",
    "chem_link": [
        "P12821",
        "P01019",
        "P00797",
        "P00797"
    ],
    "prot_link": [
        "HMDB0000037",
        "HMDB0061196",
        "HMDB0001035",
        "HMDB0000492",
        "HMDB0001362",
        "HMDB0014928",
        "HMDB0060574",
        "HMDB0060863",
        "HMDB0000586",
        "HMDB0000588",
        "HMDB0001980",
        "HMDB0002111",
        "HMDB0001303"
    ]
}