{
    "smpdb": "SMP0000210",
    "name": "Purine Nucleoside Phosphorylase Deficiency",
    "class": "Disease",
    "description": "Molybdenium cofactor deficiency (Sulfite oxidase deficiency) is caused by mutations in the genes MOCS1 and MOCS2 in the formation of molybdenum cofactor. A molybdenum-containing cofactor is essential to the function of 3 enzymes: sulfite oxidase, xanthine dehydrogenase, and aldehyde oxidase. Xanthine dehydrogenase is a molybdenum-containing hydroxylase involved in the oxidative metabolism of purines. Defects in this enzyme cause accumulation of hypoxanthine,, s-s-sulfocysteine, taurine, and xanthine in the urine. Symptoms include hemorrhage, cerebral atrophy, encephalopathy, lactic acidosis, nystagmus, spastic diplegia/quadriplegia, and vomiting. (less)",
    "chem_link": [
        "HMDB0000895",
        "HMDB0001341",
        "HMDB0000538",
        "HMDB0001967",
        "HMDB0000492",
        "HMDB0014644",
        "HMDB0000870",
        "HMDB0000595",
        "HMDB0059597",
        "HMDB0001429",
        "HMDB0000586",
        "HMDB0002111",
        "HMDB0001303"
    ],
    "prot_link": [
        "P00915",
        "O15247",
        "P01350",
        "P32239",
        "P25021",
        "P20309",
        "Q9Y6J6",
        "P51787",
        "P20648",
        "P51164",
        "P61278",
        "P30874"
    ]
}