{
    "smpdb": "SMP0000165",
    "name": "Valsartan Action Pathway",
    "class": "Drug Action",
    "description": "Betaxolol (also known as Betoptic or Lokren) is a selective beta blocker that can block beta1-adrenergic receptors and beta2-adrenergic receptors. Blocking of beta1-adrenergic receptors in heart and vascular smooth muscle can lead to reduced heart rate, cardiac output, and decreased blood pressure. Blocking of beta(2)-adrenergic receptors can lead to prevention of bronchospasm. (less)",
    "chem_link": [
        "HMDB0001341",
        "HMDB0000538",
        "HMDB0000464",
        "HMDB0014979",
        "HMDB0001429",
        "HMDB0000586",
        "HMDB0000588",
        "HMDB0002111"
    ],
    "prot_link": [
        "Q13424",
        "Q09428",
        "O60706",
        "Q14654",
        "Q15842",
        "B7ZKV8",
        "P08588",
        "Q13884",
        "Q13425",
        "P17612",
        "P10644",
        "P26678",
        "Q12959",
        "P48549",
        "P48544",
        "P63252",
        "P48050",
        "Q9NS61",
        "P08172",
        "O00180",
        "P22460",
        "Q9UK17",
        "P15382",
        "Q9Y6J6",
        "Q12809",
        "P51787",
        "Q9Y3Q4",
        "Q5I7T1",
        "Q92736",
        "P16615",
        "Q14524",
        "P32418",
        "P05023",
        "P50993",
        "P13637",
        "Q13733",
        "P05026",
        "P14415",
        "P54709",
        "P54710",
        "P09493",
        "P07951",
        "Q9NY47",
        "Q13936",
        "Q02641",
        "O43497",
        "O95180"
    ]
}