{
    "smpdb": "SMP0000151",
    "name": "Moexipril Action Pathway",
    "class": "Drug Action",
    "description": "A member of the G-coupled protein receptor family, the adenosine A2A receptor regulates blood flow to myocardial tissues through the action of vasodilating the coronary arteries, which can potentially lead to hypotension. The adenosine receptor A2a activates G(s) proteins which lead to the activation of adenylyl cyclase which produces the secondary messenger cAMP. cAMP activates PKA (protein kinase A) which phosphorylates downstream effectors that lead to a specific cellular response. This occurs through activation of the MAPK/ERK signaling cascade. The A2A receptor has also been demonstrated to play a role in dopamine and glutamate release in the CNS.\n (less)",
    "chem_link": [
        "Q13424",
        "Q09428",
        "O60706",
        "Q14654",
        "Q15842",
        "B7ZKV8",
        "P08588",
        "Q13884",
        "Q13425",
        "P17612",
        "P10644",
        "P26678",
        "Q12959",
        "P48549",
        "P48544",
        "P63252",
        "P48050",
        "Q9NS61",
        "P08172",
        "O00180",
        "P22460",
        "Q9UK17",
        "P15382",
        "Q9Y6J6",
        "Q12809",
        "P51787",
        "Q9Y3Q4",
        "Q5I7T1",
        "Q92736",
        "P16615",
        "Q14524",
        "P32418",
        "P05023",
        "P50993",
        "P13637",
        "Q13733",
        "P05026",
        "P14415",
        "P54709",
        "P54710",
        "P09493",
        "P07951",
        "Q9NY47",
        "Q13936",
        "Q02641",
        "O43497",
        "O95180"
    ],
    "prot_link": [
        "HMDB0000095",
        "HMDB0001176",
        "HMDB0000143",
        "HMDB0004889",
        "HMDB0004917",
        "HMDB0004857",
        "HMDB0004945",
        "HMDB0004848",
        "HMDB0004876",
        "HMDB0000212",
        "HMDB0000295",
        "HMDB0000304",
        "HMDB0000302",
        "HMDB0002111"
    ]
}