{
    "smpdb": "SMP0000288",
    "name": "Aprotinin Action Pathway",
    "class": "Drug Action",
    "description": "Dicoumarol (also known as bishydroxycoumarin) is an anticoagulant that inhibit the liver enzyme vitamin K reductase, which cause Vitamin K1 2,3-epoxide could not be catalyzed by vitamin K reductase to form vitamin KH2, the reduced form of vitamin K. Vitamin K-dependent coagulation factors (II, VII, IX, and X) requires its cofactor, vitamin K to facilitate the activation and gamma-carboxylation. Inhibition of vitamin K reductase results in reduced concentration of vitamin KH2, which will ultimately lead to decreased coagulability of the blood and reduced cleavage of fibrinogen into fibrin. (less)",
    "chem_link": [
        "P07327",
        "P00325",
        "P11712",
        "P10635",
        "P08684",
        "P23219",
        "P35354",
        "Q9HAW8"
    ],
    "prot_link": [
        "HMDB0000037",
        "HMDB0000492",
        "HMDB0000595",
        "HMDB0000574",
        "HMDB0014665",
        "HMDB0000586",
        "HMDB0000588",
        "HMDB0000294",
        "HMDB0002111"
    ]
}