{
    "smpdb": "SMP0000259",
    "name": "Streptomycin Action Pathway",
    "class": "Drug Action",
    "description": "Vinorelbine (also named Navelbine) is a semisynthetic vinca alkaloid. Vinorelbine are used as chemotherapy medication such as an antimitotic anticancer agent. The mechanism of vinorelbine is the inhibition of microtubule dynamics that would cause mitotic arrest and eventual cell death. As a microtubule destabilizing agent, vinorelbine stimulates mitotic spindle destruction and microtubule depolymerization at high concentrations. At lower clinically relevant concentrations, vinorelbine can block mitotic progression. Unlike the taxanes, which bind poorly to soluble tubulin, vinorelbine can bind both soluble and microtubule-associated tubulin. To be able stabilizing the kinetics of microtule, vinorelbine rapidly and reversibly bind to soluble tubulin which can increase the affinity of tublin by the induction of conformational changes of tubulin. Vinorelbine binds to \u03b2-tubulin subunits at the positive end of microtubules at a region called the _Vinca_-binding domain. Binding between vinorelbine and solubale tubulin decreases the rate of microtubule dynamics (lengthening and shortening) and increases the duration of attenuated state of microtubules. Therefore, the proper assembly of the mitotic spindle could be prevented; and the tension at the kinetochores of the chromosomes could be reduced. Subsequently, chromosomes can not progress to the spindle equator at the spindle poles. Progression from metaphase to anaphase is blocked and cells enter a state of mitotic arrest. The cells may then undergo one of several fates. The tetraploid cell may undergo unequal cell division producing aneuploid daughter cells. Alternatively, it may exit the cell cycle without undergoing cell division, a process termed mitotic slippage or adaptation. These cells may continue progressing through the cell cycle as tetraploid cells (Adaptation I), may exit G1 phase and undergo apoptosis or senescence (Adaption II), or may escape to G1 and undergo apoptosis during interphase (Adaptation III). Another possibility is cell death during mitotic arrest. Alternatively, mitotic catastrophe may occur and cause cell death. Vinca alkaloids are also thought to increase apoptosis by increasing concentrations of p53 (cellular tumor antigen p53) and p21 (cyclin-dependent kinase inhibitor 1) and by inhibiting Bcl-2 activity. Increasing concentrations of p53 and p21 lead to changes in protein kinase activity. Phosphorylation of Bcl-2 subsequently inhibits the formation Bcl-2-BAX heterodimers. This results in decreased anti-apoptotic activity. One way in which cells have developed resistance against the vinca alkaloids is by drug efflux. Drug efflux is mediated by a number of multidrug resistant transporters as depicted in this pathway. (less)",
    "chem_link": [
        "P46783",
        "P62280",
        "P25398",
        "P62277",
        "P62263",
        "P62841",
        "P62244",
        "P62249",
        "P08708",
        "P62269",
        "P39019",
        "P15880",
        "P60866",
        "P63220",
        "P62266",
        "P62847",
        "P62851",
        "P62854",
        "P42677",
        "P62857",
        "P62273",
        "P23396",
        "P62861",
        "P61247",
        "P62701",
        "P46782",
        "P62753",
        "P62081",
        "P62241",
        "P46781",
        "P08865",
        "P05388",
        "P05386",
        "P05387",
        "P27635",
        "P62906",
        "P62913",
        "P30050",
        "P26373",
        "P40429",
        "P50914",
        "P61313",
        "P18621",
        "Q07020",
        "Q02543",
        "P84098",
        "P46778",
        "P35268",
        "P62829",
        "P62750",
        "P83731",
        "P61254",
        "P61353",
        "P46776",
        "P46779",
        "P47914",
        "P39023",
        "P62888",
        "P62899",
        "P62910",
        "P49207",
        "P42766",
        "P18077",
        "Q9Y3U8",
        "P83881",
        "P61927",
        "P61513",
        "P63173",
        "P62891",
        "P36578",
        "P62945",
        "P46777",
        "Q02878",
        "P18124",
        "P62424",
        "P62917",
        "P32969",
        "P63244",
        "P23381",
        "P62987"
    ],
    "prot_link": [
        "HMDB0000538",
        "HMDB0000058",
        "HMDB0001201",
        "HMDB0001273",
        "HMDB0000547",
        "HMDB0000250"
    ]
}