{
    "smpdb": "SMP0000298",
    "name": "Atenolol Action Pathway",
    "class": "Drug Action",
    "description": "Penbutolol (also known as Levatol or Levatolol) is a beta blocker (non-selective) that are used for treat high blood pressure or chest pain. Penbutolol bind to beta1-adrenergic receptors in heart and vascular smooth muscle to block the binding of other adrenergic neurotransmitters such as norepinephrine, which lead to decreased blood pressure, heart rate and cardiac output. Penbutolol can also bind beta-2 adrenergic receptors in juxtaglomerular apparatus and bronchiole smooth muscle. In juxtaglomerular apparatus, penbutolol can prevent the production of aldosterone and angiotensin II by inhibiting renin production, which lead to prevention of water retention and vasoconstriction. In bronchiole smooth muscle, binding of penbutolol to beta-2 adrenergic receptors can also prevent vasoconstriction. (less)",
    "chem_link": [
        "P10635",
        "P23975"
    ],
    "prot_link": [
        "HMDB0060659",
        "HMDB0015128"
    ]
}