{
    "smpdb": "SMP0000123",
    "name": "Betaine Metabolism",
    "class": "Metabolic",
    "description": "Betaine (or trimethylglycine) is similar to choline (trimethylaminoethanol) but differs in choline's terminal carboxylic acid group trimethylglycine is reduced to a hydroxyl group. Betaine is obtained from diet as betaine or compounds containing choline in foods such as whole grains, beets and spinach. Betaine can also be synthesized from choline in the liver and kidney.  First, choline is oxidized to betaine aldehyde by mitochondrial choline oxidase (choline dehydrogenase). Then, betaine aldehyde dehydrogenase oxidizes betaine aldehyde to betaine in the mitochondria or cytoplasm. In the liver, betaine functions as a methyl donor similar to choline, folic acid, S-adenosyl methionine and vitamin B12. Methyl donors are important for liver function, cellular replication and detoxification reactions. Betaine is also involved in the production of carnitine to protect from kidney damage and functions as an osmoprotectant in the inner medulla.  (less)",
    "chem_link": [
        "HMDB0001316",
        "HMDB0000990",
        "HMDB0001341",
        "HMDB0000045",
        "HMDB0000538",
        "HMDB0001967",
        "HMDB0001321",
        "HMDB0001112",
        "HMDB0000283",
        "HMDB0001548",
        "HMDB0000618",
        "HMDB0001068",
        "HMDB0001351",
        "HMDB0001031",
        "HMDB0001473",
        "HMDB0000692",
        "HMDB0001058",
        "HMDB0000124",
        "HMDB0000150",
        "HMDB0001401",
        "HMDB0000547",
        "HMDB0000217",
        "HMDB0000221",
        "HMDB0001429",
        "HMDB0000280",
        "HMDB0001489",
        "HMDB0002111",
        "HMDB0000868",
        "HMDB0003498"
    ],
    "prot_link": [
        "P17858",
        "P52209",
        "O95336",
        "P09467",
        "P04075",
        "P11413",
        "P06744",
        "P36871",
        "Q9Y315",
        "Q9H477",
        "P49247",
        "P21108",
        "Q96AT9",
        "P37837",
        "P29401"
    ]
}