{
    "smpdb": "SMP0000257",
    "name": "Netilmicin Action Pathway",
    "class": "Drug Action",
    "description": "NAD+-dependent signalling pathways regulate many fundamental processes such as DNA repair, DNA transcription, cell proliferation, cell survival, cell cycle progression, apoptosis, and metabolism. These pathways are all linked to cancer development. Degradation of NAD will activate various biosynthetic pathways, which are crucial for incessant cancer cell proliferation.  (less)",
    "chem_link": [],
    "prot_link": [
        "B00063",
        "P08514"
    ]
}