{
    "smpdb": "SMP0000308",
    "name": "Dopamine Activation of Neurological Reward System",
    "class": "Signaling",
    "description": "Nebivolol (also known as Bystolic or Nebivololum) is a \u00ce\u00b21-receptor blocker (selective \u00ce\u00b21-receptor antagonist) that can bind and inhibit Beta-1 adrenergic receptor in muscule and heart. Nebivolol competes with epinephrine or other beta-1 adrenergic receptor activator to bind on the receptor, which can reduce the heart rate and blood pressure that could caused by biniding of epinephrine on receptor. Nebivolol can also prevent release of renin (a hormone from kidneys), which can result in reduced level of constriction of blood vessels. (less)",
    "chem_link": [
        "Q06278",
        "P11509",
        "P20813",
        "P31513",
        "P32297",
        "P43681",
        "P17787",
        "P22310",
        "O60656"
    ],
    "prot_link": [
        "HMDB0061277",
        "HMDB0001362"
    ]
}