{
    "smpdb": "SMP0000024",
    "name": "Porphyrin Metabolism",
    "class": "Metabolic",
    "description": "This pathway depicts the synthesis and breakdown of porphyrin. The porphyrin ring is the framework for the heme molecule, the pigment in hemoglobin and red blood cells. The first reaction in porphyrin ring biosynthesis takes place in the mitochondria and involves the condensation of glycine and succinyl-CoA by delta-aminolevulinic acid synthase (ALAS). Delta-aminolevulinic acid (ALA) is also called 5-aminolevulinic acid. Following its synthesis, ALA is transported into the cytosol, where ALA dehydratase (also called porphobilinogen synthase) dimerizes 2 molecules of ALA to produce porphobilinogen. The next step in the pathway involves the condensation of 4 molecules of porphobilinogen to produce hydroxymethylbilane (also known as HMB). The enzyme that catalyzes this condensation is known as porphobilinogen deaminase (PBG deaminase). This enzyme is also called hydroxymethylbilane synthase or uroporphyrinogen I synthase. Hydroxymethylbilane (HMB) has two main fates. Most frequently it is enzymatically converted into uroporphyrinogen III, the next intermediate on the path to heme. This step is mediated by two enzymes: uroporphyrinogen synthase and uroporphyrinogen III cosynthase. Hydroxymethylbilane can also be non-enzymatically cyclized to form uroporphyrinogen I. In the cytosol, the uroporphyrinogens (uroporphyrinogen III or uroporphyrinogen I) are decarboxylated by the enzyme uroporphyrinogen decarboxylase. These new products have methyl groups in place of the original acetate groups and are known as coproporphyrinogens. Coproporphyrinogen III is the most important intermediate in heme synthesis. Coproporphyrinogen III is transported back from the cytosol into the interior of the mitochondria, where two propionate residues are decarboxylated (via coproporphyrinogen-III oxidase), which results in vinyl substituents on the 2 pyrrole rings. The resulting product is called protoporphyrinogen IX. The protoporphyrinogen IX is then converted into protoporphyrin IX by another enzyme called protoporphyrinogen IX oxidase. The final reaction in heme synthesis also takes place within the mitochondria and involves the insertion of the iron atom into the ring system generating the molecule known heme b. The enzyme catalyzing this reaction is known as ferrochelatase. The largest repository of heme in the body is in red blood cells (RBCs). RBCs have a life span of about 120 days. When the RBCs have reached the end of their useful lifespan, the cells are engulfed by macrophages and their constituents recycled or disposed of.  Heme is broken down when the heme ring is opened by the enzyme known as heme oxygenase, which is found in the endoplasmic reticulum of the macrophages. The oxidation process produces the linear tetrapyrrole biliverdin, ferric iron (Fe3+), and carbon monoxide (CO). The carbon monoxide (which is toxic) is eventually discharged through the lungs. In the next reaction, a second methylene group (located between rings III and IV of the porphyrin ring) is reduced by the enzyme known as biliverdin reductase, producing bilirubin. Bilirubin is significantly less extensively conjugated than biliverdin. This reduction causes a change in the colour of the molecule from blue-green (biliverdin) to yellow-red (bilirubin). In hepatocytes, bilirubin-UDP-glucuronyltransferase (bilirubin-UGT) adds two additional glucuronic acid molecules to bilirubin to produce the more water-soluble version of the molecule known as bilirubin diglucuronide. In most individuals, intestinal bilirubin is acted on by the gut bacteria to produce the final porphyrin products, urobilinogens and stercobilins. These are excreted in the feces. The stercobilins oxidize to form brownish pigments which lead to the characteristic brown colour found in normal feces. Some of the urobilinogen produced by the gut bacteria is reabsorbed and re-enters the circulation. These urobilinogens are converted into urobilins that are then excreted in the urine which cause the yellowish colour in urine. (less)",
    "chem_link": [
        "P07741",
        "P00813",
        "Q96PN6",
        "P00568",
        "P30566",
        "P30520",
        "Q9UKK9",
        "Q06203",
        "P23109",
        "Q8NBU5",
        "P31939",
        "P50583",
        "Q9Y233",
        "Q08499",
        "P49902",
        "Q16854",
        "O75356",
        "Q5MY95",
        "P36959",
        "P49915",
        "Q9Y2T3",
        "P33402",
        "Q02153",
        "Q16774",
        "P00492",
        "Q9BY32",
        "P20839",
        "P22234",
        "O75414",
        "O15067",
        "P00491",
        "P23921",
        "P31350",
        "P21108",
        "P10599",
        "P22102",
        "P47989"
    ],
    "prot_link": [
        "HMDB0004029",
        "HMDB0006760",
        "HMDB0006754",
        "HMDB0006757",
        "HMDB0004031",
        "HMDB0000374",
        "HMDB0006764",
        "HMDB0006758",
        "HMDB0000363",
        "HMDB0006762",
        "HMDB0000319",
        "HMDB0006763",
        "HMDB0006283",
        "HMDB0004030",
        "HMDB0006756",
        "HMDB0004026",
        "HMDB0004035",
        "HMDB0006753",
        "HMDB0006755",
        "HMDB0006759",
        "HMDB0001318",
        "HMDB0003759",
        "HMDB0000037",
        "HMDB0000067",
        "HMDB0000015",
        "HMDB0001547",
        "HMDB0000063",
        "HMDB0002802",
        "HMDB0000016",
        "HMDB0003259",
        "HMDB0003178",
        "HMDB0059597",
        "HMDB0000902",
        "HMDB0001487",
        "HMDB0000217",
        "HMDB0000221",
        "HMDB0001377",
        "HMDB0000253",
        "HMDB0001830",
        "HMDB0000268",
        "HMDB0000949",
        "HMDB0000903",
        "HMDB0002111"
    ]
}