{
    "smpdb": "SMP0000055",
    "name": "Alanine Metabolism",
    "class": "Metabolic",
    "description": "Alanine (L-Alanine) is an \u03b1-amino acid that is used for protein biosynthesis. Approximately 8% of human proteins have alanine in their structures. The reductive lamination of pyruvate is effected by alanine transaminase. L-Alanine can be converted to pyruvic acid by alanine aminotransferase 1 reversibly coupled with interconversion of oxoglutaric acid and L-glutamic acid. L-Alanine can also be produced by alanine-glyoxylate transaminase with coupled interconversion of glyoxylate and glycine. L-Alanine will be coupled with alanyl tRNA by alanyl-tRNA synthetase to perform protein biosynthesis. Alanine can also be used to provide energy under fasting conditions. There are two pathways that can facilitate this: (1) alanine is converted to pyruvate to synthesize glucose via the gluconeogenesis pathway in liver tissue or (2) alanine converted into pyruvate moves into the TCA cycle to be oxidized in other tissues. (less)",
    "chem_link": [
        "HMDB0001341",
        "HMDB0000538",
        "HMDB0000464",
        "HMDB0001429",
        "HMDB0000586",
        "HMDB0000588",
        "HMDB0002111"
    ],
    "prot_link": [
        "Q13424",
        "Q09428",
        "O60706",
        "Q14654",
        "Q15842",
        "B7ZKV8",
        "P08588",
        "Q13884",
        "Q13425",
        "P17612",
        "P10644",
        "P26678",
        "Q12959",
        "P48549",
        "P48544",
        "P63252",
        "P48050",
        "Q9NS61",
        "P08172",
        "O00180",
        "P22460",
        "Q9UK17",
        "P15382",
        "Q9Y6J6",
        "Q12809",
        "P51787",
        "Q9Y3Q4",
        "Q5I7T1",
        "Q92736",
        "P16615",
        "Q14524",
        "P32418",
        "P05023",
        "P50993",
        "P13637",
        "Q13733",
        "P05026",
        "P14415",
        "P54709",
        "P54710",
        "P09493",
        "P07951",
        "Q9NY47",
        "Q13936",
        "Q02641",
        "O43497",
        "O95180"
    ]
}