{
    "smpdb": "SMP0000265",
    "name": "Abciximab Action Pathway (old)",
    "class": "Drug Action",
    "description": "Bosutinib is a tyrosine kinase inhibitor used to treat chronic myelogenous leukemia (CML), a cancer characterized by increased and unregulated growth of white blood cells in the bone marrow and the accumulation of these cells in the blood. The cause of CML pathophysiology is the BCR-ABL fusion protein - the result of a genetic abnormality known as the Philadelphia chromosome in which Abelson Murine Leukemia viral oncogene homolog 1 (ABL1) translocates within the Breakpoint Cluster Region (BCR) gene on chromosome 22. BCR-ABL is a cytoplasm-targeted constitutively active tyrosine kinase that activates several oncogenic pathways which promote increased cell proliferation and survival including the MAPK/ERK Pathway, the JAK-STAT Pathway, and the PI3K/Akt pathway. Bosutinib is considered a second generation BCR-ABL inhibitor (Imatinib being the progenitor) that inhibits BCR-ABL activity by binding a highly conserved ATP binding site to effectively lock the tyrosine kinase in an inactive conformation. As a result, phosphate is unable to be transferred from ATP to activate oncogenic signalling cascades. For greater detail, refer to the pathway titled BCR-ABL Action in CML Pathogenesis. Bosutinib is able to bind ABL with greater affinity than Imatinib, perhaps due to its ability to bind both inactive and intermediate conformations of the protein. It is therefore administered to patients with Imatinib resistance. Bosutinib may have a safer toxicity profile than both Imatinib and Dasatinib because it does not significantly inhibit the receptors KIT and PDGFR. Notably, Bosutinib is ineffective against the T315I mutation in BCR-ABL, and further research is necessary. (less)",
    "chem_link": [
        "P08908",
        "P35348",
        "B7ZKV8",
        "P01203",
        "P21728",
        "Q8TCU5",
        "Q12879",
        "Q05586",
        "Q9NS61",
        "P35372",
        "P16519",
        "P43681",
        "P17787",
        "Q9NZV8",
        "P01189",
        "Q9Y5Y9",
        "Q07699",
        "Q01959",
        "P23975",
        "P31645",
        "P05023",
        "P50993",
        "P13637",
        "Q13733",
        "P05026",
        "P14415",
        "P54709",
        "P54710",
        "Q9NY47",
        "Q02641",
        "O00555"
    ],
    "prot_link": [
        "HMDB0060568",
        "HMDB0060676",
        "HMDB0060673",
        "HMDB0060651",
        "HMDB0060652",
        "HMDB0060653",
        "HMDB0014704",
        "HMDB0061343",
        "HMDB0060675",
        "HMDB0060658",
        "HMDB0060566",
        "HMDB0003178",
        "HMDB0059597",
        "HMDB0000902",
        "HMDB0001487",
        "HMDB0000217",
        "HMDB0000221",
        "HMDB0014914",
        "HMDB0001377",
        "HMDB0002111"
    ]
}