{
    "smpdb": "SMP0000476",
    "name": "Trastuzumab Action Pathway",
    "class": "Drug Action",
    "description": "Lysophosphatidic acid (LPA) is a water-soluble phospholipid derivative and a potent signalling molecule that binds to six known lysophosphatidic acid receptors (LPARs), named LPA1-LPA6. All six receptors belong to the G protein-coupled receptor (GPCR) superfamily which initiates intracellular signalling cascades via four G protein classes differentiated by their \u03b1 subunit type: G\u03b1s, G\u03b1i/o, G\u03b1q/11, G\u03b112/13. GPCRs mediate a wide range of biological processes, including cell survival, proliferation, migration, and differentiation, vascular regulation, and cytokine release. Due to LPA's physiological importance, abnormal LPA signalling likely contributes to the pathophysiology of many diseases. LPA biosynthesis proceeds through two major pathways: (1) the conversion of lysophospholipids (e.g. LPC, LPE, LPS) into LPA via autotaxin (ATX/Enpp2) and (2) the conversion of phosphatidic acid (PA) into LPA via phospholipase A1 or A2 (PLA1/PLA2). The binding of LPA to an LPAR allosterically activates the heterotrimeric G protein by exchanging GDP for GTP at the G protein's alpha subunit. This results in the dissociation of a G\u03b1-GTP monomer and a G\u03b2\u03b3 dimer from the receptor which allows both complexes to begin signalling cascades via downstream effectors. LPA1 signalling has been implicated in important processes such as cell survival, proliferation, adhesion, migration, immune function, and myelination. This receptor can couple with the G proteins G\u03b1i/o, G\u03b1q/11, and G\u03b112/13. The G\u03b1i/o subunit inhibits the enzyme adenylyl cyclase (AC) which catalyzes the production of the important secondary messenger 3',5'-cyclic AMP (cAMP) from adenosine triphosphate (ATP). Other downstream effectors of G\u03b1i/o include the MAPK/ERK pathway, the PI3K/Akt pathway, and P13K/Rac signalling. The G\u03b1q/11 subunit activates phospholipase C (PLC) which cleaves the membrane lipid phosphatidylinositol 4,5-bisphosphate (PIP2) into the secondary messengers inositol 1,4,5-trisphosphate (IP3) and diacylglycerol (DAG). IP3 diffuses through the cytoplasm to the ER and binds to the inositol 1,4,5-trisphosphate (Ins3P) receptor, releasing calcium from the endoplasmic reticulum into the cytoplasm. Both calcium and DAG activate the kinase activity of protein kinase C beta (PKC). Among many other functions, PKC activates NF-\u03baB. This leads to increased antigen presentation and increased expression of pro-inflammatory cytokines, cell adhesion molecules, and chemotactic factors. The G\u03b112/13 subunit regulates cell motility and cytoskeletal remodelling by activating the Rho/ROCK and Rho/SRF pathways. (less)",
    "chem_link": [
        "HMDB0001341",
        "HMDB0000538",
        "HMDB0000464",
        "HMDB0000073",
        "HMDB0000216",
        "HMDB0001429",
        "HMDB0000586",
        "HMDB0014888",
        "HMDB0000259",
        "HMDB0000588",
        "HMDB0002111"
    ],
    "prot_link": [
        "P08908",
        "P35348",
        "B7ZKV8",
        "P01203",
        "P21728",
        "Q8TCU5",
        "Q12879",
        "Q05586",
        "Q9NS61",
        "P35372",
        "P16519",
        "P43681",
        "P17787",
        "Q9NZV8",
        "P01189",
        "Q9Y5Y9",
        "Q07699",
        "Q01959",
        "P23975",
        "P31645",
        "P05023",
        "P50993",
        "P13637",
        "Q13733",
        "P05026",
        "P14415",
        "P54709",
        "P54710",
        "Q9NY47",
        "Q02641",
        "O00555"
    ]
}