{
    "smpdb": "SMP0000255",
    "name": "Kanamycin Action Pathway",
    "class": "Drug Action",
    "description": "Minocycline is the most acitve tetracycline antibiotic that can prevent tRNA binding to 30S ribosomal of bacteria by blocking the 30S ribosomal subunit. Its lipid-solublable property allows it can pass lipid bilayers of membrane directly. Minocycline can also pass the membrane through porin channels in bacterial membrane. Due to blocking of 30S ribosomal subunit, activity of bacterial protein synthesis will be inihibited which lead to inhitation of further growth and colonization of bacteria. (less)",
    "chem_link": [],
    "prot_link": [
        "P46108",
        "Q07817",
        "Q92934",
        "A8E194",
        "P04637",
        "P46109",
        "P46527",
        "P22681",
        "Q00987",
        "Q9UQC2",
        "P62993",
        "P01106",
        "P27986",
        "P23443",
        "Q13309",
        "P42345",
        "P42229",
        "Q07889",
        "O60674"
    ]
}