{
    "smpdb": "SMP0000273",
    "name": "Fondaparinux.",
    "class": "Drug Action",
    "description": "Tyrosinemia II also known as Richner-Hanhart syndrome is an autosomal recessive disorder caused by a mutation in the TAT gene the encodes for tyrosine aminotransferase. A defect in this enzyme causes excess tyrosine to accumulate in the blood and urine, tyrosine crystals to form in the cornea, and increased excretion in the urine of 4-hydroxyphenylpyruvic acid, hydroxyphenyllactic acid, and p-hydroxyphenylacetic acid. Symptoms commonly appear in early childhood and include: mental retardation, photophobia (increased sensitivity to light), excessive tearing, eye redness and pain and skin lesions of the palms and soles. The patient is treated with restriction of dietary phenylalanine and tyrosine. Sometimes a tyrosine degradation inhibitor is also used to prevents the formation of fumarylacetoacetate from tyrosine. Trosinemia II is commonly misdiagnosed as herpes simplex keratitis.  (less)",
    "chem_link": [
        "P13196",
        "P08236",
        "P53004",
        "P36551",
        "Q7KZN9",
        "P13716",
        "Q9UPI3",
        "Q8N4E7",
        "P22830",
        "P09601",
        "P08397",
        "Q12887",
        "P50336",
        "O75310",
        "P06132",
        "P10746"
    ],
    "prot_link": [
        "HMDB0003540",
        "HMDB0003911",
        "HMDB0001533",
        "HMDB0001227",
        "HMDB0001341",
        "HMDB0000538",
        "HMDB0000051",
        "HMDB0000464",
        "HMDB0001096",
        "HMDB0001967",
        "HMDB0001546",
        "HMDB0000089",
        "HMDB0000095",
        "HMDB0000082",
        "HMDB0001245",
        "HMDB0001202",
        "HMDB0000998",
        "HMDB0000014",
        "HMDB0001351",
        "HMDB0000012",
        "HMDB0001191",
        "HMDB0001056",
        "HMDB0000079",
        "HMDB0000076",
        "HMDB0001274",
        "HMDB0001000",
        "HMDB0001409",
        "HMDB0001248",
        "HMDB0000692",
        "HMDB0001520",
        "HMDB0000595",
        "HMDB0003349",
        "HMDB0000641",
        "HMDB0000547",
        "HMDB0000217",
        "HMDB0000221",
        "HMDB0000226",
        "HMDB0000218",
        "HMDB0001429",
        "HMDB0000280",
        "HMDB0002142",
        "HMDB0000250",
        "HMDB0003364",
        "HMDB0001489",
        "HMDB0000273",
        "HMDB0001342",
        "HMDB0000262",
        "HMDB0000300",
        "HMDB0002031",
        "HMDB0000026",
        "HMDB0000828",
        "HMDB0000296",
        "HMDB0000295",
        "HMDB0000288",
        "HMDB0000285",
        "HMDB0002111",
        "HMDB0015532",
        "HMDB0001303",
        "HMDB0000056"
    ]
}