{
    "smpdb": "SMP0000336",
    "name": "Vitamin A Deficiency",
    "class": "Disease",
    "description": "Indomethacin (also named Amuno or Indocid) is a nonsteroidal anti-inflammatory drug (NSAID). It can be used to treat prostaglandin G/H synthase related fever, swelling, pain and inflammation.  Indomethacin can block prostaglandin synthesis by the action of inhibition of prostaglandin G/H synthase 1 and 2. Prostaglandin G/H synthase 1 and 2 catalyze the arachidonic acid to prostaglandin G2, and also catalyze prostaglandin G2 to prostaglandin H2 in the metabolism pathway. Decreased prostaglandin synthesis is caused by presence of indomethacin. (less)",
    "chem_link": [
        "Q04446",
        "P04745",
        "P08236",
        "P35557",
        "Q6PCE3",
        "P06744",
        "P54840",
        "P35573",
        "P06737",
        "P52789",
        "O43451",
        "P36871",
        "P14410",
        "O60701",
        "O75310",
        "Q16851"
    ],
    "prot_link": [
        "HMDB0001341",
        "HMDB0000045",
        "HMDB0000538",
        "HMDB0000030",
        "HMDB0000123",
        "HMDB0000119",
        "HMDB0000595",
        "HMDB0000161",
        "HMDB0000148",
        "HMDB0001333",
        "HMDB0000223",
        "HMDB0000208",
        "HMDB0001429",
        "HMDB0001491",
        "HMDB0000250",
        "HMDB0000243",
        "HMDB0001303"
    ]
}