{
    "smpdb": "SMP0000525",
    "name": "Fabry Disease",
    "class": "Disease",
    "description": "Metachromatic leukodystrophy also known as MLD, is a rare inborn error of metabolism (IEM) which arises from a defective gene called ARSA. The ARSA gene which codes for arylsulfatase. An improperly function arylsulfatase enzyme can lead to the build up of 3-O-sulfogalactosylceramide in urine, neural and non neural tissues like kidney and gallbladder. \n\nMLD like many conditions comes in a slew of different shapes and sizes. The most common these is known as the late infantile form. This form affects children after their first year of age and manifests itself with children having difficulty walking. Of the many other symptoms which present themselves some of them include developmental delays, muscle weakness, rigidity and wasting, convulsions, and dementia, just to name a few. In extreme cases a comatose state may arise in affected children and without treatment, the majority of those affected by late infantile MLD will perish by/or before the age of 5. Another form of MLD is  juvenile MLD. Characterized by an age of onset between 3 and 10. It is typically discovered when affected children start to show detiorating school performance, and mental faculties, as well as with the onset of dementia. Progression is slower though very much the same as in the former form of MLD discussed above. Most individuals die 10 to 15 years after the first symptoms manifest. The final form of MLD is adult onset MLD. Defined as occurring after the age of 16 and characterized by progressive dementia or by some psychiatric disorder. The progression of this form is the slowest of the three, and affected individuals may survive a decade or more. (less)",
    "chem_link": [
        "Q9NQ66",
        "P50148",
        "P62873",
        "P59768",
        "P35367",
        "Q14643",
        "P19838",
        "P05771"
    ],
    "prot_link": [
        "HMDB0000037",
        "HMDB0000492",
        "HMDB0014912",
        "HMDB0000595",
        "HMDB0000574",
        "HMDB0000586",
        "HMDB0000588",
        "HMDB0000294",
        "HMDB0002111"
    ]
}