{
    "smpdb": "SMP0000083",
    "name": "Acetylsalicylic Acid Action Pathway",
    "class": "Drug Action",
    "description": "Triosephosphate isomerase deficiency is a genetic disorder caused by a mutation in the TPI1 gene. The mutation of this gene causes the production of enzymes that are unstable or enzymes that have reduced activity. This means that cells have reduced energy supplies as glycolysis is compromised. This disorder causes anemia, movement problems and muscle weakness. As a result of the lack of red blood cells to carry oxygen through the body, patients may experience fatigue and shortness of breath. Movement problems appear in early infancy, typically before the age of 2 in patients with this disorder. Treatment includes blood transfusions. \n (less)",
    "chem_link": [
        "Q9NQ66",
        "P50148",
        "P62873",
        "P59768",
        "P35367",
        "Q14643",
        "P19838",
        "P05771"
    ],
    "prot_link": [
        "HMDB0000464",
        "HMDB0015102",
        "HMDB0001201",
        "HMDB0001273",
        "HMDB0000870",
        "HMDB0001498",
        "HMDB0002111"
    ]
}