{
    "smpdb": "SMP0000270",
    "name": "Dicumarol Action Pathway",
    "class": "Drug Action",
    "description": "Argatroban is a synthetic derivate of L-arginine and a direct thrombin inhibitor anticoagulant prescribed to patients with heparin-induced thrombocytopenia. Direct thrombin inhibitors bind plasma and fibrin bound thrombin independently of co-factor antithrombin.The inhibition of thrombin reduces the stability of the clot and promotes clot break down. Argatroban does not effect serine proteases like, trypsin, factor Xa, plasmin, and kallikrein.  Argatroban is advantageous, particularly for renal failure patients, due to its short-half life and hepatic clearance.  (less)",
    "chem_link": [
        "P24752",
        "Q13085",
        "Q9NR19",
        "Q8WYK0",
        "P07311",
        "P05091",
        "P15121",
        "P09622",
        "P10515",
        "Q9UBQ7",
        "Q16775",
        "Q6ZMR3",
        "Q04760",
        "P40925",
        "P23368",
        "P48163",
        "P35558",
        "Q86WU2",
        "P11498",
        "P08559",
        "P11177",
        "P30613"
    ],
    "prot_link": [
        "HMDB0000374",
        "HMDB0006224",
        "HMDB0000363",
        "HMDB0003955",
        "HMDB0006769",
        "HMDB0006768",
        "HMDB0003959",
        "HMDB0006770",
        "HMDB0000061",
        "HMDB0000053",
        "HMDB0000464",
        "HMDB0000077",
        "HMDB0001032",
        "HMDB0002961",
        "HMDB0000151",
        "HMDB0000145",
        "HMDB0001425",
        "HMDB0000142",
        "HMDB0003178",
        "HMDB0059597",
        "HMDB0000902",
        "HMDB0001487",
        "HMDB0000217",
        "HMDB0000221",
        "HMDB0001377",
        "HMDB0001134",
        "HMDB0001448",
        "HMDB0000234",
        "HMDB0003193",
        "HMDB0000295",
        "HMDB0000935",
        "HMDB0002111"
    ]
}