{
    "smpdb": "SMP0000222",
    "name": "Glycine N-Methyltransferase Deficiency",
    "class": "Disease",
    "description": "CCarbamoyl Phosphate Synthetase Deficiency, also called hyperammonemia due to carbamoyl phosphate synthetase 1 deficiency, is a rare inborn error of metabolism (IEM) and autosomal recessive disorder of the urea cycle caused by a defective CPS1 gene. The CPS1 gene codes for the protein carbamoyl phosphate synthetase I, which plays a role in the urea cycle. This disorder is characterized by a large accumulation of ammonia in the blood. Symptoms of the disorder include unusual movements, seizures, unusual sleeping or coma. Treatment with citrulline or arginine, which maintains a regular rate of protein creation. It is estimated that carbamoyl phosphate synthetase deficiency affects 1 in 800,000 individuals in Japan. \n\n (less)",
    "chem_link": [
        "Q8TCD5",
        "P17812",
        "P27707",
        "P32321",
        "Q99808",
        "P15531",
        "P23921",
        "P31350",
        "Q7LG56",
        "O00337",
        "Q9HAS3",
        "P04818",
        "P30085"
    ],
    "prot_link": [
        "HMDB0000895",
        "HMDB0001341",
        "HMDB0000538",
        "HMDB0001967",
        "HMDB0000492",
        "HMDB0001201",
        "HMDB0000870",
        "HMDB0000595",
        "HMDB0059597",
        "HMDB0240216",
        "HMDB0001429",
        "HMDB0000586",
        "HMDB0002111",
        "HMDB0001303"
    ]
}