{
    "smpdb": "SMP0000132",
    "name": "Triamterene Action Pathway",
    "class": "Drug Action",
    "description": "Trichlormethiazide is a pharmacologically-active small molecule that belongs to a class of drugs called thiazides. Thiazides and thiazide-like drugs are diuretics commonly employed to control hypertension. Trichloromethiazide acts by inhibiting chloride and potentially sodium reabsorption in the ascending loop of Henle, specifically at solute carrier family 12 member 3. This action results in increased fluid loss which ultimately reduces blood volume and pressure. Trichlormethiazide also acts to inhibit sodium uptake and increase potassium excretion which also serves to increase fluid loss. The long-term antihypertensive effects of thiazides and thiazide-like drugs such as trichlormethiazide are not well-characterized but may involve its action on carbonic anhydrases.\n (less)",
    "chem_link": [
        "Q9NQ66",
        "P50148",
        "P62873",
        "P59768",
        "P35367",
        "Q14643",
        "P19838",
        "P05771"
    ],
    "prot_link": [
        "HMDB0240232",
        "HMDB0000464",
        "HMDB0001201",
        "HMDB0001273",
        "HMDB0000870",
        "HMDB0001498",
        "HMDB0002111"
    ]
}