{
    "smpdb": "SMP0000081",
    "name": "Methyclothiazide Action Pathway",
    "class": "Drug Action",
    "description": "Iminoglycinuria, also called familial iminoglycinuria, is an autosomal recessive disorder of renal reabsorption caused primarily by a defective SLC36A2 gene. SLC36A2 codes for a proton-coupled amino acid transporter which facilitates the reuptake of glycine, proline, and hydroxyproline. This disorder is characterized by a large accumulation of glycine, proline, and hydroxyproline in the urine. Symptoms of the disorder include urolithiasis and mental retardation. (less)",
    "chem_link": [
        "Q9NQ66",
        "P50148",
        "P62873",
        "P59768",
        "P35367",
        "Q14643",
        "P19838",
        "P05771"
    ],
    "prot_link": [
        "Q9NQ66",
        "P50148",
        "P62873",
        "P59768",
        "P35367",
        "Q14643",
        "P19838",
        "P05771"
    ]
}