{
    "smpdb": "SMP0000356",
    "name": "17-beta Hydroxysteroid Dehydrogenase III Deficiency",
    "class": "Disease",
    "description": "Fc epsilon receptor 1 (Fc epsilon RI) is a high-affinity receptor for the Fc region of immunoglobulin E (IgE), an antibody isotope involved in allergies. The antigens of allergens bind to IgE antibodies, which then interact with Fc epsilon RIs on the surface of mast cells. This activates the mast cells and results in degranulation, a process by which preformed granules containing histamine, proteoglycans, and serine proteases, are released. Activated mast cells also synthesize and secrete lipid-derived mediators (such as prostaglandins, leukotrienes, and platelet-activating factor) and cytokines (notably tumor necrosis factor-alpha, interleukin-4, and interleukin-5). The release of these compounds results in the inflammatory response. (less)",
    "chem_link": [
        "Q04446",
        "P04745",
        "P08236",
        "P35557",
        "Q6PCE3",
        "P06744",
        "P54840",
        "P35573",
        "P06737",
        "P52789",
        "O43451",
        "P36871",
        "P14410",
        "O60701",
        "O75310",
        "Q16851"
    ],
    "prot_link": [
        "HMDB0000807",
        "HMDB0001341",
        "HMDB0000538",
        "HMDB0003403",
        "HMDB0000464",
        "HMDB0000492",
        "HMDB0000660",
        "HMDB0000127",
        "HMDB0000163",
        "HMDB0006857",
        "HMDB0001586",
        "HMDB0001401",
        "HMDB0001270",
        "HMDB0000757",
        "HMDB0002091",
        "HMDB0000547",
        "HMDB0000902",
        "HMDB0001487",
        "HMDB0001429",
        "HMDB0001491",
        "HMDB0000250",
        "HMDB0000258",
        "HMDB0000295",
        "HMDB0000286",
        "HMDB0000935",
        "HMDB0000285",
        "HMDB0002111",
        "HMDB0003345",
        "HMDB0003514",
        "HMDB0003971"
    ]
}