{
    "smpdb": "SMP0000454",
    "name": "Repaglinide Action Pathway",
    "class": "Drug Action",
    "description": "A triglyceride (TG, triacylglycerol, TAG, or triacylglyceride) is an ester derived from glycerol and three fatty acids. Triglycerides are the main constituents of body fat in humans and other animals, as well as vegetable fat. They are also present in the blood to enable the bidirectional transference of adipose fat and blood glucose from the liver, and are a major component of human skin oils. (Wikipedia) De novo biosynthesis of triglycerides is also known as the phosphatidic acid pathway, and it is mainly associated with the liver and adipose tissue. All membrane-localized enzymes are coloured dark green in the image. First, dihydroxyacetone phosphate (or glycerone phosphate) from glycolysis is used by the cytosolic enzyme glycerol-3-phosphate dehydrogenase [NAD(+)] to synthesize sn-glycerol 3-phosphate. Second, the mitochondrial outer membrane enzyme glycerol-3-phosphate acyltransferase esterifies an acyl-group to the sn-1 position of sn-glycerol 3-phosphate to form 1-acyl-sn-glycerol 3-phosphate (lysophosphatidic acid or LPA). The next three steps are localized to the endoplasmic reticulum membrane. The enzyme 1-acyl-sn-glycerol-3-phosphate acyltransferase converts LPA into phosphatidic acid (1,2-diacyl-sn-glycerol 3-phosphate) by esterifying an acyl-group to the sn-2 position of the glycerol backbone. Next, magnesium-dependent phosphatidate phosphatase catalyzes the conversion of phosphatidic acid into diacylglycerol. Last, the enzyme diacylglycerol O-acyltransferase synthesizes triacylglycerol from diacylglycerol and a fatty acyl-CoA. (less)",
    "chem_link": [
        "HMDB0116109",
        "HMDB0116161",
        "HMDB0088218",
        "HMDB0001423",
        "HMDB0000095",
        "HMDB0000082",
        "HMDB0001473",
        "HMDB0000126",
        "HMDB0059597",
        "HMDB0112242",
        "HMDB0112246",
        "HMDB0114763",
        "HMDB0000902",
        "HMDB0001487",
        "HMDB0115785",
        "HMDB0116664",
        "HMDB0116540",
        "HMDB0001429",
        "HMDB0000250",
        "HMDB0002111"
    ],
    "prot_link": [
        "Q9NUQ2",
        "Q9UJA2",
        "Q32NB8",
        "Q9HCL2",
        "P21695",
        "O95674",
        "Q8WUK0"
    ]
}