{
    "smpdb": "SMP0000395",
    "name": "Cocaine Action Pathway",
    "class": "Drug Action",
    "description": "Dihydrolipoamide dehydrogenase deficiency, which is also known as DLDD, DLD, E3 deficiency, pyruvate dehydrogenase E3 deficiency, DLD deficiency, E3-deficient maple syrup urine disease, is a rare inherited inborn error of metabolism. DLD deficiency occurs in an estimated 1 in 35 000 to 48 000 individuals of Ashkenazi Jewish descent. DLDD is an autosomal recessive metabolic disorder characterized by mutations to the DLD gene, which codes for dihydrolipoamide dehydrogenase (DLD). DLD is a flavoprotein enzyme that oxidizes dihydrolipoamide to lipoamide. The DLD homodimer functions as the E3 component of the pyruvate, alpha-ketoglutarate, and branched-chain amino acid-dehydrogenase complexes and the glycine cleavage system, all of which are located in the mitochondrial matrix. DLDD is a combined deficiency of the branched-chain alpha-keto acid dehydrogenase complex (BCKDC), pyruvate dehydrogenase complex (PDC), and alpha-ketoglutarate dehydrogenase complex (KGDC). A common feature of dihydrolipoamide dehydrogenase deficiency is a potentially life-threatening buildup of lactic acid in tissues (lactic acidosis), which can cause nausea, vomiting, severe breathing problems, and an abnormal heartbeat. Neurological problems are also common in this condition; the first symptoms in affected infants are often decreased muscle tone (hypotonia) and extreme tiredness (lethargy). E3 deficiency is often associated with increased urinary excretion of alpha-keto acids, such as pyruvate. E3 deficiency can also be associated with increased concentrations of branched-chain amino acids, as observed in maple syrup urine disease (MSUD) and is sometimes referred to as MSUD type III, although patients with E3 deficiency have additional biochemical defects. (less)",
    "chem_link": [
        "HMDB0001341",
        "HMDB0000538",
        "HMDB0000464",
        "HMDB0001429",
        "HMDB0000586",
        "HMDB0015411",
        "HMDB0000588",
        "HMDB0002111"
    ],
    "prot_link": [
        "Q13424",
        "Q09428",
        "O60706",
        "Q14654",
        "Q15842",
        "B7ZKV8",
        "P08588",
        "Q13884",
        "Q13425",
        "P17612",
        "P10644",
        "P26678",
        "Q12959",
        "P48549",
        "P48544",
        "P63252",
        "P48050",
        "Q9NS61",
        "P08172",
        "O00180",
        "P22460",
        "Q9UK17",
        "P15382",
        "Q9Y6J6",
        "Q12809",
        "P51787",
        "Q9Y3Q4",
        "Q5I7T1",
        "Q92736",
        "P16615",
        "Q14524",
        "P32418",
        "P05023",
        "P50993",
        "P13637",
        "Q13733",
        "P05026",
        "P14415",
        "P54709",
        "P54710",
        "P09493",
        "P07951",
        "Q9NY47",
        "Q13936",
        "Q02641",
        "O43497",
        "O95180"
    ]
}