{
    "smpdb": "SMP0000050",
    "name": "Purine Metabolism",
    "class": "Metabolic",
    "description": "Purine is a water soluble, organic compound. Purines, including purines that have been substituted, are the most widely distributed kind of nitrogen-containing heterocycle in nature. The two most important purines are adenine and guanine. Other notable examples are hypoxanthine, xanthine, theobromine, caffeine, uric acid and isoguanine. This pathway depicts a number of processes including purine nucleotide biosynthesis, purine degradation and purine salvage. The main organ where purine nucleotides are created is the liver. This process starts as\n5-phospho-\u00ce\u00b1-ribosyl-1-pyrophosphate, or PRPP, and creates inosine 5\u2019-monophosphate, or IMP. Following a series of reactions, PRPP uses compounds such as tetrahydrofolate derivatives, glycine and ATP, and IMP is produced as a result. Glutamine PRPP amidotransferase catalyzes PRPP into 5-phosphoribosylamine, or PRA. 5-phosphoribosylamine is converted to glycinamide ribotide (GAR) then to formyglycinamide ribotide (FGAR). This set of reactions is catalyzed by a trifunctional enzyme containing GAR synthetase, GAR transformylase and AIR synthetase. FGAR is converted to formylglycinamidine-ribonucleotide (FGAM) by formylglycinamide synthase. FGAM is then converted by aminoimidzaole ribotide synthase to 5-aminoimidazole ribotide (AIR) then carboxylated by aminoimidazole ribotide carboxylase to carboxyaminoimidazole ribotide (CAIR). CAIR is then converted tosuccinylaminoimidazole carboxamide ribotide (SAICAR) by succinylaminoimidazole carboxamide ribotide synthase followed by conversion to AICAR (via adenylsuccinate lyase) then to FAICAR (via aminoimidazole carboxamide ribotide transformylase). FAICAR is finally converted to inosine monophosphate (IMP) by IMP cyclohydrolase. Because of the complexity of this synthetic process, the purine ring is actually composed of atoms derived from many different molecules. The N1 atom arises from the amine group of Asp, the C2 and C8 atoms originate from formate, the N3 and N9 atoms come from the amide group of Gln, the C4, C5 and N7 atoms come from Gly and the C6 atom comes from CO2. IMP creates a fork in the road for the creation of purine, as it can either become GMP or AMP. AMP is generated from IMP via adenylsuccinate synthetase (which adds aspartate) and adenylsuccinate lyase. GMP is generated via the action of IMP dehydrogenase and GMP synthase. Purine nucleotides being catabolized creates uric acid.  Beginning from AMP, the enzymes AMP deaminase and nucleotidase work in concert to generate inosine. Alternately, AMP may be dephosphorylate by nucleotidase and then adenosine deaminase (ADA) converts the free adenosine to inosine. The enzyme purine nucleotide phosphorylase (PNP) converts inosine to hypoxanthine, while xanthine oxidase converts hypoxanthine to xanthine and finally to uric acid. GMP and XMP can also be converted to uric acid via the action of nucleotidase, PNP, guanine deaminase and xanthine oxidase. Nucleotide creation stemming from the purine bases and purine nucleosides happens in steps that are called the \u201csalvage pathways\u201d. The free purine bases phosphoribosylated and reconverted to their respective nucleotides.\n (less)",
    "chem_link": [],
    "prot_link": [
        "P18858",
        "Q07864",
        "Q5XG87",
        "Q92889",
        "P23025",
        "P28715",
        "O95602",
        "P12004",
        "P35251",
        "P18074",
        "P54725"
    ]
}