{
    "smpdb": "SMP0000122",
    "name": "Chlorthalidone Action Pathway",
    "class": "Drug Action",
    "description": "Cyclothiazide (also known as Anhydron or Acquirel) is an organic compound that used for diuretic. It can inhibit the solute carrier family 12 member 3 (also known as sodium-chloride symporter) in the nephron to prevent water reabsorption. Solute carrier family 12 member 3 is also used for sodium reabsorption that count for 5% of total amount. Solute carrier family 12 member 3 transports chloride and sodium from lumen to epithelial cell, and sodium/potassium ATPases facilitate the export of sodium to basolateral interstitium to provide sodium gradient that will increase the osmolarity in interstitium, which lead to establishment of osmotic gradient for water reabsorption. (less)",
    "chem_link": [
        "P08195",
        "P37088",
        "P51168",
        "P51172",
        "P51170",
        "P29972",
        "P41181",
        "Q92482",
        "P48048",
        "B7ZKV8",
        "P82251",
        "P51800",
        "P43005",
        "Q01650",
        "Q9UHI5",
        "P08235",
        "Q07837",
        "Q9NP91",
        "Q969I6",
        "P05023",
        "P50993",
        "P13637",
        "Q13733",
        "P05026",
        "P14415",
        "P54709",
        "P54710",
        "Q13621",
        "P55017",
        "Q9UHW9",
        "O15244",
        "Q4U2R8",
        "Q15849",
        "Q9UM01",
        "Q92536"
    ],
    "prot_link": [
        "HMDB0000037",
        "HMDB0000492",
        "HMDB0000595",
        "HMDB0000574",
        "HMDB0000586",
        "HMDB0000588",
        "HMDB0000294",
        "HMDB0002111"
    ]
}