{
    "smpdb": "SMP0000439",
    "name": "Vinorelbine Action Pathway",
    "class": "Drug Action",
    "description": "Azithromycin, trade names include Zithromax and Azithrocin, is a semisynthetic azalide derived from erythromycin. Azalides are part of the macrolide antibiotic class. Azithromycin targets protein synthesis of bacteria by binding to the 50S subunit of the bacterial ribosome to inhibit mRNA translation and prevent bacteria growth. Macrolides are broad spectrum antibiotics. It is prescribed to treat bacterial infections including: sexually transmitted infections like chlamydia, pneumonia, strep throat, ear infections, sinusitis and more.  (less)",
    "chem_link": [
        "Q08828",
        "Q5JWF2",
        "P62873",
        "P59768",
        "P43657",
        "P31749",
        "Q13464",
        "P11831"
    ],
    "prot_link": [
        "P19174",
        "P11912",
        "P40259",
        "Q8WV28",
        "Q96D31",
        "P0DP23",
        "P0DP24",
        "P0DP25",
        "Q02750",
        "P19419",
        "P62993",
        "P01112",
        "P01112",
        "P27361",
        "P45983",
        "Q13233",
        "O95644",
        "Q13469",
        "Q12968",
        "Q14934",
        "P17252",
        "P05771",
        "P01100",
        "P15498",
        "P04049",
        "P63000",
        "Q08209",
        "P16298",
        "P48454",
        "P29353",
        "Q07889",
        "P05412",
        "Q06187",
        "P07948",
        "P43405"
    ]
}