{
    "smpdb": "SMP0000090",
    "name": "Bendroflumethiazide Action Pathway",
    "class": "Drug Action",
    "description": "Mefenamic acid (also named Ponstel) is a nonsteroidal anti-inflammatory drug (NSAID). It can be used to relieve pain (analgesic) and reduce fever (antipyretic). Mefenamic acid can block prostaglandin synthesis by the action of inhibition of prostaglandin G/H synthase 1 and 2. Prostaglandin G/H synthase 1 and 2 catalyze the arachidonic acid to prostaglandin G2, and also catalyze prostaglandin G2 to prostaglandin H2 in the metabolism pathway. Since prostaglandin is the messenger molecules in the process of inflammation; hence, inhibition of prostaglandin synthesis can reduce the pain, fever and inflammation. (less)",
    "chem_link": [
        "HMDB0001294",
        "HMDB0003391",
        "HMDB0000807",
        "HMDB0001341",
        "HMDB0000538",
        "HMDB0000122",
        "HMDB0001112",
        "HMDB0001473",
        "HMDB0001058",
        "HMDB0000124",
        "HMDB0001586",
        "HMDB0001401",
        "HMDB0001270",
        "HMDB0000547",
        "HMDB0000902",
        "HMDB0001487",
        "HMDB0001429",
        "HMDB0000263",
        "HMDB0002142",
        "HMDB0000586",
        "HMDB0000243",
        "HMDB0002111",
        "HMDB0003345",
        "HMDB0000516",
        "HMDB0003498"
    ],
    "prot_link": [
        "P08237",
        "Q96C23",
        "P06733",
        "P07738",
        "P04075",
        "P35575",
        "P06744",
        "P04406",
        "P52789",
        "Q8TE04",
        "P18669",
        "P15259",
        "P30613",
        "P11168",
        "P60174"
    ]
}