{
    "smpdb": "SMP0000127",
    "name": "Glucose-Alanine Cycle",
    "class": "Metabolic",
    "description": "The Warburg Effect refers to the phenomenon that occurs in most cancer cells where instead of generating energy with a low rate of glycolysis followed by oxidizing pyruvate via the Krebs cycle in the mitochondria, the pyruvate from a high rate of glycolysis undergoes lactic acid fermentation in the cytosol. As the Krebs cycle is an aerobic process, in normal cells lactate production is reserved for anaerobic conditions. However, cancer cells preferentially utilize glucose for lactate production via this \u201caerobic glycolysis\u201d, even when oxygen is plentiful. The Warburg Effect is thought to be the result of mutations to oncogenes and tumour suppressor genes. It may be an adaptation to low-oxygen environments within tumours, the result of cancer genes shutting down the mitochondria, or a mechanism to aid cell proliferation via increased glycolysis. Proliferation may occur due to the accumulation of glycolytic intermediates (which lead to the production of nucleotides, amino acids, and fatty acids) after the final enzymatic reaction of glycolysis (phosphoenolpyruvate into pyruvate) is slowed down. This reaction produces lactic acid which leads to a low pH microenvironment and the lactate shuttle can activate angiogenesis factors from surrounding cells. The Warburg Effect involves numerous pathways, including growth factor stimulation, transcriptional activation, and glycolysis promotion. (less)",
    "chem_link": [
        "HMDB0060565",
        "HMDB0004684",
        "HMDB0002314",
        "HMDB0004673",
        "HMDB0004694",
        "HMDB0004242",
        "HMDB0011137",
        "HMDB0004693",
        "HMDB0061119",
        "HMDB0004692",
        "HMDB0061118",
        "HMDB0004243",
        "HMDB0013633",
        "HMDB0004234",
        "HMDB0002265",
        "HMDB0004264",
        "HMDB0003876",
        "HMDB0004244",
        "HMDB0005079",
        "HMDB0005050",
        "HMDB0004680",
        "HMDB0011136",
        "HMDB0061377",
        "HMDB0061378",
        "HMDB0060920",
        "HMDB0006059",
        "HMDB0001509",
        "HMDB0005998",
        "HMDB0060921",
        "HMDB0002343",
        "HMDB0002190",
        "HMDB0061111",
        "HMDB0011134",
        "HMDB0011135",
        "HMDB0010217",
        "HMDB0002886",
        "HMDB0004241",
        "HMDB0004699",
        "HMDB0002311",
        "HMDB0002232",
        "HMDB0004679",
        "HMDB0004659",
        "HMDB0001043",
        "HMDB0000464",
        "HMDB0060564",
        "HMDB0012943",
        "HMDB0000125",
        "HMDB0003178",
        "HMDB0059597",
        "HMDB0003125",
        "HMDB0001925",
        "HMDB0010343",
        "HMDB0000148",
        "HMDB0001337",
        "HMDB0001085",
        "HMDB0001198",
        "HMDB0003080",
        "HMDB0010379",
        "HMDB0000547",
        "HMDB0000217",
        "HMDB0000221",
        "HMDB0003337",
        "HMDB0001377",
        "HMDB0007883",
        "HMDB0002752",
        "HMDB0004236",
        "HMDB0001403",
        "HMDB0001220",
        "HMDB0001139",
        "HMDB0003235",
        "HMDB0001381",
        "HMDB0001335",
        "HMDB0002710",
        "HMDB0060095",
        "HMDB0001452",
        "HMDB0003252",
        "HMDB0000295",
        "HMDB0000935",
        "HMDB0002111",
        "HMDB0001303",
        "HMDB0004238"
    ],
    "prot_link": [
        "P11021",
        "P42330",
        "O75342",
        "P18054",
        "P16050",
        "O15296",
        "P09917",
        "P34913",
        "P16152",
        "P20813",
        "P33261",
        "P10632",
        "P11712",
        "P05181",
        "P51589",
        "Q7Z449",
        "P08684",
        "Q02928",
        "P98187",
        "P0C869",
        "Q9UBS4",
        "P30040",
        "P19440",
        "P07203",
        "Q96GW1",
        "Q6IN67",
        "P09960",
        "Q16873",
        "P78329",
        "Q08477",
        "P23284",
        "Q16647",
        "O14684",
        "P23219",
        "P35354",
        "P41222",
        "Q8TBF2",
        "Q13087",
        "P13667",
        "Q15084",
        "Q4U2R8",
        "Q8TCC7",
        "Q9HCN8",
        "P24557",
        "P22309",
        "Q9HAW8",
        "P35503",
        "O60656",
        "P06133",
        "P16662"
    ]
}