{
    "smpdb": "SMP0000486",
    "name": "DOPA-Responsive Dystonia",
    "class": "Disease",
    "description": "Tyrosinemia type 3, one of the three types of tyrosinemia, is a rare disorder with only a few reported cases. Tyrosinemia type 3 results from a defect in the HPD gene which codes for 4-hydroxyphenylpyruvate dioxygenase. 4-Hydroxyphenylpyruvate dioxygenase plays a role in the catabolism of tyrosine by catalyzing the conversion of 4-hydroxyphenylpyruvate to homogentisate. A defect in this enzyme causes tyrosine and phenylalanine to accumulate in the blood resulting in increased excretion of tyrosine in the urine. Tyrosinemia type 3 symptoms include: seizures, mental retardation and intermittent ataxia (occasional loss of balance and coordination).  (less)",
    "chem_link": [
        "HMDB0001294",
        "HMDB0003391",
        "HMDB0000807",
        "HMDB0001341",
        "HMDB0000538",
        "HMDB0000030",
        "HMDB0001967",
        "HMDB0000122",
        "HMDB0001112",
        "HMDB0001473",
        "HMDB0001058",
        "HMDB0000124",
        "HMDB0001586",
        "HMDB0001401",
        "HMDB0001270",
        "HMDB0001201",
        "HMDB0001273",
        "HMDB0000595",
        "HMDB0059597",
        "HMDB0000190",
        "HMDB0000547",
        "HMDB0000744",
        "HMDB0001333",
        "HMDB0000902",
        "HMDB0001487",
        "HMDB0000223",
        "HMDB0000208",
        "HMDB0001429",
        "HMDB0000263",
        "HMDB0002142",
        "HMDB0000243",
        "HMDB0002111",
        "HMDB0003345",
        "HMDB0000516",
        "HMDB0003498"
    ],
    "prot_link": [
        "Q96C23",
        "P06733",
        "P07738",
        "P09467",
        "P04075",
        "P35575",
        "P06744",
        "O43826",
        "P04406",
        "P52789",
        "Q6ZMR3",
        "P40926",
        "Q02978",
        "Q9Y5U8",
        "Q8TE04",
        "P35558",
        "P36871",
        "P18669",
        "P15259",
        "P11498",
        "P11168",
        "P60174"
    ]
}