{
    "smpdb": "SMP0000382",
    "name": "Nitrendipine Action Pathway",
    "class": "Drug Action",
    "description": "The 5-HT7 receptor is primarily found in the CNS, GI tract, and blood vessels. Serotonin is the primary ligand of the 5-HT7 receptor, which activates G(s) proteins associated with the receptor and leads to the activation of adenylyl cyclase and production of the secondary messenger cyclic adenosine monophosphate (cAMP). cAMP activates protein kinase A, phosphorylating downstream effectors that lead to specific cellular responses which mediate physiological functions such as thermoregulation, circadian rhythm, learning and memory, sleep, and potentially mood.  (less)",
    "chem_link": [
        "P20813",
        "P10635",
        "P08684",
        "P20815",
        "Q01740",
        "P31513",
        "P03372",
        "P50225",
        "Q9HAW8",
        "P22310"
    ],
    "prot_link": [
        "HMDB0001341",
        "HMDB0000538",
        "HMDB0000464",
        "HMDB0000073",
        "HMDB0014440",
        "HMDB0041936",
        "HMDB0041937",
        "HMDB0000216",
        "HMDB0041959",
        "HMDB0001429",
        "HMDB0000586",
        "HMDB0000259",
        "HMDB0000588",
        "HMDB0000295",
        "HMDB0000935",
        "HMDB0002111"
    ]
}