{
    "smpdb": "SMP0000361",
    "name": "Hyperprolinemia Type I",
    "class": "Disease",
    "description": "Malonyl-CoA decarboxylase deficiency, also called malonic aciduria, is a rare inborn error of metabolism (IEM) and autosomal recessive disorder caused by a defective MLYCD gene. The MLYCD gene codes for the protein malonyl-CoA decarboxylase which regulates the creation and degradation of fatty acids. This disorder is characterized by a large accumulation of fatty acid byproducts in the tissues. Symptoms of the disorder include delayed development, hypotonia, seizures, vomiting, diarrhea and cardiomyopathy. Treatment with L-carnitine is very effective, as it encourages beta-oxidation of fatty acids. Less than 30 cases globally have ever been reported, making this disorder extremely rare. \n (less)",
    "chem_link": [
        "HMDB0000464",
        "HMDB0000015",
        "HMDB0004198"
    ],
    "prot_link": [
        "B06692",
        "P00740",
        "P12259",
        "P08709",
        "P00451",
        "P00742",
        "P03951",
        "P00748",
        "P00488",
        "P05160",
        "P02452",
        "P02671",
        "P02675",
        "P02679",
        "P03952",
        "P00747",
        "P00734",
        "P13726",
        "P00750",
        "Q9BQB6",
        "P38435"
    ]
}