{
    "smpdb": "SMP0000199",
    "name": "Maple Syrup Urine Disease",
    "class": "Disease",
    "description": "Clomipramine is a dibenzazepine-derivative tricyclic antidepressant. Clomipramine may be used to treat obsessive-compulsive disorder (OCD) and disorders with an obsessive-compulsive component (e.g. depression, schizophrenia, Tourette's disorder). Clomipramine works by inhibiting seretonin reuptake, therefore increasing the seretonin levels. Administrated Clomipramine is quickly enters the blood stream and 98% becomes bound to plasma protein. Because of this and Clomipramine's lipophilic properties, Clomipramine has a large volume of distribution. (less)",
    "chem_link": [
        "Q04446",
        "P04745",
        "P08236",
        "P35557",
        "Q6PCE3",
        "P06744",
        "P54840",
        "P35573",
        "P06737",
        "P52789",
        "O43451",
        "P36871",
        "P14410",
        "O60701",
        "O75310",
        "Q16851"
    ],
    "prot_link": [
        "HMDB0004684",
        "HMDB0002314",
        "HMDB0004673",
        "HMDB0004694",
        "HMDB0004242",
        "HMDB0011137",
        "HMDB0004693",
        "HMDB0061119",
        "HMDB0004692",
        "HMDB0061118",
        "HMDB0004243",
        "HMDB0013633",
        "HMDB0004234",
        "HMDB0002265",
        "HMDB0004264",
        "HMDB0003876",
        "HMDB0004244",
        "HMDB0005079",
        "HMDB0005050",
        "HMDB0004680",
        "HMDB0011136",
        "HMDB0061377",
        "HMDB0061378",
        "HMDB0006059",
        "HMDB0001509",
        "HMDB0005998",
        "HMDB0002343",
        "HMDB0002190",
        "HMDB0061111",
        "HMDB0011134",
        "HMDB0011135",
        "HMDB0010217",
        "HMDB0002886",
        "HMDB0004241",
        "HMDB0004699",
        "HMDB0002311",
        "HMDB0002232",
        "HMDB0004679",
        "HMDB0004659",
        "HMDB0001043",
        "HMDB0015098",
        "HMDB0000464",
        "HMDB0012943",
        "HMDB0000125",
        "HMDB0003178",
        "HMDB0000148",
        "HMDB0001337",
        "HMDB0001085",
        "HMDB0001198",
        "HMDB0003080",
        "HMDB0010379",
        "HMDB0000547",
        "HMDB0000217",
        "HMDB0000221",
        "HMDB0003337",
        "HMDB0001377",
        "HMDB0007883",
        "HMDB0002752",
        "HMDB0004236",
        "HMDB0001403",
        "HMDB0001220",
        "HMDB0001139",
        "HMDB0003235",
        "HMDB0001381",
        "HMDB0001335",
        "HMDB0002710",
        "HMDB0060095",
        "HMDB0001452",
        "HMDB0003252",
        "HMDB0002111",
        "HMDB0001303",
        "HMDB0004238"
    ]
}