{
    "smpdb": "SMP0000118",
    "name": "Torsemide Action Pathway",
    "class": "Drug Action",
    "description": "Blue diaper syndrome is a recessive metabolic disorder that has not yet been determined to be X-linked or autosomal. This syndrome is caused by a mutation in the large neutral amino acids transporter small subunit 1 protein, which allows tryptophan, among other amino acids, to be reabsorbed in the kidneys. The excess tryptophan found in the intestine is digested by bacteria which excrete indole, which can undergo oxidation to produce indigo blue. This is seen in the diapers of infants affected by blue diaper syndrome, due to the increased levels of indole in their urine or feces. Other symptoms can include bacterial infections, damage to various parts of the eye, hypercalcemia, and impaired kidney function due to this. Treatment can include a calcium restricted diet in order to prevent hypercalcemia, and a tryptophan restricted diet to prevent all systems. If bacterial infections are common, antibiotics may be prescribed.  (less)",
    "chem_link": [
        "O14841",
        "P15144",
        "P55210",
        "O75223",
        "Q6P531",
        "P48506",
        "P48507",
        "P07203",
        "P00390",
        "Q9H4Y5",
        "P48637",
        "Q02978"
    ],
    "prot_link": [
        "HMDB0061369",
        "HMDB0001341",
        "HMDB0000538",
        "HMDB0031524",
        "HMDB0000078",
        "HMDB0001248",
        "HMDB0000125",
        "HMDB0000123",
        "HMDB0061365",
        "HMDB0003125",
        "HMDB0061370",
        "HMDB0000574",
        "HMDB0000148",
        "HMDB0061368",
        "HMDB0061367",
        "HMDB0000217",
        "HMDB0000221",
        "HMDB0003337",
        "HMDB0002142",
        "HMDB0000267",
        "HMDB0061366",
        "HMDB0002111",
        "HMDB0015532",
        "HMDB0001303",
        "HMDB0001049"
    ]
}