{
    "smpdb": "SMP0000424",
    "name": "Citalopram Action Pathway",
    "class": "Drug Action",
    "description": "Tamoxifen is a selective estrogen modulator (SERM) used in the treatment of estrogen-sensitive breast cancer. Tamoxifen itself only has weak anti-estrogen effects and must be converted into more active metabolites to have therapeutic activity. Metabolism takes place in the liver and is carried out primarily by cytochrome P450 enzymes. Tamoxifen is hydroxylated by CYP2D6 and demethylated by CYP3A4 and CYP3A5, producing the active metabolites 4-hydroxytamoxifen and endoxifen. These metabolites inhibit estrogen binding to estrogen receptors in breast cancer cells, which in turn inhibit tumour growth. (less)",
    "chem_link": [
        "P46952",
        "P32754",
        "P07327",
        "P30838",
        "P19801",
        "P21397",
        "P20711",
        "P17174",
        "P21964",
        "P09172",
        "P16930",
        "Q93099",
        "P40126",
        "P14174",
        "O43708",
        "P11086",
        "P14679",
        "P17735"
    ],
    "prot_link": [
        "HMDB0013642",
        "HMDB0006823",
        "HMDB0006821",
        "HMDB0002065",
        "HMDB0002275",
        "HMDB0000038",
        "HMDB0000980",
        "HMDB0001195",
        "HMDB0006822",
        "HMDB0000142",
        "HMDB0001273",
        "HMDB0000902",
        "HMDB0001487",
        "HMDB0000217",
        "HMDB0000221",
        "HMDB0000845",
        "HMDB0012282",
        "HMDB0000238",
        "HMDB0000027",
        "HMDB0002111",
        "HMDB0015532"
    ]
}