{
    "smpdb": "SMP0000385",
    "name": "Homocarnosinosis",
    "class": "Disease",
    "description": "Short Chain Acyl CoA Dehydrogenase Deficiency (SCAD Deficiency) is caused by mutation in the gene encoding short-chain acyl-CoA dehydrogenase, an enzyme which normally breaks down short chain fatty acids. SCADD causes accumulation of ammonia in blood; butyrylcarnitine(C4) in plasma; adipic acid, butyrylglycine, ethylmalonic acid; hexanoylglycine and methylsuccinic acid in urine. Symptoms include hypoglycemia, hypotonia, microcephaly, failure to thrive, lactic acidosis, peripheral neuropathy, and vomiting. (less)",
    "chem_link": [
        "HMDB0000023",
        "HMDB0001052",
        "HMDB0002166",
        "HMDB0002217",
        "HMDB0006866",
        "HMDB0001356",
        "HMDB0001157",
        "HMDB0001041",
        "HMDB0061344",
        "HMDB0001375",
        "HMDB0006870",
        "HMDB0006865",
        "HMDB0000491",
        "HMDB0001493",
        "HMDB0001057",
        "HMDB0000060",
        "HMDB0001484",
        "HMDB0001206",
        "HMDB0001341",
        "HMDB0000538",
        "HMDB0002086",
        "HMDB0000030",
        "HMDB0001967",
        "HMDB0001423",
        "HMDB0000985",
        "HMDB0001248",
        "HMDB0000595",
        "HMDB0059597",
        "HMDB0003125",
        "HMDB0001243",
        "HMDB0001113",
        "HMDB0000695",
        "HMDB0000148",
        "HMDB0000172",
        "HMDB0000687",
        "HMDB0000883",
        "HMDB0000962",
        "HMDB0013617",
        "HMDB0001011",
        "HMDB0000202",
        "HMDB0002206",
        "HMDB0000902",
        "HMDB0001487",
        "HMDB0000208",
        "HMDB0001377",
        "HMDB0001429",
        "HMDB0001275",
        "HMDB0001545",
        "HMDB0001491",
        "HMDB0002255",
        "HMDB0006869",
        "HMDB0006868",
        "HMDB0006867",
        "HMDB0002310",
        "HMDB0000254",
        "HMDB0001022",
        "HMDB0001372",
        "HMDB0002054",
        "HMDB0002111",
        "HMDB0000019"
    ],
    "prot_link": [
        "P12694",
        "P21953",
        "Q99714",
        "P31937",
        "Q6NVY1",
        "P42765",
        "P80404",
        "P24752",
        "P05091",
        "Q06278",
        "P54687",
        "P09622",
        "P30084",
        "P35914",
        "P54868",
        "Q9UKU7",
        "P26440",
        "P11182",
        "P11310",
        "Q9HCC0",
        "Q96RQ3",
        "Q13825",
        "Q02252",
        "Q96PE7",
        "P22033",
        "P05165",
        "P05166",
        "P16219",
        "P45954",
        "P55809"
    ]
}