{
    "smpdb": "SMP0000106",
    "name": "Meloxicam Action Pathway",
    "class": "Drug Action",
    "description": "Piroxicam (also named Feldene or Piroxicamum) is a nonsteroidal anti-inflammatory drug. Piroxicam can block prostaglandin synthesis by the action of inhibition of prostaglandin G/H synthase 1 and 2. Prostaglandin G/H synthase 1 and 2 catalyze the arachidonic acid to prostaglandin G2, and also catalyze prostaglandin G2 to prostaglandin H2 in the metabolism pathway. Decreased prostaglandin synthesis in many animal model's cell is caused by presence of piroxicam. Piroxicam can prevent movement of leukocytes to inflammation site so that thromboxane A2 can't be produced. (less)",
    "chem_link": [
        "Q96C23",
        "P06733",
        "P07738",
        "P09467",
        "P04075",
        "P35575",
        "P06744",
        "O43826",
        "P04406",
        "P52789",
        "Q6ZMR3",
        "P40926",
        "Q02978",
        "Q9Y5U8",
        "Q8TE04",
        "P35558",
        "P36871",
        "P18669",
        "P15259",
        "P11498",
        "P11168",
        "P60174"
    ],
    "prot_link": [
        "HMDB0000538",
        "HMDB0000058",
        "HMDB0000063",
        "HMDB0001201",
        "HMDB0001273",
        "HMDB0000547",
        "HMDB0000250"
    ]
}