{
    "smpdb": "SMP0000198",
    "name": "Malonic Aciduria",
    "class": "Disease",
    "description": "Mitochondrial DNA depletion syndromes are a group of autosomal recessive disorders. They are characterized by decreased levels of mitochondrial DNA (mtDNA), resulting in decreased energy production. Mitochondrial DNA depletion syndrome-3 is caused by a mutation in the gene coding for deoxyguanosine kinase (DGUOK). DGUOK aids in maintaining the levels of available deoxyguanosine triphosphate (dGTP), thus the deficiency of DGUOK impairs the synthesis of dGTP. Symptoms of DGUOK deficiency can arise in the form of a multi-system disease in neonates or an isolated hepatic disease in infancy, with the former being more common. The most common cause of death in both forms is progressive hepative disease. (less)",
    "chem_link": [
        "HMDB0000464",
        "HMDB0000015",
        "HMDB0014411",
        "HMDB0004198"
    ],
    "prot_link": [
        "P00740",
        "P12259",
        "P08709",
        "P00451",
        "P00742",
        "P03951",
        "P00748",
        "P00488",
        "P05160",
        "P02452",
        "P02671",
        "P02675",
        "P02679",
        "P03952",
        "P00747",
        "P00734",
        "P13726",
        "P00750",
        "Q9BQB6",
        "P38435"
    ]
}