{
    "smpdb": "SMP0000430",
    "name": "Thioguanine Action Pathway (old)",
    "class": "Drug Action",
    "description": "Irinotecan is a medication commonly sold as Camptosar, used to stop the growth of  cancer cells, and to stop the spread of cancer cells in the human body. Specifically cancers of the rectum and of the colon. Commonly used in combination with chemotherapy. Irinotecan works through its active metabolite, SN-38, which inhibits the action of topoisomerase I. This enzyme is responsible for creating single-strand breaks in DNA during replication. These single-strands are reversible. SN-38 and Irinotecan binding to topoisomerase I-DNA complex results in the prevention of religation the DNA strand mentioned above, which creates double-strand DNA breakage. This breakage leads to cell death. Irinotecan is taken orally, but can also be injected. (less)",
    "chem_link": [
        "P20813",
        "P33261",
        "P10632",
        "P08684",
        "P20815",
        "P24462",
        "P07099"
    ],
    "prot_link": [
        "HMDB0015643",
        "HMDB0061088",
        "HMDB0061351",
        "HMDB0001426",
        "HMDB0003178",
        "HMDB0000902",
        "HMDB0001487",
        "HMDB0001377",
        "HMDB0000295",
        "HMDB0000935",
        "HMDB0002111"
    ]
}