{
    "smpdb": "SMP0000504",
    "name": "Creatine Deficiency, Guanidinoacetate Methyltransferase Deficiency",
    "class": "Disease",
    "description": "Malonyl CoA decarboxylase deficiency, also claled MCD deficiency, is a rare inborn error of fatty acid metabolism and autosomal-recessive metabolic disorder, which is caused by a defective mitochondrial malonyl CoA decarboxylase due to reduced activity. Mitochondrial malonyl CoA decarboxylase catalyzes the conversion of intramitochondrial malonyl CoA to acetyl CoA, which is a key product that involve in many biochemical reactions. This disorder is characterized by a large accumulation of methylmalonic acid in the mitochondrial. Symptoms of the disorder include hypotonia (i.e. weak muscle tone), hypoglycemia (i.e. low blood sugar), diarrhea, seizures and vomiting. The Malonyl CoA decarboxylase deficiency is an extremely rare genetic disease happened in early childhood, which only less than 30 cases have been reported. There is currently no cure for Malonyl CoA decarboxylase deficiency, treatment involves managing the disorder's symptoms. (less)",
    "chem_link": [
        "HMDB0000464",
        "HMDB0000015",
        "HMDB0004198"
    ],
    "prot_link": [
        "B00029",
        "P00740",
        "P12259",
        "P08709",
        "P00451",
        "P00742",
        "P03951",
        "P00748",
        "P00488",
        "P05160",
        "P02452",
        "P02671",
        "P02675",
        "P02679",
        "P03952",
        "P00747",
        "P00734",
        "P13726",
        "P00750",
        "Q9BQB6",
        "P38435"
    ]
}