{
    "smpdb": "SMP0000108",
    "name": "Hydroflumethiazide Action Pathway",
    "class": "Drug Action",
    "description": "Amiloride is a diuretic that inhibits the sodium channels in the late distal convoluted tubule and collecting tube of the nephron where 1-2% of sodium reabsorption occurs. The inhibition of sodium reabsorption results in increased osmolarity in the lumen and decreased osmolarity in the interstitium of the nephron. This decreased osmotic gradient results in a modest diuresis. The drug is also potassium sparing. Potassium is typically excreted due to the electrochemical gradient produced by sodium reabsorption. Therefore, amiloride's inhibition of sodium reabsorption fails to produce an electrochemical gradient and therefore, inhibits potassium excretion. Amiloride causes an increase in sodium excretion and a decrease in potassium secretion. The drug is typically prescribed to patients with depleted potassium.  (less)",
    "chem_link": [
        "Q9NQ66",
        "P50148",
        "P62873",
        "P59768",
        "P35367",
        "Q14643",
        "P19838",
        "P05771"
    ],
    "prot_link": [
        "HMDB0015376",
        "HMDB0000464",
        "HMDB0001201",
        "HMDB0001273",
        "HMDB0000870",
        "HMDB0001498",
        "HMDB0002111"
    ]
}