{
    "smpdb": "SMP0000178",
    "name": "Dihydropyrimidinase Deficiency",
    "class": "Disease",
    "description": "Succinyl CoA: 3-Ketoacid CoA Transferase (SCOT) deficiency is a rare inherited metabolic disorder causing reduction of ketone body utilization. In normal functioning patients, ketone bodies such as Acetoacetate (AcAc) and 3\u2010hydroxybutyrate (3HB) are metabolized inside the liver from free fatty acids. Next, ketone bodies are transported to extrahepatic tissues via the blood stream. Once in extrahepatic tissues, SCOT converts AcAc to acetoacetyl\u2010CoA and T2 cleaves acetoacetyl\u2010CoA into acetyl\u2010CoA. This process is crucial for producing alternative energy sources to glucose in order to maintain blood glucose levels. Patients with SCOT deficiency have this process disturbed and ketoacidosis which is the acidification of the bloodstream due to excess ketone body accumulation, can occur. Current treatments include avoiding actions that could onset ketoacidosis such as fasting and early infusion of glucose.\nThe severity of SCOT deficiency differs from patient to patient. Some exhibit severe genotypes where ketones are always in abundance in the body, while others could have mild genotypes with no preeminent ketosis however both could exhibit ketoacidotic episodes. (less)",
    "chem_link": [
        "HMDB0000538",
        "HMDB0000058",
        "HMDB0001201",
        "HMDB0001273",
        "HMDB0000547",
        "HMDB0001403",
        "HMDB0000250"
    ],
    "prot_link": [
        "Q08462",
        "P22694",
        "Q9UBI6",
        "P63092",
        "P62873",
        "Q13258"
    ]
}