{
    "smpdb": "SMP0000501",
    "name": "gamma-Glutamyltranspeptidase Deficiency",
    "class": "Disease",
    "description": "Glutathione Synthetase Deficiency (5-Oxoprolinuria; Pyroglutamic Aciduria; GSD) is a rare inborn error of metabolism (IEM) which arises from a disfunctional gene called GSS. This gene is responsible for glutathione synthetase. Glutathione synthetase is the second enzyme in the glutathione biosynthesis pathway. It catalyses the condensation of gamma-glutamylcysteine and glycine, to form glutathione. A defect in this enzyme results in accumulation of pyroglutamic acid and gamma-glutamylcysteine in urine and blood; decrease level of glutathione in erythrocytes; increase urinary excretion of 5-oxoproline. \n\nGSD is typically distinguished by three levels of severity. Those levels naturally being mild, moderate and severe. Being with the former, mild GSD can lead to a harmful condition known as hemolytic anemia. This occurs when red blood cells are destroyed. Although not as common, it is also possible for patients affected with GSD to excrete in their urine elevated quantities of 5-oxoproline (hence the other name for this condition shown in the first sentence of this description). The accumulation of high levels of 5-oxoproline (and hence the elevated level of secretion of this compound) is a direct consequence of glutathione being improperly processed by the body. Turning now to the second level of severity, moderate, it is typical to see affected patients experience experience the two symptoms described above, in addition to metabolic acidosis. The latter condition being the consequence of high acidity levels in the blood as well as other tissues. Finally, individuals with severe GSD may suffer from a wide variety of neurological symptoms. This could include anything from ataxia and slowed reactions, to psychomotor retardation, mental retardation and seizures. (less)",
    "chem_link": [
        "B7ZKV8",
        "P09848",
        "P13866",
        "P05023",
        "P50993",
        "P13637",
        "Q13733",
        "P05026",
        "P14415",
        "P54709",
        "P54710",
        "P11168"
    ],
    "prot_link": [
        "HMDB0000005",
        "HMDB0000051",
        "HMDB0000742",
        "HMDB0000099",
        "HMDB0000574",
        "HMDB0000187",
        "HMDB0001491",
        "HMDB0002111"
    ]
}