{
    "smpdb": "SMP0000462",
    "name": "Inositol Phosphate Metabolism",
    "class": "Metabolic",
    "description": "Inositol phosphates are a group of molecules that are important for a number of cellular functions, such as cell growth, apoptosis, cell migration, endocytosis, and cell differentiation. Inositol phsosphates consist of an inositol (a sixfold alcohol of cyclohexane) phosphorylated at one or more positions. There are a number of different inositol phosphates found in mammals, distinguishable by the number and position of the phosphate groups. Inositol phosphate can be formed either as a product of phosphatidylinositol phosphate metabolism or from glucose 6-phosphate via the enzyme inositol-3-phosphate synthase 1. Conversion between the different types of inositol phosphates then occurs via a number of specific inositol phosphate kinases and phosphatases, which add (kinase) or remove (phosphatase) phosphate groups. The differing roles of the numerous inositol phosphates means that their metabolism must be tightly regulated. This is done via the localization and activation/deactivation of the various kinases and phosphatases, which can be found in the cytoplasm, nucleus or endoplasmic reticulum. The unphosphorylated inositol ring can be used to produce phosphoinositides through phosphatidylinositol phosphate metabolism. (less)",
    "chem_link": [
        "HMDB0001341",
        "HMDB0000538",
        "HMDB0000464",
        "HMDB0006971",
        "HMDB0000095",
        "HMDB0007102",
        "HMDB0001498",
        "HMDB0000547",
        "HMDB0001333",
        "HMDB0000211",
        "HMDB0001429",
        "HMDB0009783",
        "HMDB0009970",
        "HMDB0010037",
        "HMDB0061188",
        "HMDB0010150",
        "HMDB0061186",
        "HMDB0061187",
        "HMDB0002111"
    ],
    "prot_link": [
        "Q9NQ66",
        "Q9Y2I7",
        "Q9NRR6",
        "Q9C0C7",
        "Q14457",
        "O14735",
        "Q504U8",
        "P60484",
        "Q92835",
        "Q8NEB9",
        "P27986",
        "P42356",
        "Q99755",
        "P42336",
        "O00329",
        "O00443",
        "P48426",
        "Q99570",
        "Q92562",
        "Q08AM6",
        "P04626",
        "O43426",
        "O15327"
    ]
}