{
    "smpdb": "SMP0000116",
    "name": "Valdecoxib Action Pathway",
    "class": "Drug Action",
    "description": "Zellweger syndrome, also known as cerebrohepatorenal syndrome, is an autosomal recessive peroxisome biogenesis disorder that is part of the family of Zellweger spectrum disorders. It is caused by a defect in one of 12 or more of the PEX genes (PEX1, 2, 3, 5, 6, 10, 12, 13, 14, 16, 19 and 26) that produce proteins called peroxins. Peroxins are used in the formation of peroxisomes, and can be involved in recognition of proteins targeted for the peroxisome, as well as their transport into the peroxisome. Peroxisomes typically break down both very long chain and branched fatty acids, but if they aren't present, these fatty acids build up in the blood and body, harming organs such as the brain and liver. Additionally, due to the fact that some processes, such as plasmalogen biosynthesis, occur in or using peroxisomes, and can lead to deficiencies in plasmalogens. These are important in brain and lung function, leading to other symptoms.\n\nZellweger syndrome is characterized by an increase in levels of very long chain fatty acids in the blood plasma, as well as more visible physical symptoms, such as an abnormally large or small head at birth, characteristic facial features and poor muscle tone, which can lead to an inability of infants to feed. Other symptoms include an enlarged liver, skeletal abnormalities and low CNS function. Infants very rarely live longer than one year, and the only treatment is for symptoms the patient is experiencing, not for the syndrome itself.\n (less)",
    "chem_link": [
        "P00740",
        "P12259",
        "P08709",
        "P00451",
        "P00742",
        "P03951",
        "P00748",
        "P00488",
        "P05160",
        "P02452",
        "P02671",
        "P02675",
        "P02679",
        "P03952",
        "P00747",
        "P00734",
        "P13726",
        "P00750",
        "Q9BQB6",
        "P38435"
    ],
    "prot_link": [
        "HMDB0000464",
        "HMDB0000015",
        "HMDB0004198"
    ]
}