{
    "smpdb": "SMP0000177",
    "name": "Cystathionine beta-Synthase Deficiency",
    "class": "Disease",
    "description": "Methionine adenosyltransferase (MAT; Hypermethioninemia; MAT I/III deficiency) deficiency is caused by mutations in the MAT1A gene which causes isolated hypermethioninemia. MAT catalyzes the formation of adenosylmethionine from methionine and ATP. Adenosylmethionine is an important methyl donor in most transmethylation reactions. MAT dificiency is characterized by increased homocysteine and methionine levels in plasma; and accumulation of methionine in urine. Symptoms include dystonia, mental retardation and unusual odor. (less)",
    "chem_link": [
        "P24752",
        "P49419",
        "Q9UDR5",
        "P09622",
        "P36957",
        "P30084",
        "Q92947",
        "Q16836",
        "Q8N5Z0",
        "P52569",
        "Q9BXI2",
        "Q9P0Z9",
        "Q96HY7",
        "nknown"
    ],
    "prot_link": [
        "HMDB0012130",
        "HMDB0001166",
        "HMDB0001484",
        "HMDB0001206",
        "HMDB0001263",
        "HMDB0000510",
        "HMDB0001967",
        "HMDB0001423",
        "HMDB0002009",
        "HMDB0001248",
        "HMDB0001339",
        "HMDB0003125",
        "HMDB0000148",
        "HMDB0000182",
        "HMDB0000716",
        "HMDB0000962",
        "HMDB0000902",
        "HMDB0001487",
        "HMDB0000217",
        "HMDB0000221",
        "HMDB0000225",
        "HMDB0000208",
        "HMDB0001377",
        "HMDB0001491",
        "HMDB0000279",
        "HMDB0001372",
        "HMDB0002111"
    ]
}