{
    "smpdb": "SMP0000380",
    "name": "Nimodipine Action Pathway",
    "class": "Drug Action",
    "description": "Levobunolol (also known as Betagan) is an ophthalmic beta blocker (non-selective) that can produce cardiovascular effects and systemic pulmonary effects. Levobunolol bind to beta1-adrenergic and beta2-adrenergic receptors in heart and vascular smooth muscle to block the binding of other adrenergic neurotransmitters such as norepinephrine, which lead to decreased blood pressure, heart rate and cardiac output.  (less)",
    "chem_link": [
        "Q13424",
        "Q09428",
        "O60706",
        "Q14654",
        "Q15842",
        "B7ZKV8",
        "P08588",
        "Q13884",
        "Q13425",
        "P17612",
        "P10644",
        "P26678",
        "Q12959",
        "P48549",
        "P48544",
        "P63252",
        "P48050",
        "Q9NS61",
        "P08172",
        "O00180",
        "P22460",
        "Q9UK17",
        "P15382",
        "Q9Y6J6",
        "Q12809",
        "P51787",
        "Q9Y3Q4",
        "Q5I7T1",
        "Q92736",
        "P16615",
        "Q14524",
        "P32418",
        "P05023",
        "P50993",
        "P13637",
        "Q13733",
        "P05026",
        "P14415",
        "P54709",
        "P54710",
        "P09493",
        "P07951",
        "Q9NY47",
        "Q13936",
        "Q02641",
        "O43497",
        "O95180"
    ],
    "prot_link": [
        "HMDB0001426",
        "HMDB0003178",
        "HMDB0061345",
        "HMDB0060852",
        "HMDB0061167",
        "HMDB0013892",
        "HMDB0000902",
        "HMDB0001487",
        "HMDB0060532",
        "HMDB0061172",
        "HMDB0001377",
        "HMDB0005016",
        "HMDB0002111"
    ]
}