{
    "smpdb": "SMP0000347",
    "name": "Metachromatic Leukodystrophy (MLD)",
    "class": "Disease",
    "description": "Adenosine deaminiase deficiency (immunodeficiency) is an autosomal recessive disease caused by a muation in the ADA gene which codes for adenosine deaminase. A deficiency in this enzyme results in immunodeficiency and a decreased concentration of lymphocytes in blood. Symptoms include diarrhea, severe or recurrent infections, vomiting and early onset in children, infants and newborns. Treatment includes bone-marrow transplants and enzyme replacement therapy. (less)",
    "chem_link": [
        "P08195",
        "P37088",
        "P51168",
        "P51172",
        "P51170",
        "P29972",
        "P41181",
        "Q92482",
        "P48048",
        "B7ZKV8",
        "P82251",
        "P51800",
        "P43005",
        "Q01650",
        "Q9UHI5",
        "P08235",
        "Q07837",
        "Q9NP91",
        "Q969I6",
        "P05023",
        "P50993",
        "P13637",
        "Q13733",
        "P05026",
        "P14415",
        "P54709",
        "P54710",
        "Q13621",
        "P55017",
        "Q9UHW9",
        "O15244",
        "Q4U2R8",
        "Q15849",
        "Q9UM01",
        "Q92536"
    ],
    "prot_link": [
        "HMDB0000037",
        "HMDB0014732",
        "HMDB0000492",
        "HMDB0000595",
        "HMDB0000574",
        "HMDB0000586",
        "HMDB0000588",
        "HMDB0000294",
        "HMDB0002111"
    ]
}