{
    "smpdb": "SMP0000359",
    "name": "Diltiazem Action Pathway",
    "class": "Drug Action",
    "description": "Arbutamine is a synthetic catecholamine used to initiate a cardiac stress response to mimic exercise to detect coronary artery disease. Arbutamine has nonselective beta and weak alpha-1-adrenergic activity which causes increased chronotropic activity (increase in heart rate) and inotropic activity (increase myocardial contractility). These effects mimic the cardiovascular effects of exercise. For patients with cardiovascular artery disease, arbutamine can induce myocardial ischemia. Arbutamine is delivered via a computer controlled closed-loop system. The infusion of arbutamine is based off the heart rate feedback. The system monitors heart rate and blood pressure throughout infusion with alarms for physiological changes or problems.  (less)",
    "chem_link": [
        "HMDB0060406",
        "HMDB0060393",
        "HMDB0015233",
        "HMDB0001248",
        "HMDB0014684",
        "HMDB0014515",
        "HMDB0001429",
        "HMDB0000588",
        "HMDB0002111"
    ],
    "prot_link": [
        "P32320",
        "P23141",
        "O00337",
        "P19971"
    ]
}