{
    "smpdb": "SMP0000319",
    "name": "Lysosomal Acid Lipase Deficiency (Wolman Disease)",
    "class": "Disease",
    "description": "Fabry disease, also called Anderson-Fabry disease is an X-linked inherited condition that begins in childhood. The symptoms are caused by the buildup of a substance called globotriaosylceramide in cells in the body, due to a mutation in the GLA gene, that causes a malfunction in the production of an enzyme called alpha-galactosidase A, which, when functioning properly, breaks down globotriaosylceramide. The symptoms include angiokeratomas, tinnitus, episodes of pain in the hands and feet and corneal opacity. This condition can also lead to severe complications such as heart attack, stroke and kidney damage. \n (less)",
    "chem_link": [
        "HMDB0000464",
        "HMDB0001201",
        "HMDB0001273",
        "HMDB0000870",
        "HMDB0001498",
        "HMDB0240222",
        "HMDB0002111"
    ],
    "prot_link": [
        "Q9NQ66",
        "P50148",
        "P62873",
        "P59768",
        "P35367",
        "Q14643",
        "P19838",
        "P05771"
    ]
}