{
    "smpdb": "SMP0000084",
    "name": "Etodolac Action Pathway",
    "class": "Drug Action",
    "description": "Sulindac, sold as Clinoril, is a non-steroidal anti-inflammatory drug (NSAID). These drugs are typically used to treat conditions associated with pain and inflammation, such as rheumatoid arthritis, headaches or migraines, and dysmenorrhoea. Sulindac is believed to be a non-selective NSAID, meaning that it inhibits both prostaglandin G/H synthase 1 and 2 (COX-1 and COX-2).\nIn this pathway, sulindac, a prodrug, is administered orally. Once in the body, it is metabolized to form the active form of sulindac, which then inhibits the COX-1 and COX-2 enzymes. These enzymes are normally responsible for the formation of prostaglandin G2 from arachidonic acid, well as the formation of prostaglandin H2 from prostaglandin G2. These prostaglandins are responsible for inflammation and fever, as well as muscle contractions in labour and menstruation. With the COX-1 and COX-2 enzymes being inhibited by sulindac, prostaglandins cannot be produced, and inflammation and fever can be reduced. Compared to other NSAIDs, sulindac is less likely to damage the kidneys and cause gastrointestinal effects such as ulcers, but is more likely to damage the liver and pancreas.\n (less)",
    "chem_link": [
        "HMDB0006915",
        "HMDB0001336",
        "HMDB0006242",
        "HMDB0001866",
        "HMDB0003791",
        "HMDB0000318",
        "HMDB0004061",
        "HMDB0000022",
        "HMDB0001268",
        "HMDB0000707",
        "HMDB0002281",
        "HMDB0004058",
        "HMDB0001253",
        "HMDB0000060",
        "HMDB0000051",
        "HMDB0000044",
        "HMDB0000464",
        "HMDB0001967",
        "HMDB0000657",
        "HMDB0001264",
        "HMDB0000073",
        "HMDB0001229",
        "HMDB0000068",
        "HMDB0001248",
        "HMDB0000692",
        "HMDB0012943",
        "HMDB0000134",
        "HMDB0001398",
        "HMDB0000130",
        "HMDB0000118",
        "HMDB0005175",
        "HMDB0059597",
        "HMDB0003125",
        "HMDB0006779",
        "HMDB0015531",
        "HMDB0000191",
        "HMDB0000181",
        "HMDB0001430",
        "HMDB0000148",
        "HMDB0000158",
        "HMDB0004067",
        "HMDB0000547",
        "HMDB0002052",
        "HMDB0004068",
        "HMDB0004063",
        "HMDB0000164",
        "HMDB0000902",
        "HMDB0001487",
        "HMDB0000217",
        "HMDB0000221",
        "HMDB0000216",
        "HMDB0000819",
        "HMDB0000223",
        "HMDB0000208",
        "HMDB0001377",
        "HMDB0000020",
        "HMDB0001491",
        "HMDB0000957",
        "HMDB0013636",
        "HMDB0000939",
        "HMDB0001185",
        "HMDB0000027",
        "HMDB0011639",
        "HMDB0000306",
        "HMDB0000291",
        "HMDB0001490",
        "HMDB0002111",
        "HMDB0015532"
    ],
    "prot_link": [
        "P46952",
        "P32754",
        "P07327",
        "P30838",
        "P19801",
        "P21397",
        "P20711",
        "P17174",
        "P21964",
        "P09172",
        "P16930",
        "Q93099",
        "P40126",
        "P14174",
        "O43708",
        "P11086",
        "P14679",
        "P17735"
    ]
}