{
    "smpdb": "SMP0000473",
    "name": "Gefitinib Action Pathway",
    "class": "Drug Action",
    "description": "Pentazocine (also known as Talwin) is a type of medication that can relieve moderate to severe pain. Pentazocine can bind to mu-type opioid receptor and kappa-type opioid receptor on neuron of central nerves system (CNS). Binding of pentazocine on mu-type opioid receptor and kappa-type opioid receptor can lead to decreased level of neuronal excitability and hyperpolarization. After binding to the receptor, pentazocine will slowly dissociate.  (less)",
    "chem_link": [
        "HMDB0001341",
        "HMDB0000538",
        "HMDB0000464",
        "HMDB0000073",
        "HMDB0000216",
        "HMDB0001429",
        "HMDB0000586",
        "HMDB0014945",
        "HMDB0000259",
        "HMDB0000588",
        "HMDB0002111"
    ],
    "prot_link": [
        "P08908",
        "P35348",
        "B7ZKV8",
        "P01203",
        "P21728",
        "Q8TCU5",
        "Q12879",
        "Q05586",
        "Q9NS61",
        "P35372",
        "P16519",
        "P43681",
        "P17787",
        "Q9NZV8",
        "P01189",
        "Q9Y5Y9",
        "Q07699",
        "Q01959",
        "P23975",
        "P31645",
        "P05023",
        "P50993",
        "P13637",
        "Q13733",
        "P05026",
        "P14415",
        "P54709",
        "P54710",
        "Q9NY47",
        "Q02641",
        "O00555"
    ]
}