{
    "smpdb": "SMP0000067",
    "name": "Aspartate Metabolism",
    "class": "Metabolic",
    "description": "Aspartate is synthesized by transamination of oxaloacetate by aspartate aminotransferase or amino acid oxidase. Aspartyl-tRNA synthetase can then couple aspartate to aspartyl tRNA for protein synthesis. The aspartate content in human proteins is about 7%. Asparagine synthase can convert aspartate to the polar amino acid asparagine. Aspartate is also a precursor for cellular signaling compounds such as, N-acetyl-aspartate, beta-alanine, adenylsuccinate, arginino-succinate and N-carbamoylaspartate. Aspartate is also a metabolite in the urea cycle and involved in gluconeogenesis. Additionally, aspartate carries the reducing equivalents in the mitochondrial malate-aspartate shuttle, which utilizes the ready interconversion of aspartate and oxaloacetate. The conjugate base of L-aspartic acid, aspartate, also acts as an excitatory neurotransmitter in the brain which activates NMDA receptors. (less)",
    "chem_link": [
        "P13196",
        "P08236",
        "P53004",
        "P36551",
        "Q7KZN9",
        "P13716",
        "Q9UPI3",
        "Q8N4E7",
        "P22830",
        "P09601",
        "P08397",
        "Q12887",
        "P50336",
        "O75310",
        "P06132",
        "P10746"
    ],
    "prot_link": [
        "HMDB0061344",
        "HMDB0001341",
        "HMDB0000538",
        "HMDB0001072",
        "HMDB0000657",
        "HMDB0001112",
        "HMDB0001473",
        "HMDB0001248",
        "HMDB0012943",
        "HMDB0000134",
        "HMDB0001270",
        "HMDB0000126",
        "HMDB0003178",
        "HMDB0059597",
        "HMDB0000902",
        "HMDB0001487",
        "HMDB0001377",
        "HMDB0001429",
        "HMDB0000254",
        "HMDB0001060",
        "HMDB0002111"
    ]
}