{
    "smpdb": "SMP0000453",
    "name": "Nateglinide Action Pathway",
    "class": "Drug Action",
    "description": "Glycerol Kinase Deficiency (Hyperglycerolemia; Glyceroluria; GK Deficiency; GKD) is a rare metabolic disease caused by a deficiency in the GK gene which codes for glycerol kinase. A deficiency in this enzyme results in accumulation of glycerol in urine and serum. Symptoms include cryptorchism, trabismus, myopathy, lethargy, and vomiting. Treatment includes corticosteroids and acute glucose infusion. (less)",
    "chem_link": [
        "HMDB0003948",
        "HMDB0003945",
        "HMDB0003944",
        "HMDB0003949",
        "HMDB0003946",
        "HMDB0001166",
        "HMDB0003938",
        "HMDB0003936",
        "HMDB0003932",
        "HMDB0003942",
        "HMDB0003940",
        "HMDB0003934",
        "HMDB0003939",
        "HMDB0003937",
        "HMDB0006402",
        "HMDB0003943",
        "HMDB0003941",
        "HMDB0003935",
        "HMDB0001484",
        "HMDB0001206",
        "HMDB0000045",
        "HMDB0000538",
        "HMDB0001088",
        "HMDB0001967",
        "HMDB0001423",
        "HMDB0002009",
        "HMDB0006404",
        "HMDB0001248",
        "HMDB0001339",
        "HMDB0002845",
        "HMDB0059597",
        "HMDB0000062",
        "HMDB0000222",
        "HMDB0003571",
        "HMDB0000547",
        "HMDB0000902",
        "HMDB0001487",
        "HMDB0001070",
        "HMDB0000220",
        "HMDB0001338",
        "HMDB0000250",
        "HMDB0001521",
        "HMDB0002111"
    ],
    "prot_link": [
        "P42765",
        "P24752",
        "P50416",
        "P23786",
        "P30084",
        "Q92947",
        "P28330",
        "P33121",
        "P11310",
        "P16219",
        "P45954",
        "P40939",
        "P55084",
        "P49748"
    ]
}