{
    "smpdb": "SMP0000287",
    "name": "Tranexamic Acid Action Pathway",
    "class": "Drug Action",
    "description": "The glutaminolysis pathway catabolizes glutamine to generate ATP and lactate. Glutamine not only provides a major substrate for respiration but also for the synthesis of other macromolecules, such as nucleotides, proteins and hexosamines. It also  macromolecule biosynthesis, glutaminolysis also has an important role in regulating redox balance, mTOR signaling, apoptosis and autophagy.\nHigh extracellular glutamine concentrations stimulate tumor growth and are essential for cell transformation. The transportation of glutamine in and out regulates mTOR activation to coordinate cell growth and proliferation.\nGlutaminolysis is a series of biochemical reactions by which glutamine is degraded into glutamate, aspartate, CO2, pyruvate, lactate, alanine and citrate.\nGlutamine is imported through ASCT2 and SN2, once inside the cell, it can be deaminated into glutamate. Glutamate is converted into Oxoglutaric acid which then is incorporated into the TCA cycle. Once it reaches malic acid, it is transported outside the mitochondria and transformed into pyruvic acid and lactate.\nThe oxoglutaric acid can also be transformed into citric acid which then gets turned into acetyl coa and get incorporated into the lipid synthesis\n (less)",
    "chem_link": [
        "HMDB0001206",
        "HMDB0001341",
        "HMDB0000538",
        "HMDB0001423",
        "HMDB0000638",
        "HMDB0002356",
        "HMDB0006459",
        "HMDB0000201",
        "HMDB0000062",
        "HMDB0003571",
        "HMDB0000547",
        "HMDB0002003",
        "HMDB0006526",
        "HMDB0001521"
    ],
    "prot_link": [
        "P33897",
        "Q9UBJ2",
        "P43155",
        "P23786",
        "P33121",
        "O43772",
        "Q9UKG9",
        "Q96HA9",
        "Q92968",
        "O75381"
    ]
}