{
    "smpdb": "SMP0000344",
    "name": "Acute Intermittent Porphyria",
    "class": "Disease",
    "description": "2-Methyl-3-hydroxybutyryl CoA dehydrogenase deficiency (Hydroxyl-CoA dehydrogenase deficiency; MHBD) is a rare inborn disease of metabolism caused by a mutation in the HSD17B10 gene which codes for 3-hydroxyacyl-CoA dehydrogenase type-2. A deficiency in this enzyme results in accumulation of L-lactic acid in blood, spinal fluid, and urine; 2-ethylhydracrylic acid, 2-methyl-3-hydroxybutyric acid, and tiglylglycine in urine. Symptoms include cerebal atrophy, motor and mental retardation, overactivity and behavior issues, seizures and progressive neurological defects leading to early death. Treatment includes a high carbohydrate and low protein diet. (less)",
    "chem_link": [
        "HMDB0000972",
        "HMDB0000005",
        "HMDB0001553",
        "HMDB0001173",
        "HMDB0001533",
        "HMDB0001396",
        "HMDB0000963",
        "HMDB0000050",
        "HMDB0000045",
        "HMDB0000538",
        "HMDB0000051",
        "HMDB0001967",
        "HMDB0000097",
        "HMDB0000092",
        "HMDB0001248",
        "HMDB0000123",
        "HMDB0000742",
        "HMDB0003125",
        "HMDB0000099",
        "HMDB0000574",
        "HMDB0000719",
        "HMDB0000696",
        "HMDB0000187",
        "HMDB0000547",
        "HMDB0002005",
        "HMDB0000902",
        "HMDB0001487",
        "HMDB0001377",
        "HMDB0001429",
        "HMDB0000586",
        "HMDB0001414",
        "HMDB0001491",
        "HMDB0000250",
        "HMDB0000939",
        "HMDB0000988",
        "HMDB0001185",
        "HMDB0000271",
        "HMDB0001257",
        "HMDB0001846",
        "HMDB0002111",
        "HMDB0015532",
        "HMDB0001303",
        "HMDB0000043"
    ],
    "prot_link": [
        "P23526",
        "Q93088",
        "Q8NE62",
        "P35520",
        "P32929",
        "Q14749",
        "Q96RQ9",
        "Q9NZL9",
        "Q99707",
        "P56192",
        "Q9Y3D2",
        "Q8IXL7",
        "Q96DP5",
        "P42898",
        "P17707",
        "P31153",
        "Q13126",
        "P34896",
        "P19623"
    ]
}