{
    "smpdb": "SMP0000093",
    "name": "Diclofenac Action Pathway",
    "class": "Drug Action",
    "description": "Glycogen storage disease type 1A (GSD1A), or von Gierke disease, is caused by a defect in the G6PC gene which codes for Glucose-6-phosphatase. Glucose-6-phosphatase hydrolyzes glucose-6-phosphate to glucose and is responsible for the regulation of blood glucose level. A defect in this enzyme results in accumulation of glycogen in affected tissues, like liver and kidney; decreased glucose level; and accumulation of lactate. Glycogen storage disease type 1A causes clinically significant end-organ disease with significant morbidity. Usually it presents in childhood. Symptoms include seizures, irritability, pallor, hypotonia, tremors, loss of consciousness, apnea and hepatomegaly. There is no cure for glycogen storage disease type 1A. Diet therapy can help to prevent hypoglycemia and reduce the symptoms. Liver transplantation may be indicated in cases of hepatic malignancy. (less)",
    "chem_link": [
        "Q9NQ66",
        "P50148",
        "P62873",
        "P59768",
        "P35367",
        "Q14643",
        "P19838",
        "P05771"
    ],
    "prot_link": [
        "HMDB0000464",
        "HMDB0005030",
        "HMDB0001201",
        "HMDB0001273",
        "HMDB0000870",
        "HMDB0001498",
        "HMDB0002111"
    ]
}